case_id,time_s,eta_prime_m,incident_eta_prime_m,reflected_eta_prime_m,linear_inlet_velocity_m_per_s,c0_m_per_s
reflective_control,0.0,3.286803016823809e-08,3.286803016823809e-08,4.6424020378272996e-95,7.278116732449244e-08,4.428690551393267
reflective_control,0.01,3.807484264199869e-08,3.807484264199869e-08,8.370131829801191e-95,8.431084792720252e-08,4.428690551393267
reflective_control,0.02,4.407050542170513e-08,4.407050542170513e-08,1.5078818789753134e-94,9.758731547811561e-08,4.428690551393267
reflective_control,0.03,5.0968683868988034e-08,5.0968683868988034e-08,2.7142373340717047e-94,1.1286226433376886e-07,4.428690551393267
reflective_control,0.04,5.889850632024774e-08,5.889850632024774e-08,4.881730403380893e-94,1.3042162921582887e-07,4.428690551393267
reflective_control,0.05,6.800653018011183e-08,6.800653018011183e-08,8.772941575513858e-94,1.5058993882085115e-07,4.428690551393267
reflective_control,0.06,7.845893822306154e-08,7.845893822306154e-08,1.5752959504862234e-93,1.737351791904103e-07,4.428690551393267
reflective_control,0.07,9.044398934035143e-08,9.044398934035143e-08,2.8263409436902407e-93,2.0027422051096385e-07,4.428690551393267
reflective_control,0.08,1.0417475016448153e-07,1.0417475016448153e-07,5.066784312033218e-93,2.3067886587359673e-07,4.428690551393267
reflective_control,0.09,1.1989213635244934e-07,1.1989213635244934e-07,9.07581758358655e-93,2.654825857252228e-07,4.428690551393267
reflective_control,0.1,1.378682948169785e-07,1.378682948169785e-07,1.6243685537833298e-92,3.05288007296327e-07,4.428690551393267
reflective_control,0.11,1.5841036086646757e-07,1.5841036086646757e-07,2.9048844534978406e-92,3.507752342060613e-07,4.428690551393267
reflective_control,0.12,1.8186462705333914e-07,1.8186462705333914e-07,5.190612701404952e-92,4.0271107773189166e-07,4.428690551393267
reflective_control,0.13,2.0862116353978046e-07,2.0862116353978046e-07,9.267313649302792e-92,4.619592878946476e-07,4.428690551393267
reflective_control,0.14,2.3911893297141114e-07,2.3911893297141114e-07,1.6532349293640923e-91,5.294918795548641e-07,4.428690551393267
reflective_control,0.15,2.738514462039532e-07,2.738514462039532e-07,2.946868503025108e-91,6.064016561444145e-07,4.428690551393267
reflective_control,0.16,3.13373008754642e-07,3.13373008754642e-07,5.248466328265661e-91,6.939160414666812e-07,4.428690551393267
reflective_control,0.17,3.583056115467602e-07,3.583056115467602e-07,9.340057450929289e-91,7.934123381841614e-07,4.428690551393267
reflective_control,0.18,4.0934652337793904e-07,4.0934652337793904e-07,1.6607801819233747e-90,9.064345401647808e-07,4.428690551393267
reflective_control,0.19,4.6727664656465333e-07,4.6727664656465333e-07,2.9506672325905553e-90,1.0347118347638056e-06,4.428690551393267
reflective_control,0.2,5.329697013880795e-07,5.329697013880795e-07,5.23810003076368e-90,1.1801789403581393e-06,4.428690551393267
reflective_control,0.21,6.074023092790784e-07,6.074023092790784e-07,9.291221542442704e-90,1.3449984339993525e-06,4.428690551393267
reflective_control,0.22,6.916650491187139e-07,6.916650491187139e-07,1.6467107375697802e-89,1.531585233880504e-06,4.428690551393267
reflective_control,0.23,7.869745655784601e-07,7.869745655784601e-07,2.916132768089212e-89,1.7426334113820735e-06,4.428690551393267
reflective_control,0.24,8.946868130606236e-07,8.946868130606236e-07,5.159917317366318e-89,1.9811455177288687e-06,4.428690551393267
reflective_control,0.25,1.016311523500968e-06,1.016311523500968e-06,9.122705726863782e-89,2.2504646207004165e-06,4.428690551393267
reflective_control,0.26,1.1535279910337867e-06,1.1535279910337867e-06,1.611573299016882e-88,2.554309257329494e-06,4.428690551393267
reflective_control,0.27,1.3082022712631548e-06,1.3082022712631548e-06,2.8446047733841113e-88,2.8968115190271723e-06,4.428690551393267
reflective_control,0.28,1.4824058975959858e-06,1.4824058975959858e-06,5.016944302444492e-88,3.2825584960064984e-06,4.428690551393267
reflective_control,0.29,1.6784362217319852e-06,1.6784362217319852e-06,8.84101441254637e-88,3.716637318150328e-06,4.428690551393267
reflective_control,0.3,1.8988384899262929e-06,1.8988384899262929e-06,1.5567195927078806e-87,4.204684039479216e-06,4.428690551393267
reflective_control,0.31,2.1464297709912116e-06,2.1464297709912116e-06,2.738824210135096e-87,4.752936623008996e-06,4.428690551393267
reflective_control,0.32,2.4243248561274083e-06,2.4243248561274083e-06,4.81463533539752e-87,5.3682922919196465e-06,4.428690551393267
reflective_control,0.33,2.735964254509929e-06,2.735964254509929e-06,8.45683998899033e-87,6.0583695214489226e-06,4.428690551393267
reflective_control,0.34,3.085144412032131e-06,3.085144412032131e-06,1.4842200766433147e-86,6.831574953625217e-06,4.428690551393267
reflective_control,0.35000000000000003,3.476050283657807e-06,3.476050283657807e-06,2.602759043945887e-86,7.697175523701608e-06,4.428690551393267
reflective_control,0.36,3.913290392367843e-06,3.913290392367843e-06,4.560527726651903e-86,8.665376092768757e-06,4.428690551393267
reflective_control,0.37,4.4019345096284085e-06,4.4019345096284085e-06,7.984389421480446e-86,9.747402885321643e-06,4.428690551393267
reflective_control,0.38,4.947554093559616e-06,4.947554093559616e-06,1.396734287865579e-85,1.0955593033327275e-05,4.428690551393267
reflective_control,0.39,5.556265621451442e-06,5.556265621451442e-06,2.441357345716676e-85,1.2303490529376618e-05,4.428690551393267
reflective_control,0.4,6.234776952854359e-06,6.234776952854359e-06,4.263776035455804e-85,1.3805948890575302e-05,4.428690551393267
reflective_control,0.41000000000000003,6.990436858055688e-06,6.990436858055688e-06,7.440513174547865e-85,1.547924083169123e-05,4.428690551393267
reflective_control,0.42,7.83128784423108e-06,7.83128784423108e-06,1.2973491439445527e-84,1.7341175240493563e-05,4.428690551393267
reflective_control,0.43,8.766122407810178e-06,8.766122407810178e-06,2.2602491941446265e-84,1.9411221739912863e-05,4.428690551393267
reflective_control,0.44,9.804542836502362e-06,9.804542836502362e-06,3.9346060050835295e-84,2.1710643110374274e-05,4.428690551393267
reflective_control,0.45,1.0957024677862517e-05,1.0957024677862517e-05,6.843710843719958e-84,2.426263583111629e-05,4.428690551393267
reflective_control,0.46,1.2234983983115706e-05,1.2234983983115706e-05,1.189398884546862e-83,2.7092478981236243e-05,4.428690551393267
reflective_control,0.47000000000000003,1.365084842507392e-05,1.365084842507392e-05,2.065422367569415e-83,3.022769171931326e-05,4.428690551393267
reflective_control,0.48,1.5218132377239134e-05,1.5218132377239134e-05,3.583733437721702e-83,3.369819953446545e-05,4.428690551393267
reflective_control,0.49,1.6951516027469142e-05,1.6951516027469142e-05,6.2130950220899236e-83,3.753650943132206e-05,4.428690551393267
reflective_control,0.5,1.886692858375864e-05,1.886692858375864e-05,1.0762812300901047e-82,4.177789417635172e-05,4.428690551393267
reflective_control,0.51,2.0981635611638817e-05,2.0981635611638817e-05,1.8628977194359498e-82,4.646058569302065e-05,4.428690551393267
reflective_control,0.52,2.3314330522303524e-05,2.3314330522303524e-05,3.2217937119130104e-82,5.162597764809263e-05,4.428690551393267
reflective_control,0.53,2.5885230207724716e-05,2.5885230207724716e-05,5.567393549893302e-82,5.7318837220795006e-05,4.428690551393267
reflective_control,0.54,2.871617479361845e-05,2.871617479361845e-05,9.612837221059031e-82,6.358752599032776e-05,4.428690551393267
reflective_control,0.55,3.183073145307571e-05,3.183073145307571e-05,1.6584284082086196e-81,7.048422981508643e-05,4.428690551393267
reflective_control,0.56,3.525430219290473e-05,3.525430219290473e-05,2.8588234940952877e-81,7.806519750884004e-05,4.428690551393267
reflective_control,0.5700000000000001,3.9014235491175025e-05,3.9014235491175025e-05,4.924061069099431e-81,8.639098804479934e-05,4.428690551393267
reflective_control,0.58,4.313994162806738e-05,4.313994162806738e-05,8.474322593776342e-81,9.552672593793953e-05,4.428690551393267
reflective_control,0.59,4.766301151288483e-05,4.766301151288483e-05,1.45724316874746e-80,0.00010554236436903077,4.428690551393267
reflective_control,0.6,5.2617338767968004e-05,5.2617338767968004e-05,2.5038282650856652e-80,0.00011651295552057926,4.428690551393267
reflective_control,0.61,5.803924478530332e-05,5.803924478530332e-05,4.298555330579449e-80,0.00012851892749533687,4.428690551393267
reflective_control,0.62,6.396760642384523e-05,6.396760642384523e-05,7.373708734487845e-80,0.0001416463670822633,4.428690551393267
reflective_control,0.63,7.04439859650967e-05,7.04439859650967e-05,1.2638481878387114e-79,0.00015598730752305185,4.428690551393267
reflective_control,0.64,7.751276289137055e-05,7.751276289137055e-05,2.1644587589261953e-79,0.0001716400203146997,4.428690551393267
reflective_control,0.65,8.522126699557397e-05,8.522126699557397e-05,3.703814217124789e-79,0.00018870930996053064,4.428690551393267
reflective_control,0.66,9.361991227343809e-05,9.361991227343809e-05,6.332782135479066e-79,0.0002073068104538209,4.428690551393267
reflective_control,0.67,0.0001027623309891259,0.0001027623309891259,1.0818956491945833e-78,0.00022755128214534468,4.428690551393267
reflective_control,0.68,0.00011270550724328547,0.00011270550724328547,1.846807693509792e-78,0.0002495689075091619,4.428690551393267
reflective_control,0.6900000000000001,0.00012350990930922002,0.00012350990930922002,3.1499484739212826e-78,0.000273493584180591,4.428690551393267
reflective_control,0.7000000000000001,0.00013523961993819374,0.00013523961993819374,5.368224852702733e-78,0.0002994672134971475,4.428690551393267
reflective_control,0.71,0.00014796246376944216,0.00014796246376944216,9.141204416875405e-78,0.0003276399826282985,4.428690551393267
reflective_control,0.72,0.00016175013091451445,0.00016175013091451445,1.5553266629264444e-77,0.000358170638233867,4.428690551393267
reflective_control,0.73,0.0001766782957197528,0.0001766782957197528,2.644145122025173e-77,0.0003912267494451673,4.428690551393267
reflective_control,0.74,0.00019282672964536897,0.00019282672964536897,4.491531311079611e-77,0.0004269849578182547,4.428690551393267
reflective_control,0.75,0.00021027940713538702,0.00021027940713538702,7.623405999404519e-77,0.00046563121176653317,4.428690551393267
reflective_control,0.76,0.00022912460329021437,0.00022912460329021437,1.2928529821043048e-76,0.0005073609828415515,4.428690551393267
reflective_control,0.77,0.00024945498209342094,0.00024945498209342094,2.190759518626665e-76,0.0005523794610975549,4.428690551393267
reflective_control,0.78,0.00027136767388716515,0.00027136767388716515,3.709246939697993e-76,0.0006009017266488288,4.428690551393267
reflective_control,0.79,0.00029496434073726245,0.00029496434073726245,6.275123255984288e-76,0.0006531528944105291,4.428690551393267
reflective_control,0.8,0.0003203512282799412,0.0003203512282799412,1.060728525331872e-75,0.0007093682289053015,4.428690551393267
reflective_control,0.81,0.00034763920259860755,0.00034763920259860755,1.7915614525227401e-75,0.0007697932259211714,4.428690551393267
reflective_control,0.8200000000000001,0.00037694377064126643,0.00037694377064126643,3.0234629065251446e-75,0.0008346836577227636,4.428690551393267
reflective_control,0.8300000000000001,0.0004083850826584378,0.0004083850826584378,5.098272610607313e-75,0.0009043055784496908,4.428690551393267
reflective_control,0.84,0.0004420879151182566,0.0004420879151182566,8.589876840177081e-75,0.0009789352862846856,4.428690551393267
reflective_control,0.85,0.0004781816325408528,0.0004781816325408528,1.4460932335783399e-74,0.0010588592389417408,4.428690551393267
reflective_control,0.86,0.0005168001266888372,0.0005168001266888372,2.432490343390875e-74,0.0011443739190128484,4.428690551393267
reflective_control,0.87,0.0005580817315556453,0.0005580817315556453,4.088381642855052e-74,0.0012357856457228399,4.428690551393267
reflective_control,0.88,0.000602169112609386,0.000602169112609386,6.8658958024171405e-74,0.0013334103296770278,4.428690551393267
reflective_control,0.89,0.0006492091287775305,0.0006492091287775305,1.1520954481657481e-73,0.0014375731672476519,4.428690551393267
reflective_control,0.9,0.0006993526656979196,0.0006993526656979196,1.9316355392723308e-73,0.0015486082713340352,4.428690551393267
reflective_control,0.91,0.0007527544388149772,0.0007527544388149772,3.235991614152072e-73,0.0016668582353496152,4.428690551393267
reflective_control,0.92,0.0008095727649672209,0.0008095727649672209,5.416703473983319e-73,0.0017926736274378266,4.428690551393267
reflective_control,0.93,0.000869969301193828,0.000869969301193828,9.059583034044364e-73,0.0019264124120996545,4.428690551393267
reflective_control,0.9400000000000001,0.0009341087495845521,0.0009341087495845521,1.5140033348996718e-72,0.0020684392966294424,4.428690551393267
reflective_control,0.9500000000000001,0.0010021585271091935,0.0010021585271091935,2.52808066814094e-72,0.002219125000003339,4.428690551393267
reflective_control,0.96,0.0010742883994903682,0.0010742883994903682,4.217940969397051e-72,0.0023788454421471944,4.428690551393267
reflective_control,0.97,0.0011506700783266543,0.0011506700783266543,7.031622402342969e-72,0.002547980851828102,4.428690551393267
reflective_control,0.98,0.0012314767808325254,0.0012314767808325254,1.1712674080143474e-71,0.002726914791766601,4.428690551393267
reflective_control,0.99,0.0013168827517366422,0.0013168827517366422,1.949404885403361e-71,0.002916033099954416,4.428690551393267
reflective_control,1.0,0.0014070627470709435,0.0014070627470709435,3.2418544730575246e-71,0.0031157227465852706,4.428690551393267
reflective_control,1.01,0.001502191479789215,0.001502191479789215,5.386795078809853e-71,0.003326370606462983,4.428690551393267
reflective_control,1.02,0.001602443027374984,0.001602443027374984,8.943610307877371e-71,0.003548362147240807,4.428690551393267
reflective_control,1.03,0.0017079902018339054,0.0017079902018339054,1.483681750516525e-70,0.0037820800343670476,4.428690551393267
reflective_control,1.04,0.0018190038827146824,0.0018190038827146824,2.459314756966019e-70,0.00402790265416309,4.428690551393267
reflective_control,1.05,0.001935652314063864,0.001935652314063864,4.073173884196647e-70,0.0042862025570385735,4.428690551393267
reflective_control,1.06,0.00205810036649243,0.00205810036649243,6.740579872780217e-70,0.0045573448234520215,4.428690551393267
reflective_control,1.07,0.0021865087658147955,0.0021865087658147955,1.1145692109005974e-69,0.004841685355851269,4.428690551393267
reflective_control,1.08,0.0023210332900119456,0.0023210332900119456,1.841460037010225e-69,0.005139569100472565,4.428690551393267
reflective_control,1.09,0.002461823936568548,0.002461823936568548,3.0399261180043183e-69,0.005451328203537453,4.428690551393267
reflective_control,1.1,0.002609024062536865,0.002609024062536865,5.014287521333387e-69,0.005777280107057345,4.428690551393267
reflective_control,1.11,0.002762769499986551,0.002762769499986551,8.264201754882057e-69,0.006117725590133969,4.428690551393267
reflective_control,1.12,0.0029231876498065253,0.0029231876498065253,1.360937130688819e-68,0.006472946762323824,4.428690551393267
reflective_control,1.1300000000000001,0.0030903965571308575,0.0030903965571308575,2.2393433588088e-68,0.006843205016311855,4.428690551393267
reflective_control,1.1400000000000001,0.0032645039719627978,0.0032645039719627978,3.681703318349571e-68,0.007228738947808716,4.428690551393267
reflective_control,1.1500000000000001,0.003445606398866977,0.003445606398866977,6.0481473418006035e-68,0.007629762251241181,4.428690551393267
reflective_control,1.16,0.0036337881398868415,0.0036337881398868415,9.927534621276163e-68,0.008046461600440884,4.428690551393267
reflective_control,1.17,0.0038291203351201726,0.0038291203351201726,1.6281931819657895e-67,0.008478994524147264,4.428690551393267
reflective_control,1.18,0.004031660005646804,0.004031660005646804,2.668184931745134e-67,0.008927487286719061,4.428690551393267
reflective_control,1.19,0.004241449103747298,0.004241449103747298,4.368892880489349e-67,0.009392032784990548,4.428690551393267
reflective_control,1.2,0.004458513575575967,0.004458513575575967,7.14779913646355e-67,0.009872688472705947,4.428690551393267
reflective_control,1.21,0.004682862441653861,0.004682862441653861,1.1684732023649515e-66,0.010369474324413428,4.428690551393267
reflective_control,1.22,0.0049144869007244005,0.0049144869007244005,1.9085812270332794e-66,0.010882370851092065,4.428690551393267
reflective_control,1.23,0.005153359462663415,0.005153359462663415,3.114928000064009e-66,0.011411317180115274,4.428690551393267
reflective_control,1.24,0.005399433116253991,0.005399433116253991,5.079615636193028e-66,0.011956209212416975,4.428690551393267
reflective_control,1.25,0.005652640537722424,0.005652640537722424,8.276737165225719e-66,0.012516897869916927,4.428690551393267
reflective_control,1.26,0.005912893345982109,0.005912893345982109,1.3475129592934055e-65,0.013093187446373541,4.428690551393267
reflective_control,1.27,0.00618008141054562,0.00618008141054562,2.1920588579552924e-65,0.01368483407486228,4.428690551393267
reflective_control,1.28,0.006454072218039451,0.006454072218039451,3.563009213107031e-65,0.01429154432502055,4.428690551393267
reflective_control,1.29,0.006734710303189221,0.006734710303189221,5.786649177699803e-65,0.014912973943052492,4.428690551393267
reflective_control,1.3,0.007021816750034391,0.007021816750034391,9.39037283173367e-65,0.01554872674724614,4.428690551393267
reflective_control,1.31,0.007315188768979286,0.007315188768979286,1.5225935709211923e-64,0.016198353691418352,4.428690551393267
reflective_control,1.32,0.007614599355091103,0.007614599355091103,2.4667811527317553e-64,0.016861352108268616,4.428690551393267
reflective_control,1.33,0.007919797032814509,0.007919797032814509,3.993215290039533e-64,0.017537165144089022,4.428690551393267
reflective_control,1.34,0.008230505691987126,0.008230505691987126,6.458925913553604e-64,0.018225181395645943,4.428690551393267
reflective_control,1.35,0.008546424519709977,0.008546424519709977,1.0438626405198713e-63,0.018924734759317656,4.428690551393267
reflective_control,1.36,0.0088672280322533,0.0088672280322533,1.6856673698542093e-63,0.01963510450174485,4.428690551393267
reflective_control,1.37,0.009192566210761506,0.009192566210761506,2.71985580006768e-63,0.020355515560328243,4.428690551393267
reflective_control,1.3800000000000001,0.009522064744063053,0.009522064744063053,4.384957139034921e-63,0.021085139080893493,4.428690551393267
reflective_control,1.3900000000000001,0.009855325381393562,0.009855325381393562,7.063668343082508e-63,0.021823093198741955,4.428690551393267
reflective_control,1.4000000000000001,0.01019192639730568,0.01019192639730568,1.136948311086142e-62,0.02256844406812164,4.428690551393267
reflective_control,1.41,0.010531423170469548,0.010531423170469548,1.8285069517033708e-62,0.023320207143891304,4.428690551393267
reflective_control,1.42,0.010873348877466686,0.010873348877466686,2.938312513145612e-62,0.024077348717819646,4.428690551393267
reflective_control,1.43,0.011217215302050188,0.011217215302050188,4.717857588890562e-62,0.024838787710566818,4.428690551393267
reflective_control,1.44,0.011562513759690248,0.011562513759690248,7.568976274918218e-62,0.02560339771894742,4.428690551393267
reflective_control,1.45,0.011908716136548965,0.011908716136548965,1.2133188210202351e-61,0.026370009316579464,4.428690551393267
reflective_control,1.46,0.012255276041337384,0.012255276041337384,1.9433821026269737e-61,0.027137412604493573,4.428690551393267
reflective_control,1.47,0.012601630067805182,0.012601630067805182,3.1101901176493136e-61,0.02790436000672105,4.428690551393267
reflective_control,1.48,0.012947199164903993,0.012947199164903993,4.9734888573214336e-61,0.028669569304308553,4.428690551393267
reflective_control,1.49,0.013291390110954385,0.013291390110954385,7.946590529514143e-61,0.029431726899632794,4.428690551393267
reflective_control,1.5,0.013633597087439138,0.013633597087439138,1.2686621857474066e-60,0.030189491301322237,4.428690551393267
reflective_control,1.51,0.01397320334734707,0.01397320334734707,2.0237489160904106e-60,0.030941496818546365,4.428690551393267
reflective_control,1.52,0.014309582972307649,0.014309582972307649,3.225616536519323e-60,0.03168635745191843,4.428690551393267
reflective_control,1.53,0.014642102712092542,0.014642102712092542,5.13705621835584e-60,0.032422670966786984,4.428690551393267
reflective_control,1.54,0.014970123899421569,0.014970123899421569,8.174503310814172e-60,0.03314902313327741,4.428690551393267
reflective_control,1.55,0.015293004432402418,0.015293004432402418,1.2997322749866527e-59,0.03386399211609797,4.428690551393267
reflective_control,1.56,0.015610100816361607,0.015610100816361607,2.064866159464405e-59,0.03456615299585848,4.428690551393267
reflective_control,1.57,0.015920770256293203,0.015920770256293203,3.2777466636429964e-59,0.03525408240247433,4.428690551393267
reflective_control,1.58,0.016224372790666915,0.016224372790666915,5.198814662110222e-59,0.03592636324015429,4.428690551393267
reflective_control,1.59,0.016520273456902906,0.016520273456902906,8.2390807643205e-59,0.03658158948250944,4.428690551393267
reflective_control,1.6,0.016807844478441195,0.016807844478441195,1.3046639400483752e-58,0.037218371015480006,4.428690551393267
reflective_control,1.61,0.01708646746301283,0.01708646746301283,2.064258263192771e-58,0.0378353385050667,4.428690551393267
reflective_control,1.62,0.01735553560146182,0.01735553560146182,3.263434334419381e-58,0.03843114826628171,4.428690551393267
reflective_control,1.6300000000000001,0.01761445585627383,0.01761445585627383,5.155030023050909e-58,0.03900448710930685,4.428690551393267
reflective_control,1.6400000000000001,0.017862651128842697,0.017862651128842697,8.136413157207222e-58,0.03955407713856996,4.428690551393267
reflective_control,1.6500000000000001,0.01809956239445106,0.01809956239445106,1.2831583717146305e-57,0.04007868048032915,4.428690551393267
reflective_control,1.6600000000000001,0.018324650793958147,0.018324650793958147,2.0219620681561805e-57,0.04057710391439178,4.428690551393267
reflective_control,1.67,0.018537399671277016,0.018537399671277016,3.1835466643947753e-57,0.041048203385792584,4.428690551393267
reflective_control,1.68,0.018737316545886038,0.018737316545886038,5.0083527557131887e-57,0.04149088837261511,4.428690551393267
reflective_control,1.69,0.018923935009854325,0.018923935009854325,7.872706737876023e-57,0.041904126086661046,4.428690551393267
reflective_control,1.7,0.01909681653916804,0.01909681653916804,1.236513071809319e-56,0.04228694548435208,4.428690551393267
reflective_control,1.71,0.019255552209522055,0.019255552209522055,1.9405231295622793e-56,0.04263844106608503,4.428690551393267
reflective_control,1.72,0.019399764307187668,0.019399764307187668,3.0428770813718556e-56,0.042957776443249183,4.428690551393267
reflective_control,1.73,0.019529107826079316,0.019529107826079316,4.7675523295239e-56,0.04324418765324888,4.428690551393267
reflective_control,1.74,0.019643271842718243,0.019643271842718243,7.463662658651341e-56,0.04349698620414784,4.428690551393267
reflective_control,1.75,0.019741980761425307,0.019741980761425307,1.1674922579294247e-55,0.043715561831955956,4.428690551393267
reflective_control,1.76,0.01982499542276426,0.01982499542276426,1.824742093022422e-55,0.04389938495510542,4.428690551393267
reflective_control,1.77,0.01989211406899628,0.01989211406899628,2.849669180617251e-55,0.04404800881230045,4.428690551393267
reflective_control,1.78,0.01994317316109109,0.01994317316109109,4.446649256343131e-55,0.044161071271661946,4.428690551393267
reflective_control,1.79,0.01997804804266413,0.01997804804266413,6.932929393547147e-55,0.04423829630091369,4.428690551393267
reflective_control,1.8,0.019996653447067254,0.019996653447067254,1.0800557018794768e-54,0.04427949509025617,4.428690551393267
reflective_control,1.81,0.019998943844745775,0.019998943844745775,1.6812062839333074e-54,0.044284566821535074,4.428690551393267
reflective_control,1.82,0.019984913628881367,0.019984913628881367,2.614817176441025e-54,0.04425349907931871,4.428690551393267
reflective_control,1.83,0.019954597138261334,0.019954597138261334,4.0635642187678396e-54,0.04418636790153854,4.428690551393267
reflective_control,1.84,0.019908068517243773,0.019908068517243773,6.309840769385468e-54,0.04408333746940363,4.428690551393267
reflective_control,1.85,0.01984544141361781,0.01984544141361781,9.789829902305176e-54,0.04394465943835891,4.428690551393267
reflective_control,1.86,0.019766868516082222,0.019766868516082222,1.517670058216891e-53,0.043770671913903186,4.428690551393267
reflective_control,1.87,0.019672540933977033,0.019672540933977033,2.3508507631204184e-53,0.04356179807810068,4.428690551393267
reflective_control,1.8800000000000001,0.01956268742279466,0.01956268742279466,3.638465220722273e-53,0.0433185444745953,4.428690551393267
reflective_control,1.8900000000000001,0.019437573459863567,0.019437573459863567,5.626740284300529e-53,0.043041498961855156,4.428690551393267
reflective_control,1.9000000000000001,0.019297500175431533,0.019297500175431533,8.694427399397013e-53,0.042731328346221766,4.428690551393267
reflective_control,1.9100000000000001,0.019142803145172013,0.019142803145172013,1.3423648603027174e-52,0.0423887757081023,4.428690551393267
reflective_control,1.92,0.018973851050889525,0.018973851050889525,2.0708356760972086e-52,0.04201465743630882,4.428690551393267
reflective_control,1.93,0.018791044216903932,0.018791044216903932,3.1920242031179595e-52,0.04160985998710776,4.428690551393267
reflective_control,1.94,0.018594813030243476,0.018594813030243476,4.9162299349343234e-52,0.04117533638598184,4.428690551393267
reflective_control,1.95,0.01838561625336843,0.01838561625336843,7.565605156107009e-52,0.04071210249141762,4.428690551393267
reflective_control,1.96,0.018163939238677526,0.018163939238677526,1.1633238475839178e-51,0.040221233041206284,4.428690551393267
reflective_control,1.97,0.017930292054514185,0.017930292054514185,1.7873230816230685e-51,0.039703857502774366,4.428690551393267
reflective_control,1.98,0.017685207532786892,0.017685207532786892,2.743790642916012e-51,0.03916115574994117,4.428690551393267
reflective_control,1.99,0.017429239248644826,0.017429239248644826,4.2086649331140857e-51,0.03859435358922301,4.428690551393267
reflective_control,2.0,0.017162959442905527,0.017162959442905527,6.450348894936611e-51,0.03800471815937077,4.428690551393267
reflective_control,2.0100000000000002,0.01688695689811395,0.01688695689811395,9.877966169294667e-51,0.0373935532282313,4.428690551393267
reflective_control,2.02,0.016601834779222276,0.016601834779222276,1.5114623613565144e-50,0.03676219441126691,4.428690551393267
reflective_control,2.0300000000000002,0.016308208449916616,0.016308208449916616,2.3108545611730057e-50,0.03611200433614877,4.428690551393267
reflective_control,2.04,0.01600670327558235,0.01600670327558235,3.5301516561639794e-50,0.0354443677777636,4.428690551393267
reflective_control,2.05,0.015697952423793685,0.015697952423793685,5.388397019243356e-50,0.03476068678773806,4.428690551393267
reflective_control,2.06,0.01538259467303978,0.01538259467303978,8.218097418584978e-50,0.034062375842201835,4.428690551393267
reflective_control,2.07,0.015061272240158876,0.015061272240158876,1.2523578921550425e-49,0.033350857030976656,4.428690551393267
reflective_control,2.08,0.014734628636648572,0.014734628636648572,1.9069139800800637e-49,0.03262755531070709,4.428690551393267
reflective_control,2.09,0.014403306563657417,0.014403306563657417,2.9012103778081348e-49,0.03189389384364511,4.428690551393267
reflective_control,2.1,0.014067945855042958,0.014067945855042958,4.410347561458745e-49,0.03115128944287041,4.428690551393267
reflective_control,2.11,0.013729181477411057,0.013729181477411057,6.6990293907140954e-49,0.0304011481436869,4.428690551393267
reflective_control,2.12,0.013387641595531897,0.013387641595531897,1.0167084298923059e-48,0.029644860919785795,4.428690551393267
reflective_control,2.13,0.013043945710968155,0.013043945710968155,1.541794313783519e-48,0.0288837995615257,4.428690551393267
reflective_control,2.14,0.012698702881151287,0.012698702881151287,2.3361564770856626e-48,0.02811931273235258,4.428690551393267
reflective_control,2.15,0.012352510025512374,0.012352510025512374,3.53690090101581e-48,0.027352722217988623,4.428690551393267
reflective_control,2.16,0.012005950324615287,0.012005950324615287,5.350437909173905e-48,0.02658531938156032,4.428690551393267
reflective_control,2.17,0.01165959171756213,0.01165959171756213,8.087256902293798e-48,0.025818361836335298,4.428690551393267
reflective_control,2.18,0.011313985502244866,0.011313985502244866,1.221401991837208e-47,0.02505307034619612,4.428690551393267
reflective_control,2.19,0.010969665042312733,0.010969665042312733,1.843153403005499e-47,0.02429062596241971,4.428690551393267
reflective_control,2.2,0.010627144584013513,0.010627144584013513,2.779136095259224e-47,0.023532167403755386,4.428690551393267
reflective_control,2.21,0.01028691818535731,0.01028691818535731,4.187006365639563e-47,0.022778788685223744,4.428690551393267
reflective_control,2.22,0.009949458759345662,0.009949458759345662,6.302936058734623e-47,0.022031536999495553,4.428690551393267
reflective_control,2.23,0.009615217232314817,0.009615217232314817,9.480421695311504e-47,0.021291410853173175,4.428690551393267
reflective_control,2.24,0.009284621817761327,0.009284621817761327,1.4248130475087066e-46,0.020559358458789683,4.428690551393267
reflective_control,2.25,0.008958077405358717,0.008958077405358717,2.139604907497492e-46,0.01983627638188083,4.428690551393267
reflective_control,2.2600000000000002,0.008635965064235893,0.008635965064235893,3.2103675807873277e-46,0.019123008441071922,4.428690551393267
reflective_control,2.27,0.00831864165897958,0.00831864165897958,4.8130614975070704e-46,0.018420344857774638,4.428690551393267
reflective_control,2.2800000000000002,0.008006439576243252,0.008006439576243252,7.209971273016321e-46,0.0177290216508048,4.428690551393267
reflective_control,2.29,0.007699666559301087,0.007699666559301087,1.079173150784523e-45,0.017049720270027713,4.428690551393267
reflective_control,2.3000000000000003,0.007398605647376454,0.007398605647376454,1.6139653368634097e-45,0.01638306746201048,4.428690551393267
reflective_control,2.31,0.007103515216105935,0.007103515216105935,2.411808094367897e-45,0.015729635359623326,4.428690551393267
reflective_control,2.32,0.0068146291150707914,0.0068146291150707914,3.601113150217526e-45,0.015089941786581736,4.428690551393267
reflective_control,2.33,0.006532156897942518,0.006532156897942518,5.3724979757630464e-45,0.01446445076706819,4.428690551393267
reflective_control,2.34,0.0062562841404463,0.0062562841404463,8.008685281164314e-45,0.013853573229813038,4.428690551393267
reflective_control,2.35,0.0059871728410481875,0.0059871728410481875,1.1928660222278295e-44,0.013257667895354245,4.428690551393267
reflective_control,2.36,0.005724961899018729,0.005724961899018729,1.7752829535399456e-44,0.012677042334635348,4.428690551393267
reflective_control,2.37,0.005469767664316492,0.005469767664316492,2.6399090907455693e-44,0.012111954186637432,4.428690551393267
reflective_control,2.38,0.005221684553571049,0.005221684553571049,3.9224357094172963e-44,0.011562612522378137,4.428690551393267
reflective_control,2.39,0.004980785726323531,0.004980785726323531,5.823286673010794e-44,0.011029179342341737,4.428690551393267
reflective_control,2.4,0.004747123815605086,0.004747123815605086,8.638254213522371e-44,0.010511771194232097,4.428690551393267
reflective_control,2.41,0.004520731706895898,0.004520731706895898,1.2803516480448747e-43,0.01001046089785691,4.428690551393267
reflective_control,2.42,0.004301623359510653,0.004301623359510653,1.896173282077039e-43,0.009525279363958696,4.428690551393267
reflective_control,2.43,0.004089794664495977,0.004089794664495977,2.805900424871945e-43,0.009056217493895964,4.428690551393267
reflective_control,2.44,0.003885224333202266,0.003885224333202266,4.148699324800162e-43,0.008603228147248041,4.428690551393267
reflective_control,2.45,0.00368787481080136,0.00368787481080136,6.129106113718184e-43,0.008166228164658607,4.428690551393267
reflective_control,2.46,0.003497693209162901,0.003497693209162901,9.047483380465181e-43,0.007745100433546067,4.428690551393267
reflective_control,2.47,0.0033146122536711793,0.0033146122536711793,1.3344549639806556e-42,0.0073396959846829465,4.428690551393267
reflective_control,2.48,0.0031385512387601205,0.0031385512387601205,1.9666429651347563e-42,0.006949836108080289,4.428690551393267
reflective_control,2.49,0.0029694169871623604,0.0029694169871623604,2.8959602620195315e-42,0.006575314477096303,4.428690551393267
reflective_control,2.5,0.002807104808107968,0.002807104808107968,4.2609373378070715e-42,0.006215899270219183,4.428690551393267
reflective_control,2.5100000000000002,0.00265149944996493,0.00265149944996493,6.264164738372495e-42,0.005871335280542065,4.428690551393267
reflective_control,2.52,0.002502476043085867,0.002502476043085867,9.201670284014526e-42,0.005541346003551194,4.428690551393267
reflective_control,2.5300000000000002,0.002359901028909177,0.002359901028909177,1.350565459005919e-41,0.0052256356944766595,4.428690551393267
reflective_control,2.54,0.002223633071656974,0.002223633071656974,1.9806606938912015e-41,0.0049238913871064134,4.428690551393267
reflective_control,2.5500000000000003,0.0020935239492723473,0.0020935239492723473,2.9023514575160237e-41,0.004635784866628981,4.428690551393267
reflective_control,2.56,0.0019694194205439434,0.0019694194205439434,4.2494761322750383e-41,0.004360974589746682,4.428690551393267
reflective_control,2.57,0.0018511600656724437,0.0018511600656724437,6.216790907273296e-41,0.004099107545980045,4.428690551393267
reflective_control,2.58,0.0017385820978405107,0.0017385820978405107,9.087461858729424e-41,0.003849821054763877,4.428690551393267
reflective_control,2.59,0.0016315181436517355,0.0016315181436517355,1.3272856997380203e-40,0.0036127444936085613,4.428690551393267
reflective_control,2.6,0.0015297979906037677,0.0015297979906037677,1.9370092890766388e-40,0.003387500953263656,4.428690551393267
reflective_control,2.61,0.0014332493000542474,0.0014332493000542474,2.8245187718841906e-40,0.0031737088164706293,4.428690551393267
reflective_control,2.62,0.0013416982844231002,0.0013416982844231002,4.115311381615443e-40,0.0029709832575225696,4.428690551393267
reflective_control,2.63,0.0012549703476505782,0.0012549703476505782,5.991097826859074e-40,0.0027789376604594193,4.428690551393267
reflective_control,2.64,0.0011728906881947907,0.0011728906881947907,8.714763279532185e-40,0.0025971849543127076,4.428690551393267
reflective_control,2.65,0.0010952848641051526,0.0010952848641051526,1.266631406759827e-39,0.002425338864373274,4.428690551393267
reflective_control,2.66,0.001021979319947148,0.001021979319947148,1.8394601504814412e-39,0.0022630150789846254,4.428690551393267
reflective_control,2.67,0.000952801875579295,0.000952801875579295,2.669168489485473e-39,0.0021098323318639034,4.428690551393267
reflective_control,2.68,0.0008875821769933805,0.0008875821769933805,3.869965277868569e-39,0.0019654134004178253,4.428690551393267
reflective_control,2.69,0.0008261521096245461,0.0008261521096245461,5.606394080478627e-39,0.0018293860209539208,4.428690551393267
reflective_control,2.7,0.0007683461747171483,0.0007683461747171483,8.115319985348464e-39,0.0017013837220844973,4.428690551393267
reflective_control,2.71,0.0007140018294963072,0.0007140018294963072,1.173743363085452e-38,0.0015810465779839008,4.428690551393267
reflective_control,2.72,0.0006629597920426972,0.0006629597920426972,1.69623540706534e-38,0.0014680218834865692,4.428690551393267
reflective_control,2.73,0.0006150643119002634,0.0006150643119002634,2.4493146103588327e-38,0.0013619647533059489,4.428690551393267
reflective_control,2.74,0.0005701634075626426,0.0005701634075626426,3.5338531285586807e-38,0.0012625386479114319,4.428690551393267
reflective_control,2.75,0.0005281090720850488,0.0005281090720850488,5.094456897984345e-38,0.0011694158288240606,4.428690551393267
reflective_control,2.7600000000000002,0.0004887574481540153,0.0004887574481540153,7.33825438236926e-38,0.001082277746281386,4.428690551393267
reflective_control,2.77,0.0004519689740187559,0.0004519689740187559,1.0561682477689278e-37,0.0010008153623798865,4.428690551393267
reflective_control,2.7800000000000002,0.0004176085017449544,0.0004176085017449544,1.5188641274818888e-37,0.000924729412929689,4.428690551393267
reflective_control,2.79,0.0003855453892957541,0.0003855453892957541,2.1824797214105983e-37,0.0008537306113536725,4.428690551393267
reflective_control,2.8000000000000003,0.00035565356797568845,0.00035565356797568845,3.1334804041342517e-37,0.0007875397980316171,4.428690551393267
reflective_control,2.81,0.00032781158679253374,0.00032781158679253374,4.495202110078585e-37,0.000725888038532664,4.428690551393267
reflective_control,2.82,0.0003019026352998962,0.0003019026352998962,6.44342735750333e-37,0.0006685166741966888,4.428690551393267
reflective_control,2.83,0.0002778145464809286,0.0002778145464809286,9.228478915849365e-37,0.0006151773285198469,4.428690551393267
reflective_control,2.84,0.00025543978122146257,0.00025543978122146257,1.3206531934490036e-36,0.0005656318727727272,4.428690551393267
reflective_control,2.85,0.00023467539590001652,0.00023467539590001652,1.888395345364053e-36,0.0005196523542334386,4.428690551393267
reflective_control,2.86,0.00021542299459343447,0.00021542299459343447,2.6980036358762577e-36,0.000477020890354393,4.428690551393267
reflective_control,2.87,0.00019758866736101273,0.00019758866736101273,3.851568390290633e-36,0.0004375295321020521,4.428690551393267
reflective_control,2.88,0.00018108291602793796,0.00018108291602793796,5.493867372519891e-36,0.00040098009961583457,4.428690551393267
reflective_control,2.89,0.00016582056884122717,0.00016582056884122717,7.830043988582845e-36,0.00036718399322689974,4.428690551393267
reflective_control,2.9,0.0001517206853191658,0.0001517206853191658,1.1150535039860992e-35,0.00033596198276195034,4.428690551393267
reflective_control,2.91,0.00013870645255900662,0.00013870645255900662,1.5866191272661696e-35,0.0003071439779326755,4.428690551393267
reflective_control,2.92,0.00012670507420833882,0.00012670507420833882,2.255771670681323e-35,0.0002805687824800264,4.428690551393267
reflective_control,2.93,0.00011564765324358074,0.00011564765324358074,3.204520578104856e-35,0.00025608383460532544,4.428690551393267
reflective_control,2.94,0.00010546906963529738,0.00010546906963529738,4.5485865752343193e-35,0.00023354493607904,4.428690551393267
reflective_control,2.95,9.610785391494188e-05,9.610785391494188e-05,6.451123254924613e-35,0.00021281597227389373,4.428690551393267
reflective_control,2.96,8.75060575918996e-05,8.75060575918996e-05,9.141967811569129e-35,0.0001937686252234604,4.428690551393267
reflective_control,2.97,7.960912130373355e-05,7.960912130373355e-05,1.294462608256592e-34,0.0001762820816612826,4.428690551393267
reflective_control,2.98,7.236574151692252e-05,7.236574151692252e-05,1.8314067308130387e-34,0.0001602427378502811,4.428690551393267
reflective_control,2.99,6.572773653044246e-05,6.572773653044246e-05,2.5889614030082002e-34,0.00014554390286841828,4.428690551393267
reflective_control,3.0,5.964991247077902e-05,5.964991247077902e-05,3.6568893502407156e-34,0.00013208550187538722,4.428690551393267
reflective_control,3.0100000000000002,5.408992990461718e-05,5.408992990461718e-05,5.1611150151060535e-34,0.0001197737807470511,4.428690551393267
reflective_control,3.02,4.9008171634920864e-05,4.9008171634920864e-05,7.27814542493668e-34,0.00010852101333031676,4.428690551393267
reflective_control,3.0300000000000002,4.436761218758453e-05,4.436761218758453e-05,1.025518252484786e-33,9.824521244151817e-05,4.428690551393267
reflective_control,3.04,4.0133689439590755e-05,4.0133689439590755e-05,1.4438149481599352e-33,8.886984560683365e-05,4.428690551393267
reflective_control,3.0500000000000003,3.6274178785772135e-05,3.6274178785772135e-05,2.0310711957360087e-33,8.032355642404956e-05,4.428690551393267
reflective_control,3.06,3.275907019005283e-05,3.275907019005283e-05,2.8548561783163044e-33,7.253989231155789e-05,4.428690551393267
reflective_control,3.0700000000000003,2.956044841850027e-05,2.956044841850027e-05,4.0094868674425167e-33,6.54570393029801e-05,4.428690551393267
reflective_control,3.08,2.665237670577823e-05,2.665237670577823e-05,5.626506569457671e-33,5.901756444452702e-05,4.428690551393267
reflective_control,3.09,2.4010784063668143e-05,2.4010784063668143e-05,7.889224942707206e-33,5.316816625715556e-05,4.428690551393267
reflective_control,3.1,2.1613356400282985e-05,2.1613356400282985e-05,1.1052876612506316e-32,4.785943363691422e-05,4.428690551393267
reflective_control,3.11,1.9439431581404523e-05,1.9439431581404523e-05,1.547254585568886e-32,4.304561348451104e-05,4.428690551393267
reflective_control,3.12,1.746989853102896e-05,1.746989853102896e-05,2.164181643214569e-32,3.8684387279083536e-05,4.428690551393267
reflective_control,3.13,1.5687100436664625e-05,1.5687100436664625e-05,3.024622046429644e-32,3.473665674130691e-05,4.428690551393267
reflective_control,3.14,1.4074742096117268e-05,1.4074742096117268e-05,4.2237090256758044e-32,3.11663386671858e-05,4.428690551393267
reflective_control,3.15,1.2617801416368753e-05,1.2617801416368753e-05,5.893351489005925e-32,2.7940168956014435e-05,4.428690551393267
reflective_control,3.16,1.1302445051597236e-05,1.1302445051597236e-05,8.216297763747876e-32,2.502751580382513e-05,4.428690551393267
reflective_control,3.17,1.0115948146318805e-05,1.0115948146318805e-05,1.1445518454517068e-31,2.240020198699316e-05,4.428690551393267
reflective_control,3.18,9.046618130931524e-06,9.046618130931524e-06,1.5930897516747579e-31,2.0032336119259728e-05,4.428690551393267
reflective_control,3.19,8.083722500509313e-06,8.083722500509313e-06,2.2155955876755853e-31,1.790015272904537e-05,4.428690551393267
reflective_control,3.2,7.217420493394058e-06,7.217420493394058e-06,3.0788335700300712e-31,1.5981860972263195e-05,4.428690551393267
reflective_control,3.21,6.438698573855478e-06,6.438698573855478e-06,4.2749142607790355e-31,1.4257501768651528e-05,4.428690551393267
reflective_control,3.22,5.739309612693143e-06,5.739309612693143e-06,5.930810915881569e-31,1.2708813126627336e-05,4.428690551393267
reflective_control,3.23,5.111715651025235e-06,5.111715651025235e-06,8.221408383979972e-31,1.1319103402552269e-05,4.428690551393267
reflective_control,3.24,4.5490341255058515e-06,4.5490341255058515e-06,1.1387380664940517e-30,1.0073132224796648e-05,4.428690551393267
reflective_control,3.25,4.044987427720284e-06,4.044987427720284e-06,1.5759663125767059e-30,8.956998800824688e-06,4.428690551393267
reflective_control,3.2600000000000002,3.593855666392265e-06,3.593855666392265e-06,2.179292352780671e-30,7.958037316411289e-06,4.428690551393267
reflective_control,3.27,3.1904324981831517e-06,3.1904324981831517e-06,3.0111301942603316e-30,7.06471912978087e-06,4.428690551393267
reflective_control,3.2800000000000002,2.8299838911472708e-06,2.8299838911472708e-06,4.157086358931101e-30,6.266561459659534e-06,4.428690551393267
reflective_control,3.29,2.508209684221011e-06,2.508209684221011e-06,5.734479879565169e-30,5.5540422647113405e-06,4.428690551393267
reflective_control,3.3000000000000003,2.2212078063510263e-06,2.2212078063510263e-06,7.90395563444566e-30,4.9185210123338775e-06,4.428690551393267
reflective_control,3.31,1.9654410199103932e-06,1.9654410199103932e-06,1.0885300641196759e-29,4.352165037098952e-06,4.428690551393267
reflective_control,3.3200000000000003,1.7377060548075234e-06,1.7377060548075234e-06,1.4978966058435384e-29,3.847881193012474e-06,4.428690551393267
reflective_control,3.33,1.5351050020709158e-06,1.5351050020709158e-06,2.0595328286662375e-29,3.3992525090340027e-06,4.428690551393267
reflective_control,3.34,1.355018838604623e-06,1.355018838604623e-06,2.829443819096785e-29,3.000479563744086e-06,4.428690551393267
reflective_control,3.35,1.1950829581743613e-06,1.1950829581743613e-06,3.8839971729567475e-29,2.6463263024989544e-06,4.428690551393267
reflective_control,3.36,1.053164587425542e-06,1.053164587425542e-06,5.327239340391475e-29,2.332070028696743e-06,4.428690551393267
reflective_control,3.37,9.273419697842667e-07,9.273419697842667e-07,7.300809001340623e-29,2.053455309747001e-06,4.428690551393267
reflective_control,3.38,8.158852043851749e-07,8.158852043851749e-07,9.997357870137665e-29,1.806651547841094e-06,4.428690551393267
reflective_control,3.39,7.172386316483792e-07,7.172386316483792e-07,1.3678704392363226e-28,1.5882139755377063e-06,4.428690551393267
reflective_control,3.4,6.300046617389141e-07,6.300046617389141e-07,1.8700368461116133e-28,1.39504784638842e-06,4.428690551393267
reflective_control,3.41,5.529289468377504e-07,5.529289468377504e-07,2.5544701791371236e-28,1.2243756012260875e-06,4.428690551393267
reflective_control,3.42,4.848868028922903e-07,4.848868028922903e-07,3.4865587237744696e-28,1.0737068012321878e-06,4.428690551393267
reflective_control,3.43,4.248707912570707e-07,4.248707912570707e-07,4.754869539123271e-28,9.40810629401585e-07,4.428690551393267
reflective_control,3.44,3.719793753504326e-07,3.719793753504326e-07,6.479264370520067e-28,8.236907724638152e-07,4.428690551393267
reflective_control,3.45,3.2540657210990825e-07,3.2540657210990825e-07,8.821821571887365e-28,7.205625056322112e-07,4.428690551393267
reflective_control,3.46,2.8443252260411475e-07,2.8443252260411475e-07,1.2001521637290763e-27,6.298318126828974e-07,4.428690551393267
reflective_control,3.47,2.4841491062981215e-07,2.4841491062981215e-07,1.6313976380359538e-27,5.50076383765726e-07,4.428690551393267
reflective_control,3.48,2.1678116247251137e-07,2.1678116247251137e-07,2.215791131589538e-27,4.800283429810298e-07,4.428690551393267
reflective_control,3.49,1.8902136522203111e-07,1.8902136522203111e-07,3.007068244289728e-27,4.1855856708513253e-07,4.428690551393267
reflective_control,3.5,1.6468184509966741e-07,1.6468184509966741e-07,4.0775868761064695e-27,3.646624656894533e-07,4.428690551393267
reflective_control,3.5100000000000002,1.43359351161291e-07,1.43359351161291e-07,5.524699172961281e-27,3.1744710197093935e-07,4.428690551393267
reflective_control,3.52,1.246957934843499e-07,1.246957934843499e-07,7.479275336469105e-27,2.761195412013132e-07,4.428690551393267
reflective_control,3.5300000000000002,1.083734885214059e-07,1.083734885214059e-07,1.0117096242881873e-26,2.399763223181385e-07,4.428690551393267
reflective_control,3.54,9.411086770584676e-08,9.411086770584676e-08,1.3674067374224044e-26,2.0839395529615263e-07,4.428690551393267
reflective_control,3.5500000000000003,8.165860862543528e-08,8.165860862543528e-08,1.846651840824283e-26,1.8082035422969296e-07,4.428690551393267
reflective_control,3.56,7.079615113691508e-08,7.079615113691508e-08,2.4918265282741808e-26,1.5676712280753274e-07,4.428690551393267
reflective_control,3.5700000000000003,6.132856368132912e-08,6.132856368132912e-08,3.359665662969559e-26,1.3580261525301125e-07,4.428690551393267
reflective_control,3.58,5.308372777791259e-08,5.308372777791259e-08,4.5260546160869696e-26,1.1754570182138688e-07,4.428690551393267
reflective_control,3.59,4.5909811227830913e-08,4.5909811227830913e-08,6.092408196751465e-26,1.0166017360047164e-07,4.428690551393267
reflective_control,3.6,3.9673002952139884e-08,3.9673002952139884e-08,8.194145496807888e-26,8.784972665976953e-08,4.428690551393267
reflective_control,3.61,3.4255484626080724e-08,3.4255484626080724e-08,1.1011939643065646e-25,7.58534705484605e-08,4.428690551393267
reflective_control,3.62,2.9553616359774403e-08,2.9553616359774403e-08,1.4786638227258331e-25,6.544191076601719e-08,4.428690551393267
reflective_control,3.63,2.5476315619416984e-08,2.5476315619416984e-08,1.983903513199996e-25,5.641335913401235e-08,4.428690551393267
reflective_control,3.64,2.1943610389441198e-08,2.1943610389441198e-08,2.6596048693604337e-25,4.859072999758668e-08,4.428690551393267
reflective_control,3.65,1.888534925120542e-08,1.888534925120542e-08,3.5625352171503974e-25,4.181868389428767e-08,4.428690551393267
reflective_control,3.66,1.62400526041117e-08,1.62400526041117e-08,4.768114621349242e-25,3.5961083760979545e-08,4.428690551393267
reflective_control,3.67,1.3953890687264579e-08,1.3953890687264579e-08,6.376460614368358e-25,3.089873192093157e-08,4.428690551393267
reflective_control,3.68,1.1979775380374053e-08,1.1979775380374051e-08,8.52036402480296e-25,2.6527359017438124e-08,4.428690551393267
reflective_control,3.69,1.0276553978141102e-08,1.02765539781411e-08,1.1375803780667626e-24,2.2755838751938193e-08,4.428690551393267
reflective_control,3.7,8.808294249187901e-09,8.8082942491879e-09,1.5175797003340712e-24,1.9504604757635053e-08,4.428690551393267
reflective_control,3.71,7.543651114988528e-09,7.543651114988527e-09,2.0228626645506697e-24,1.670424820797849e-08,4.428690551393267
reflective_control,3.72,6.4553062222575995e-09,6.455306222257597e-09,2.694180961546268e-24,1.4294276836431196e-08,4.428690551393267
reflective_control,3.73,5.519472539750591e-09,5.5194725397505876e-09,3.585358611708944e-24,1.2222017942734019e-08,4.428690551393267
reflective_control,3.74,4.715456893033152e-09,4.715456893033147e-09,4.767425473098188e-24,1.0441649693839085e-08,4.428690551393267
reflective_control,3.75,4.025274063907195e-09,4.0252740639071884e-09,6.334038493872018e-24,8.913346606797085e-09,4.428690551393267
reflective_control,3.7600000000000002,3.433306729970552e-09,3.433306729970544e-09,8.408585761050176e-24,7.602526537527748e-09,4.428690551393267
reflective_control,3.77,2.926006109136372e-09,2.9260061091363607e-09,1.1153487670370983e-23,6.479187804425613e-09,4.428690551393267
reflective_control,3.7800000000000002,2.4916287084740013e-09,2.4916287084739864e-09,1.4782364232073375e-23,5.5173262593995085e-09,4.428690551393267
reflective_control,3.79,2.1200050608288837e-09,2.1200050608288643e-09,1.9575937971362914e-23,4.694423190899393e-09,4.428690551393267
reflective_control,3.8000000000000003,1.8023367704426786e-09,1.8023367704426528e-09,2.5902801379451414e-23,3.990995912844073e-09,4.428690551393267
reflective_control,3.81,1.5310185840880761e-09,1.5310185840880418e-09,3.4246513516595287e-23,3.39020376867918e-09,4.428690551393267
reflective_control,3.8200000000000003,1.2994825606566761e-09,1.2994825606566308e-09,4.5240924116871254e-23,2.8775030690402743e-09,4.428690551393267
reflective_control,3.83,1.1020617330629033e-09,1.1020617330628435e-09,5.971618356361571e-23,2.440345192133884e-09,4.428690551393267
reflective_control,3.84,9.33870944878272e-10,9.338709448781933e-10,7.875861950154575e-23,2.0679127149015526e-09,4.428690551393267
reflective_control,3.85,7.907028031961544e-10,7.907028031960506e-10,1.0378859186674289e-22,1.7508890167374891e-09,4.428690551393267
reflective_control,3.86,6.689369215360037e-10,6.68936921535867e-10,1.3666163691057806e-22,1.4812573119422992e-09,4.428690551393267
reflective_control,3.87,5.654608346125499e-10,5.654608346123701e-10,1.7979975299166141e-22,1.2521255277157751e-09,4.428690551393267
reflective_control,3.88,4.776011528101063e-10,4.776011528098699e-10,2.3636166308573053e-22,1.0575738563923247e-09,4.428690551393267
reflective_control,3.89,4.030636903197569e-10,4.0306369031944645e-10,3.1046343433226767e-22,8.925221784644046e-10,4.428690551393267
reflective_control,3.9,3.3988144905182744e-10,3.3988144905141995e-10,4.0746410055543676e-22,7.526148810048401e-10,4.428690551393267
reflective_control,3.91,2.8636947239640446e-10,2.863694723958701e-10,5.343351195708278e-22,6.341208883047157e-10,4.428690551393267
reflective_control,3.92,2.4108570029020103e-10,2.410857002895009e-10,7.001378576770728e-22,5.338469814756211e-10,4.428690551393267
reflective_control,3.93,2.0279706133329117e-10,2.0279706133237452e-10,9.166401524647772e-22,4.4906271468853367e-10,4.428690551393267
reflective_control,3.94,1.7045013022957834e-10,1.7045013022837924e-10,1.1991117726687528e-21,3.774354406157427e-10,4.428690551393267
reflective_control,3.95,1.4314576082105738e-10,1.4314576081949003e-10,1.5673497913022585e-21,3.169741392101086e-10,4.428690551393267
reflective_control,3.96,1.2011717755676494e-10,1.2011717755471796e-10,2.0469991761647056e-21,2.659809046528361e-10,4.428690551393267
reflective_control,3.97,1.0071107238625328e-10,1.0071107238358203e-10,2.6712521162821652e-21,2.2300908734884162e-10,4.428690551393267
reflective_control,3.98,8.437131070218062e-11,8.437131069869758e-11,3.483032801851622e-21,1.8682721325770644e-10,4.428690551393267
reflective_control,3.99,7.06248998961119e-11,7.062489989157409e-11,4.5378038959158964e-21,1.5638791343150302e-10,4.428690551393267
reflective_control,4.0,5.906991807400295e-11,5.906991806809578e-11,5.9071684665789406e-21,1.3080119402295561e-10,4.428690551393267
reflective_control,4.01,4.9365139166814876e-11,4.936513915913139e-11,7.683488818816641e-21,1.0931146269814336e-10,4.428690551393267
reflective_control,4.0200000000000005,4.1221124663807495e-11,4.122112465382169e-11,9.985804158849898e-21,9.12778026582041e-11,4.428690551393267
reflective_control,4.03,3.439258202575324e-11,3.4392582012785835e-11,1.2967405720958674e-20,7.615705152773564e-11,4.428690551393267
reflective_control,4.04,2.8671815981425027e-11,2.86718159645995e-11,1.6825525137269982e-20,6.348930026411174e-11,4.428690551393267
reflective_control,4.05,2.3883121801188314e-11,2.38831217793746e-11,2.1813714777115338e-20,5.288547792934861e-11,4.428690551393267
reflective_control,4.0600000000000005,1.9877989658237285e-11,1.9877989629979633e-11,2.8257654230336133e-20,4.4016732490064266e-11,4.428690551393267
reflective_control,4.07,1.6531006671517127e-11,1.6531006634941815e-11,3.657531346969369e-20,3.6605356525583476e-11,4.428690551393267
reflective_control,4.08,1.3736358477523479e-11,1.3736358430220828e-11,4.730265104113023e-20,3.041704049997951e-11,4.428690551393267
reflective_control,4.09,1.1404845470253124e-11,1.1404845409126786e-11,6.11263380911343e-20,2.5254265687105153e-11,4.428690551393267
reflective_control,4.1,9.461340418451708e-12,9.461340339526315e-12,7.892539264896264e-20,2.095067445735615e-11,4.428690551393267
reflective_control,4.11,7.842624228670434e-12,7.84262412684633e-12,1.018241039548936e-19,1.7366277909820328e-11,4.428690551393267
reflective_control,4.12,6.495545358814363e-12,6.495545227555114e-12,1.3125924949855957e-19,1.4383380178363777e-11,4.428690551393267
reflective_control,4.13,5.37545596533064e-12,5.37545579626525e-12,1.6906538989519143e-19,1.1903115521545188e-11,4.428690551393267
reflective_control,4.14,4.444884434021848e-12,4.44488421643884e-12,2.1758300876210304e-19,9.842508847493784e-12,4.428690551393267
reflective_control,4.15,3.672409628346145e-12,3.67240934855065e-12,2.797954961217976e-19,8.131982910951116e-12,4.428690551393267
reflective_control,4.16,3.03170710325749e-12,3.0317067437549733e-12,3.595025164217725e-19,6.713246301394148e-12,4.428690551393267
reflective_control,4.17,2.5007417766688925e-12,2.5007413151296597e-12,4.615392328778311e-19,5.537505738903967e-12,4.428690551393267
reflective_control,4.18,2.06108521185068e-12,2.061084619797406e-12,5.92053273890746e-19,4.563954301669748e-12,4.428690551393267
reflective_control,4.19,1.697338819070274e-12,1.697338060215931e-12,7.588543429958068e-19,3.758494195264764e-12,4.428690551393267
reflective_control,4.2,1.3966470005763686e-12,1.396646028721231e-12,9.71855137626192e-19,3.092658687542155e-12,4.428690551393267
reflective_control,4.21,1.1482865982197884e-12,1.1482853545928532e-12,1.243626935108306e-18,2.5427030039137467e-12,4.428690551393267
reflective_control,4.22,9.433210087590374e-13,9.433194186599867e-13,1.5900990507468635e-18,2.088838419210957e-12,4.428690551393267
reflective_control,4.23,7.743090528327881e-13,7.743070213941388e-13,2.031438649206466e-18,1.714587593069419e-12,4.428690551393267
reflective_control,4.24,6.350601585564391e-13,6.350575654000011e-13,2.593156437897924e-18,1.4062424618826057e-12,4.428690551393267
reflective_control,4.25,5.204286835148822e-13,5.204253760198719e-13,3.307495010308859e-18,1.1524087966781978e-12,4.428690551393267
reflective_control,4.26,4.261412789444972e-13,4.261370637739412e-13,4.2151705560117415e-18,9.436239278100687e-13,4.428690551393267
reflective_control,4.2700000000000005,3.486521226022387e-13,3.486467550462893e-13,5.3675559494023296e-18,7.720361805458707e-13,4.428690551393267
reflective_control,4.28,2.850216342919595e-13,2.8501480487730575e-13,6.829414653763099e-18,6.311363093657341e-13,4.428690551393267
reflective_control,4.29,2.328149593688172e-13,2.328062770474253e-13,8.682321391865899e-18,5.155327053898439e-13,4.428690551393267
reflective_control,4.3,1.9001707729762507e-13,1.900060483593077e-13,1.1028938317368295e-17,4.207634174156781e-13,4.428690551393267
reflective_control,4.3100000000000005,1.5496187876712465e-13,1.5494788041120826e-13,1.399835591639362e-17,3.431391041610569e-13,4.428690551393267
reflective_control,4.32,1.2627296826725893e-13,1.2625521550941607e-13,1.775275784284358e-17,2.796119507307957e-13,4.428690551393267
reflective_control,4.33,1.028143000211769e-13,1.0279180429067228e-13,2.2495730504615102e-17,2.2766635952594935e-13,4.428690551393267
reflective_control,4.34,8.364905285102342e-14,8.362057023691355e-14,2.8482614109870907e-17,1.852278849971617e-13,4.428690551393267
reflective_control,4.3500000000000005,6.800540178688988e-14,6.796936840161689e-14,3.6033385272997923e-17,1.50587440168651e-13,4.428690551393267
reflective_control,4.36,5.5248057733500497e-14,5.520250905740632e-14,4.554867609417604e-17,1.2233827563359167e-13,4.428690551393267
reflective_control,4.37,4.485462706215304e-14,4.479709738650811e-14,5.752967564492398e-17,9.932363152821294e-14,4.428690551393267
reflective_control,4.38,3.639599554195135e-14,3.632339270912155e-14,7.260283282980151e-17,8.05933007825957e-14,4.428690551393267
reflective_control,4.39,2.95200697971402e-14,2.942851930542078e-14,9.155049171941844e-17,6.536762709353228e-14,4.428690551393267
reflective_control,4.4,2.393831809568132e-14,2.3822969245438996e-14,1.1534885024232678e-16,5.300770158329516e-14,4.428690551393267
reflective_control,4.41,1.9414643829883026e-14,1.9269428878892788e-14,1.4521495099023892e-16,4.299072484403427e-14,4.428690551393267
reflective_control,4.42,1.5756202182587422e-14,1.5573537381146045e-14,1.826648014413768e-16,3.488967186593344e-14,4.428690551393267
reflective_control,4.43,1.2805835434314036e-14,1.2576250238912492e-14,2.2958519540154305e-16,2.835654119532183e-14,4.428690551393267
reflective_control,4.44,1.0435857078988663e-14,1.01475346926334e-14,2.8832238635526455e-16,2.3108590820703816e-14,4.428690551393267
reflective_control,4.45,8.542961017380113e-15,8.181169548382318e-15,3.617914689977953e-16,1.891706536929616e-14,4.428690551393267
reflective_control,4.46,7.044070986912872e-15,6.590459802534982e-15,4.536111843778896e-16,1.5598005311542238e-14,4.428690551393267
reflective_control,4.47,5.8729782596492935e-15,5.304708350411839e-15,5.682699092374548e-16,1.3004801663523449e-14,4.428690551393267
reflective_control,4.48,4.9776435208128426e-15,4.266313660489522e-15,7.113298603233209e-16,1.1022221414413875e-14,4.428690551393267
reflective_control,4.49,4.318062608306364e-15,3.4283845216852833e-15,8.89678086621081e-16,9.56168153686548e-15,4.428690551393267
reflective_control,4.5,3.864616209574573e-15,2.7527815165316782e-15,1.1118346930428944e-15,8.557594646052085e-15,4.428690551393267
reflective_control,4.51,3.596841337697358e-15,2.2085103318830343e-15,1.3883310058143236e-15,7.964648623560502e-15,4.428690551393267
reflective_control,4.5200000000000005,3.5025780258688614e-15,1.770404892009163e-15,1.7321731338596985e-15,7.755917104341554e-15,4.428690551393267
reflective_control,4.53,3.577458707540037e-15,1.4180490083836441e-15,2.1594096991563935e-15,7.921728788041065e-15,4.428690551393267
reflective_control,4.54,3.82472065974569e-15,1.1348941410320877e-15,2.689826518713602e-15,8.469252123767178e-15,4.428690551393267
reflective_control,4.55,4.255334116871705e-15,9.075382562113486e-16,3.3477958606603563e-15,9.422778998205565e-15,4.428690551393267
reflective_control,4.5600000000000005,4.888450627819124e-15,7.251368947877717e-16,4.163313733031352e-15,1.0824717553187518e-14,4.428690551393267
reflective_control,4.57,5.752188339282303e-15,5.789226449174245e-16,5.173265694364878e-15,1.273733107400703e-14,4.428690551393267
reflective_control,4.58,6.884783553635162e-15,4.618134173593944e-16,6.4229701362757674e-15,1.52452879361859e-14,4.428690551393267
reflective_control,4.59,8.336151559870213e-15,3.680933991334241e-16,7.968058160736789e-15,1.8459117824089725e-14,4.428690551393267
reflective_control,4.6000000000000005,1.0169914827266365e-14,2.9315343427206545e-16,9.8767613929943e-15,2.251970285199442e-14,4.428690551393267
reflective_control,4.61,1.2465973683473831e-14,2.3327995182951756e-16,1.2232693731644314e-14,2.7603969932958838e-14,4.428690551393267
reflective_control,4.62,1.5323714127909055e-14,1.8548351676998202e-16,1.513823061113907e-14,3.393199398526117e-14,4.428690551393267
reflective_control,4.63,1.886597008698734e-14,1.4735969025951342e-16,1.8718610396727826e-14,4.177577173355442e-14,4.428690551393267
reflective_control,4.64,2.3243883919603243e-14,1.1697621165076197e-16,2.312690770795248e-14,5.146998454621438e-14,4.428690551393267
reflective_control,4.65,2.86428401596643e-14,9.278160449313545e-17,2.855005855517116e-14,6.342513779008644e-14,4.428690551393267
reflective_control,4.66,3.528968430082655e-14,7.35312042662305e-17,3.521615309656032e-14,7.814354571236093e-14,4.428690551393267
reflective_control,4.67,4.346148200918428e-14,5.822734028029963e-17,4.340325466890398e-14,9.623872736181143e-14,4.428690551393267
reflective_control,4.68,5.349612580334906e-14,4.607100654632197e-17,5.345005479680274e-14,1.1845889344071874e-13,4.428690551393267
reflective_control,4.69,6.580515750149527e-14,3.642284976810181e-17,6.576873465172716e-14,1.4571533962990891e-13,4.428690551393267
reflective_control,4.7,8.088924739640892e-14,2.8771706288753567e-17,8.086047569012016e-14,1.7911672282689427e-13,4.428690551393267
reflective_control,4.71,9.935685728411994e-14,2.2709249815168148e-17,9.933414803430477e-14,2.2001038753515562e-13,4.428690551393267
reflective_control,4.72,1.219467165994483e-13,1.790958123942966e-17,1.2192880701820886e-13,2.7003213578870456e-13,4.428690551393267
reflective_control,4.73,1.4955486188172733e-13,1.4112811755512282e-17,1.4954074906997183e-13,3.3116610186526543e-13,4.428690551393267
reflective_control,4.74,1.8326713297214888e-13,1.1111869696304515e-17,1.8325602110245258e-13,4.058167100873446e-13,4.428690551393267
reflective_control,4.75,2.243981886637114e-13,8.741907466752513e-18,2.2438944675624465e-13,4.968950689423711e-13,4.428690551393267
reflective_control,4.76,2.7453830457653263e-13,6.871803688710163e-18,2.745314327728439e-13,6.079225977368084e-13,4.428690551393267
reflective_control,4.7700000000000005,3.3560945216917065e-13,5.397352183181315e-18,3.3560405481698746e-13,7.431552048899383e-13,4.428690551393267
reflective_control,4.78,4.0993243625712573e-13,4.235807783269703e-18,4.0992820044934246e-13,9.077319535807777e-13,4.428690551393267
reflective_control,4.79,5.003071964506493e-13,3.3215225464564846e-18,5.003038749281029e-13,1.1078528768575227e-12,4.428690551393267
reflective_control,4.8,6.101087639802449e-13,2.6024574610926246e-18,6.101061615227838e-13,1.3509914591807675e-12,4.428690551393267
reflective_control,4.8100000000000005,7.434018192453647e-13,2.0373964632901303e-18,7.433997818489015e-13,1.646148306390256e-12,4.428690551393267
reflective_control,4.82,9.050773284563127e-13,1.5937233306179794e-18,9.050757347329821e-13,2.004153706407366e-12,4.428690551393267
reflective_control,4.83,1.1010153630996339e-12,1.2456492952996364e-18,1.1010141174503386e-12,2.4380281677490874e-12,4.428690551393267
reflective_control,4.84,1.3382789388631109e-12,9.728012430303302e-19,1.3382779660618679e-12,2.963411645835833e-12,4.428690551393267
reflective_control,4.8500000000000005,1.6253445686990377e-12,7.59098128941292e-19,1.6253438096009089e-12,3.5990740670778965e-12,4.428690551393267
reflective_control,4.86,1.9723762281842394e-12,5.918575594140401e-19,1.97237563632668e-12,4.367521982776115e-12,4.428690551393267
reflective_control,4.87,2.3915506036556494e-12,4.610860158538897e-19,2.3915501425696336e-12,5.295718780794319e-12,4.428690551393267
reflective_control,4.88,2.8974428617051047e-12,3.589154690658421e-19,2.8974425027896356e-12,6.4159389124176325e-12,4.428690551393267
reflective_control,4.89,3.5074837734930062e-12,2.7915658462766106e-19,3.5074834943364215e-12,7.766780123416839e-12,4.428690551393267
reflective_control,4.9,4.242500884570269e-12,2.1694470255770596e-19,4.242500667625566e-12,9.394361790886963e-12,4.428690551393267
reflective_control,4.91,5.1273585813018e-12,1.6845957367155993e-19,5.1273584128422266e-12,1.1353742251308233e-11,4.428690551393267
reflective_control,4.92,6.191714415324286e-12,1.3070368095383267e-19,6.191714284620605e-12,1.3710593564036074e-11,4.428690551393267
reflective_control,4.93,7.470911961241856e-12,1.0132705347722035e-19,7.470911859914802e-12,1.654317860652137e-11,4.428690551393267
reflective_control,4.94,9.007033861107578e-12,7.848894343936596e-20,9.007033782618635e-12,1.9944682878383173e-11,4.428690551393267
reflective_control,4.95,1.0850142621907349e-11,6.074870522594435e-20,1.0850142561158644e-11,2.402596205545522e-11,4.428690551393267
reflective_control,4.96,1.3059741258778767e-11,4.6979786944167774e-20,1.3059741211798979e-11,2.8918776358197164e-11,4.428690551393267
reflective_control,4.97,1.570649110753182e-11,3.630199843295154e-20,1.5706491071229822e-11,3.477959438173426e-11,4.428690551393267
reflective_control,4.98,1.8874230168079024e-11,2.8028218753305416e-20,1.8874230140050803e-11,4.179406240509666e-11,4.428690551393267
reflective_control,4.99,2.2662342302356935e-11,2.1622501553538273e-20,2.2662342280734434e-11,5.0182250613444045e-11,4.428690551393267
reflective_control,5.0,2.7188535628612064e-11,1.6667169399445502e-20,2.7188535611944895e-11,6.020480542232671e-11,4.428690551393267
reflective_control,5.01,3.259209767833193e-11,1.2836990973840156e-20,3.259209766549494e-11,7.217015751905753e-11,4.428690551393267
reflective_control,5.0200000000000005,3.903770548202654e-11,9.878934275901453e-21,3.9037705472147606e-11,8.644295870816203e-11,4.428690551393267
reflective_control,5.03,4.6719880916686385e-11,7.596305637386844e-21,4.671988090909008e-11,1.0345394758897379e-10,4.428690551393267
reflective_control,5.04,5.586819559661665e-11,5.836335353229877e-21,5.586819559078032e-11,1.2371147498106355e-10,4.428690551393267
reflective_control,5.05,6.675334556303758e-11,4.480469448004335e-21,6.675334555855711e-11,1.4781495538445708e-10,4.428690551393267
reflective_control,5.0600000000000005,7.969423429913878e-11,3.4367843027510645e-21,7.9694234295702e-11,1.7647055122055856e-10,4.428690551393267
reflective_control,5.07,9.50662234721303e-11,2.6340651097791692e-21,9.506622346949624e-11,2.1050944282383214e-10,4.428690551393267
reflective_control,5.08,1.1331073462538873e-10,2.0171872266256386e-21,1.1331073462337155e-10,2.5090908990344444e-10,4.428690551393267
reflective_control,5.09,1.349464121957184e-10,1.5435168928662476e-21,1.349464121941749e-10,2.988179503177996e-10,4.428690551393267
reflective_control,5.1000000000000005,1.6058208914202398e-10,1.1801087713492597e-21,1.6058208914084388e-10,3.5558419045313644e-10,4.428690551393267
reflective_control,5.11,1.9093183162058903e-10,9.015258076693986e-22,1.909318316196875e-10,4.227889993291564e-10,4.428690551393267
reflective_control,5.12,2.2683237906158584e-10,6.881446896643565e-22,2.268323790608977e-10,5.022852069500506e-10,4.428690551393267
reflective_control,5.13,2.6926334128370986e-10,5.24839890128275e-22,2.69263341283185e-10,5.962420076898732e-10,4.428690551393267
reflective_control,5.14,3.19370565587053e-10,3.9996259998165515e-22,3.1937056558665307e-10,7.071967031042526e-10,4.428690551393267
reflective_control,5.15,3.784931448170361e-10,3.045491584302601e-22,3.784931448167315e-10,8.381145071091655e-10,4.428690551393267
reflective_control,5.16,4.4819460300153326e-10,2.317079305903696e-22,4.4819460300130155e-10,9.924576017491732e-10,4.428690551393267
reflective_control,5.17,5.302988692199683e-10,1.7614481635332713e-22,5.302988692197921e-10,1.1742647957645037e-09,4.428690551393267
reflective_control,5.18,6.269317338493962e-10,1.3379636348269265e-22,6.269317338492624e-10,1.3882433230337096e-09,4.428690551393267
reflective_control,5.19,7.405685753302903e-10,1.0154632859594857e-22,7.405685753301888e-10,1.6398745261120147e-09,4.428690551393267
reflective_control,5.2,8.740892512909179e-10,7.70068956951869e-23,8.740892512908409e-10,1.9355354041332514e-09,4.428690551393267
reflective_control,5.21,1.0308411665676368e-09,5.834994898324806e-23,1.0308411665675784e-09,2.282638267182653e-09,4.428690551393267
reflective_control,5.22,1.2147116637833903e-09,4.41770608893464e-23,1.214711663783346e-09,2.6897910340323474e-09,4.428690551393267
reflective_control,5.23,1.4302110312568346e-09,3.3419398639728843e-23,1.430211031256801e-09,3.1669810403127816e-09,4.428690551393267
reflective_control,5.24,1.6825675898063338e-09,2.5260731149907095e-23,1.6825675898063086e-09,3.725785593527926e-09,4.428690551393267
reflective_control,5.25,1.9778365063339374e-09,1.9078256194626956e-23,1.9778365063339184e-09,4.379612923900888e-09,4.428690551393267
reflective_control,5.26,2.3230241899274943e-09,1.4397162619594153e-23,2.3230241899274798e-09,5.143977640294945e-09,4.428690551393267
reflective_control,5.2700000000000005,2.7262303577777933e-09,1.0855769608020482e-23,2.7262303577777825e-09,6.036815313205999e-09,4.428690551393267
reflective_control,5.28,3.196810115814179e-09,8.17880397114122e-24,3.1968101158141708e-09,7.078841377252335e-09,4.428690551393267
reflective_control,5.29,3.745558685150601e-09,6.156933381840266e-24,3.745558685150595e-09,8.293960179307726e-09,4.428690551393267
reflective_control,5.3,4.384921722917378e-09,4.631104531059895e-24,4.384921722917373e-09,9.709730701441638e-09,4.428690551393267
reflective_control,5.3100000000000005,5.129234537757245e-09,3.4805685123015185e-24,5.129234537757242e-09,1.1357896266622761e-08,4.428690551393267
reflective_control,5.32,5.994993889300684e-09,2.613733257762518e-24,5.994993889300682e-09,1.3274986396603155e-08,4.428690551393267
reflective_control,5.33,7.001166490640226e-09,1.9611816220986358e-24,7.001166490640224e-09,1.550299994291476e-08,4.428690551393267
reflective_control,5.34,8.16953880673155e-09,1.470346999759215e-24,8.169538806731548e-09,1.809017966130632e-08,4.428690551393267
reflective_control,5.3500000000000005,9.525113263521637e-09,1.1014564702251356e-24,9.525113263521635e-09,2.1091889555554476e-08,4.428690551393267
reflective_control,5.36,1.1096556556402365e-08,8.244423850884957e-25,1.1096556556402365e-08,2.457160758717008e-08,4.428690551393267
reflective_control,5.37,1.2916706376500346e-08,6.1659323784121375e-25,1.2916706376500346e-08,2.8602047742364122e-08,4.428690551393267
reflective_control,5.38,1.5023143563710072e-08,4.607683903072387e-25,1.5023143563710072e-08,3.326642697641368e-08,4.428690551393267
reflective_control,5.39,1.7458837450865786e-08,3.4404248206941765e-25,1.7458837450865786e-08,3.8659894228480106e-08,4.428690551393267
reflective_control,5.4,2.0272872988770925e-08,2.566769915367243e-25,2.0272872988770925e-08,4.4891140527482786e-08,4.428690551393267
reflective_control,5.41,2.3521269141924254e-08,1.9134066650668022e-25,2.3521269141924254e-08,5.208421120280897e-08,4.428690551393267
reflective_control,5.42,2.7267899024790984e-08,1.425191089404813e-25,2.7267899024790984e-08,6.038054338371875e-08,4.428690551393267
reflective_control,5.43,3.158552331356119e-08,1.0606800202465708e-25,3.158552331356119e-08,6.994125432979008e-08,4.428690551393267
reflective_control,5.44,3.655694962388157e-08,7.887532322818978e-26,3.655694962388157e-08,8.094970869352197e-08,4.428690551393267
reflective_control,5.45,4.227633179636268e-08,5.860617662472454e-26,4.227633179636268e-08,9.361439558705906e-08,4.428690551393267
reflective_control,5.46,4.8850624384206804e-08,4.351020215946276e-26,4.8850624384206804e-08,1.0817214931999909e-07,4.428690551393267
reflective_control,5.47,5.640120909638796e-08,3.2276340361823004e-26,5.640120909638796e-08,1.2489175090616466e-07,4.428690551393267
reflective_control,5.48,6.50657115207721e-08,2.3923402430377413e-26,6.50657115207721e-08,1.440779509158617e-07,4.428690551393267
reflective_control,5.49,7.500002813949787e-08,1.7717689198439913e-26,7.500002813949787e-08,1.660759579878117e-07,4.428690551393267
reflective_control,5.5,8.638058545877025e-08,1.311102622782014e-26,8.638058545877025e-08,1.912764413225372e-07,4.428690551393267
reflective_control,5.51,9.940685501151703e-08,9.69419535254665e-27,9.940685501151703e-08,2.2012109976661292e-07,4.428690551393267
reflective_control,5.5200000000000005,1.1430415005840453e-07,7.161967106298734e-27,1.1430415005840453e-07,2.531088546743471e-07,4.428690551393267
reflective_control,5.53,1.3132673201408343e-07,5.28686658215302e-27,1.3132673201408343e-07,2.9080272860806344e-07,4.428690551393267
reflective_control,5.54,1.5076125696449954e-07,3.89950833964523e-27,1.5076125696449954e-07,3.338374771174257e-07,4.428690551393267
reflective_control,5.55,1.7293059511978596e-07,2.8738680887709946e-27,1.7293059511978596e-07,3.8292804632690533e-07,4.428690551393267
reflective_control,5.5600000000000005,1.981980586674076e-07,2.116261253227106e-27,1.981980586674076e-07,4.388789348624182e-07,4.428690551393267
reflective_control,5.57,2.2697207625208769e-07,1.5571025101998313e-27,2.2697207625208769e-07,5.025945447638664e-07,4.428690551393267
reflective_control,5.58,2.597113552121004e-07,1.1447498704804118e-27,2.597113552121004e-07,5.750906124586848e-07,4.428690551393267
reflective_control,5.59,2.969305757435514e-07,8.409099188734693e-28,2.969305757435514e-07,6.575068176076143e-07,4.428690551393267
reflective_control,5.6000000000000005,3.392066643419673e-07,6.172112326566106e-28,3.392066643419673e-07,7.511206746704489e-07,4.428690551393267
reflective_control,5.61,3.871856971783703e-07,4.526511636010247e-28,3.871856971783703e-07,8.573628193642315e-07,4.428690551393267
reflective_control,5.62,4.4159048749820487e-07,3.3169500759900566e-28,4.4159048749820487e-07,9.778338097842232e-07,4.428690551393267
reflective_control,5.63,5.032289146762554e-07,2.4286207574735677e-28,5.032289146762554e-07,1.1143225698073104e-06,4.428690551393267
reflective_control,5.64,5.730030562082076e-07,1.7767484457646726e-28,5.730030562082076e-07,1.268826610474377e-06,4.428690551393267
reflective_control,5.65,6.519191876548642e-07,1.2987861827248825e-28,6.519191876548642e-07,1.4435741733195356e-06,4.428690551393267
reflective_control,5.66,7.410987193619183e-07,9.486256186549061e-29,7.410987193619183e-07,1.6410484480438888e-06,4.428690551393267
reflective_control,5.67,8.417901426367503e-07,6.923050703362249e-29,8.417901426367503e-07,1.8640140254756831e-06,4.428690551393267
reflective_control,5.68,9.553820619500978e-07,5.048305743771242e-29,9.553820619500978e-07,2.1155457553645075e-06,4.428690551393267
reflective_control,5.69,1.0834173936196315e-06,3.6782332041548593e-29,1.0834173936196315e-06,2.3990601871691907e-06,4.428690551393267
reflective_control,5.7,1.227608815292386e-06,2.6778012840770703e-29,1.227608815292386e-06,2.718349780546236e-06,4.428690551393267
reflective_control,5.71,1.3898555543415037e-06,1.94788316585173e-29,1.3898555543415037e-06,3.0776200806568342e-06,4.428690551393267
reflective_control,5.72,1.5722616069898595e-06,1.4157707550028841e-29,1.5722616069898595e-06,3.4815300615971922e-06,4.428690551393267
reflective_control,5.73,1.7771554835279826e-06,1.028178323542965e-29,1.7771554835279826e-06,3.935235849128554e-06,4.428690551393267
reflective_control,5.74,2.007111578358436e-06,7.460869164568615e-30,2.007111578358436e-06,4.444438041334016e-06,4.428690551393267
reflective_control,5.75,2.2649732667225133e-06,5.409484473179686e-30,2.2649732667225133e-06,5.015432852746168e-06,4.428690551393267
reflective_control,5.76,2.5538778327908665e-06,3.918932713443999e-30,2.5538778327908665e-06,5.655167313746812e-06,4.428690551393267
reflective_control,5.7700000000000005,2.8772833362682054e-06,2.83677707813163e-30,2.8772833362682054e-06,6.371298762506149e-06,4.428690551393267
reflective_control,5.78,3.2389975267051972e-06,2.051767211033378e-30,3.2389975267051972e-06,7.172258871252734e-06,4.428690551393267
reflective_control,5.79,3.6432089162607822e-06,1.4827790288632847e-30,3.6432089162607822e-06,8.067322452097915e-06,4.428690551393267
reflective_control,5.8,4.0945201226361695e-06,1.0707060557446794e-30,4.0945201226361695e-06,9.066681289804202e-06,4.428690551393267
reflective_control,5.8100000000000005,4.597983594231612e-06,7.725196885691745e-31,4.597983594231612e-06,1.0181523249617396e-05,4.428690551393267
reflective_control,5.82,5.159139829170992e-06,5.569219413941112e-31,5.159139829170992e-06,1.1424116907383122e-05,4.428690551393267
reflective_control,5.83,5.784058198611128e-06,4.011664209971644e-31,5.784058198611128e-06,1.280790194644893e-05,4.428690551393267
reflective_control,5.84,6.479380482606178e-06,2.8873557296230065e-31,6.479380482606178e-06,1.4347585561099961e-05,4.428690551393267
reflective_control,5.8500000000000005,7.2523672236419515e-06,2.0764500418115216e-31,7.2523672236419515e-06,1.6059245099288663e-05,4.428690551393267
reflective_control,5.86,8.11094699868375e-06,1.4920664115417935e-31,8.11094699868375e-06,1.796043716796115e-05,4.428690551393267
reflective_control,5.87,9.063768705100433e-06,1.0712733349502514e-31,9.063768705100433e-06,2.0070313412146136e-05,4.428690551393267
reflective_control,5.88,1.0120256949024749e-05,7.685248415066987e-32,1.0120256949024749e-05,2.2409743163908977e-05,4.428690551393267
reflective_control,5.89,1.1290670616488973e-05,5.508850656589084e-32,1.1290670616488973e-05,2.500144313906915e-05,4.428690551393267
reflective_control,5.9,1.2586164697924164e-05,3.9455682641592503e-32,1.2586164697924164e-05,2.7870114337988116e-05,4.428690551393267
reflective_control,5.91,1.401885542522876e-05,2.823602764322649e-32,1.401885542522876e-05,3.104258628152942e-05,4.428690551393267
reflective_control,5.92,1.5601888767498455e-05,2.019031566551018e-32,1.5601888767498455e-05,3.4547968684254575e-05,4.428690551393267
reflective_control,5.93,1.7349512316556107e-05,1.4425407604789565e-32,1.7349512316556107e-05,3.841781063380657e-05,4.428690551393267
reflective_control,5.94,1.927715057654523e-05,1.0298134313052384e-32,1.927715057654523e-05,4.268626730806556e-05,4.428690551393267
reflective_control,5.95,2.1401483652950467e-05,7.34572192678975e-33,2.1401483652950467e-05,4.739027421980959e-05,4.428690551393267
reflective_control,5.96,2.3740529315414294e-05,5.235472589776148e-33,2.3740529315414294e-05,5.2569728932125066e-05,4.428690551393267
reflective_control,5.97,2.6313728385541874e-05,3.728402325879738e-33,2.6313728385541874e-05,5.826768013648905e-05,4.428690551393267
reflective_control,5.98,2.914203337548188e-05,2.6529870138672878e-33,2.914203337548188e-05,6.453052392919191e-05,4.428690551393267
reflective_control,5.99,3.224800027536821e-05,1.886222634204581e-33,3.224800027536821e-05,7.140820706042533e-05,4.428690551393267
reflective_control,6.0,3.565588335769126e-05,1.339973635964482e-33,3.565588335769126e-05,7.895443686389385e-05,4.428690551393267
reflective_control,6.01,3.93917328342903e-05,9.511412769645155e-34,3.93917328342903e-05,8.722689750311467e-05,4.428690551393267
reflective_control,6.0200000000000005,4.348349516694926e-05,6.745890366290724e-34,4.348349516694926e-05,9.628747209371149e-05,4.428690551393267
reflective_control,6.03,4.7961115795522595e-05,4.780562519187566e-34,4.7961115795522595e-05,0.00010620247017895463,4.428690551393267
reflective_control,6.04,5.285664400818373e-05,3.3850430747206075e-34,5.285664400818373e-05,0.0001170428599487004,4.428690551393267
reflective_control,6.05,5.820433963680354e-05,2.3949412851563193e-34,5.820433963680354e-05,0.0001288845044997982,4.428690551393267
reflective_control,6.0600000000000005,6.404078121676256e-05,1.6930548012639055e-34,6.404078121676256e-05,0.00014180840133925986,4.428690551393267
reflective_control,6.07,7.040497520474852e-05,1.1958938559684365e-34,7.040497520474852e-05,0.0001559009242301735,4.428690551393267
reflective_control,6.08,7.733846580047829e-05,8.440335840230638e-35,7.733846580047829e-05,0.00017125406637491476,4.428690551393267
reflective_control,6.09,8.488544486893337e-05,5.952128440607482e-35,8.488544486893337e-05,0.00018796568382092963,4.428690551393267
reflective_control,6.1000000000000005,9.309286140888961e-05,4.194018433002019e-35,9.309286140888961e-05,0.00020613973786185613,4.428690551393267
reflective_control,6.11,0.00010201052996141607,2.952798757321042e-35,0.00010201052996141607,0.00022588653509137153,4.428690551393267
reflective_control,6.12,0.00011169123729897776,2.0772216376702845e-35,0.00011169123729897776,0.000247322963649703,4.428690551393267
reflective_control,6.13,0.00012219084668201014,1.4600821787456665e-35,0.00012219084668201014,0.0002705727240836808,4.428690551393267
reflective_control,6.140000000000001,0.00013356839891581315,1.0254564860388893e-35,0.00013356839891581315,0.00029576655312159414,4.428690551393267
reflective_control,6.15,0.00014588620938659914,7.196190414392756e-36,0.00014588620938659914,0.00032304243854450567,4.428690551393267
reflective_control,6.16,0.00015920996020205483,5.045840641447367e-36,0.00015920996020205483,0.0003525458232172691,4.428690551393267
reflective_control,6.17,0.00017360878650918502,3.535166623858513e-36,0.00017360878650918502,0.00038442979622603925,4.428690551393267
reflective_control,6.18,0.00018915535601111283,2.4747522062278457e-36,0.00018915535601111283,0.00041885526895592246,4.428690551393267
reflective_control,6.19,0.0002059259406553318,1.7310078037130734e-36,0.0002059259406553318,0.00045599113383351924,4.428690551393267
reflective_control,6.2,0.00022400047941925004,1.209795055866903e-36,0.00022400047941925004,0.0004960144033557972,4.428690551393267
reflective_control,6.21,0.00024346263107535176,8.44831422918346e-37,0.00024346263107535176,0.0005391103269303775,4.428690551393267
reflective_control,6.22,0.00026439981577842145,5.894863947696641e-37,0.00026439981577842145,0.0005854724829640077,4.428690551393267
reflective_control,6.23,0.00028690324428184706,4.109821760988231e-37,0.00028690324428184706,0.0006353028435575451,4.428690551393267
reflective_control,6.24,0.0003110679335595011,2.862975703897152e-37,0.0003110679335595011,0.0006888118090981955,4.428690551393267
reflective_control,6.25,0.00033699270758495286,1.9927729135950804e-37,0.00033699270758495286,0.0007462182099849574,4.428690551393267
reflective_control,6.26,0.0003647801820012585,1.3859368252584494e-37,0.0003647801820012585,0.0008077492726822448,4.428690551393267
reflective_control,6.2700000000000005,0.00039453673140323764,9.631069818838093e-38,0.00039453673140323764,0.0008736405472715508,4.428690551393267
reflective_control,6.28,0.00042637243795042316,6.687304547448846e-38,0.00042637243795042316,0.0009441357936627755,4.428690551393267
reflective_control,6.29,0.0004604010200336468,4.6395210179583625e-38,0.0004604010200336468,0.001019486823637417,4.428690551393267
reflective_control,6.3,0.0004967397397319274,3.216182355425582e-38,0.0004967397397319274,0.0010999532959261686,4.428690551393267
reflective_control,6.3100000000000005,0.0005355092878198856,2.2276843680456953e-38,0.0005355092878198856,0.0011858024615756324,4.428690551393267
reflective_control,6.32,0.0005768336451196196,1.541743491171617e-38,0.0005768336451196196,0.0012773088569334981,4.428690551393267
reflective_control,6.33,0.0006208399190357116,1.0661444827195473e-38,0.0006208399190357116,0.0013747539416806083,4.428690551393267
reflective_control,6.34,0.0006676581541679551,7.366572676564161e-39,0.0006676581541679551,0.0014784256794621458,4.428690551393267
reflective_control,6.3500000000000005,0.0007174211159644306,5.085812744704853e-39,0.0007174211159644306,0.0015886180588208436,4.428690551393267
reflective_control,6.36,0.0007702640464575993,3.5083323464064333e-39,0.0007702640464575993,0.001705630552312357,4.428690551393267
reflective_control,6.37,0.0008263243912189829,2.418168520957915e-39,0.0008263243912189829,0.0018297675118886514,4.428690551393267
reflective_control,6.38,0.000885741496773414,1.665397364178818e-39,0.000885741496773414,0.001961337498868674,4.428690551393267
reflective_control,6.390000000000001,0.0009486562778326152,1.1460264904401584e-39,0.0009486562778326152,0.0021006525470786044,4.428690551393267
reflective_control,6.4,0.0010152108538393663,7.87983119374004e-40,0.0010152108538393663,0.002248027358035146,4.428690551393267
reflective_control,6.41,0.0010855481544583693,5.4135810740820405e-40,0.0010855481544583693,0.002403778427366089,4.428690551393267
reflective_control,6.42,0.001159811493807212,3.7161894868721016e-40,0.001159811493807212,0.0025682231020106553,4.428690551393267
reflective_control,6.43,0.001238144113391139,2.5489219043393693e-40,0.001238144113391139,0.002741678568119265,4.428690551393267
reflective_control,6.44,0.0013206886938875188,1.7468703858386258e-40,0.0013206886938875188,0.0029244607699757843,4.428690551393267
reflective_control,6.45,0.0014075868361197574,1.1962179343249288e-40,0.0014075868361197574,0.0031168832606945558,4.428690551393267
reflective_control,6.46,0.0014989785117654785,8.184749839041229e-41,0.0014989785117654785,0.0033192559858986575,4.428690551393267
reflective_control,6.47,0.0015950014845585335,5.595591279926861e-41,0.0015950014845585335,0.003531884002061305,4.428690551393267
reflective_control,6.48,0.001695790702968927,3.8223639218499423e-41,0.001695790702968927,0.003755066131689516,4.428690551393267
reflective_control,6.49,0.0018014776655769006,2.608936781936301e-41,0.0018014776655769006,0.003989093558043209,4.428690551393267
reflective_control,6.5,0.001912189760596875,1.7792646566906981e-41,0.001912189760596875,0.004234248362613166,4.428690551393267
reflective_control,6.51,0.0020280495812514568,1.2124477229809046e-41,0.0020280495812514568,0.004490802009122699,4.428690551393267
reflective_control,6.5200000000000005,0.0021491742189447844,8.255263999341466e-42,0.0021491742189447844,0.004759013778369385,4.428690551393267
reflective_control,6.53,0.002275674536435447,5.616223525272929e-42,0.002275674536435447,0.005039129158778958,4.428690551393267
reflective_control,6.54,0.002407654423461278,3.817712995109673e-42,0.002407654423461278,0.005331378198101582,4.428690551393267
reflective_control,6.55,0.0025452100375186145,2.5930306011449784e-42,0.0025452100375186145,0.005635973822234995,4.428690551393267
reflective_control,6.5600000000000005,0.0026884290327463182,1.7597763698306184e-42,0.0026884290327463182,0.005953110127707479,4.428690551393267
reflective_control,6.57,0.0028373897801067605,1.1933086680507193e-42,0.0028373897801067605,0.006282960654889314,4.428690551393267
reflective_control,6.58,0.0029921605822910537,8.085252414834304e-43,0.0029921605822910537,0.006625676649521882,4.428690551393267
reflective_control,6.59,0.0031527988870005664,5.473685543723556e-43,0.0031527988870005664,0.006981385320651308,4.428690551393267
reflective_control,6.6000000000000005,0.003319350502470546,3.702640774344015e-43,0.003319350502470546,0.007350188103526899,4.428690551393267
reflective_control,6.61,0.0034918488193006274,2.502584719707996e-43,0.0034918488193006274,0.007732158936465211,4.428690551393267
reflective_control,6.62,0.0036703140428402488,1.690096380058494e-43,0.0036703140428402488,0.008127342561086316,4.428690551393267
reflective_control,6.63,0.003854752440540802,1.140458873082362e-43,0.003854752440540802,0.008535752855691593,4.428690551393267
reflective_control,6.640000000000001,0.0040451556088302336,7.689414269976308e-44,0.0040451556088302336,0.008957371211870966,4.428690551393267
reflective_control,6.65,0.0042414997641857756,5.180269617033945e-44,0.0042414997641857756,0.009392144964693157,4.428690551393267
reflective_control,6.66,0.004443745063176253,3.487040107660182e-44,0.004443745063176253,0.009839985887044574,4.428690551393267
reflective_control,6.67,0.004651834956312855,2.3453463970789757e-44,0.004651834956312855,0.010300768758831826,4.428690551393267
reflective_control,6.68,0.004865695580587085,1.5761680561693002e-44,0.004865695580587085,0.010774330021850999,4.428690551393267
reflective_control,6.69,0.005085235195582735,1.0583846237916199e-44,0.005085235195582735,0.011260466531144875,4.428690551393267
reflective_control,6.7,0.005310343668024907,7.10117141127926e-45,0.005310343668024907,0.011758934413616483,4.428690551393267
reflective_control,6.71,0.0055408920095722704,4.7606027597826007e-45,0.0055408920095722704,0.012269448044541581,4.428690551393267
reflective_control,6.72,0.005776731972565943,3.188888732516123e-45,0.005776731972565943,0.01279167915241709,4.428690551393267
reflective_control,6.73,0.0060176957083215455,2.1343334058007245e-45,0.0060176957083215455,0.01332525606230172,4.428690551393267
reflective_control,6.74,0.0062635954923865814,1.4273505002898594e-45,0.0062635954923865814,0.013869763087440954,4.428690551393267
reflective_control,6.75,0.006514223520985455,9.53771794840139e-46,0.006514223520985455,0.01442474007852603,4.428690551393267
reflective_control,6.76,0.00676935178263666,6.368010821645221e-46,0.00676935178263666,0.014989682139410071,4.428690551393267
reflective_control,6.7700000000000005,0.007028732008653936,4.248235504121472e-46,0.007028732008653936,0.015564039517500551,4.428690551393267
reflective_control,6.78,0.007292095705933295,2.831775692311572e-46,0.007292095705933295,0.016147217676361098,4.428690551393267
reflective_control,6.79,0.00755915427508407,1.886056022645049e-46,0.00755915427508407,0.01673857755729442,4.428690551393267
reflective_control,6.8,0.007829599216583185,1.2551504952933482e-46,0.007829599216583185,0.017337436035839038,4.428690551393267
reflective_control,6.8100000000000005,0.00810310242722225,8.346078953296825e-47,0.00810310242722225,0.017943066578205512,4.428690551393267
reflective_control,6.82,0.008379316588675457,5.545167250769895e-47,0.008379316588675457,0.018554700101699927,4.428690551393267
reflective_control,6.83,0.008657875649547899,3.681224336254931e-47,0.008657875649547899,0.01917152604214531,4.428690551393267
reflective_control,6.84,0.008938395401767918,2.4418298200724737e-47,0.008938395401767918,0.0197926936302133,4.428690551393267
reflective_control,6.8500000000000005,0.009220474151670096,1.6183929416883045e-47,0.009220474151670096,0.0204173133774336,4.428690551393267
reflective_control,6.86,0.009503693485576864,1.0717612037120397e-47,0.009503693485576864,0.021044458771456,4.428690551393267
reflective_control,6.87,0.009787619129132775,7.091817687489506e-48,0.009787619129132775,0.021673168178913155,4.428690551393267
reflective_control,6.88,0.01007180189907724,4.6888092668956396e-48,0.01007180189907724,0.022302446952974064,4.428690551393267
reflective_control,6.890000000000001,0.010355778745565392,3.097512337323436e-48,0.010355778745565392,0.022931269741402333,4.428690551393267
reflective_control,6.9,0.010639073882564477,2.0446030149183818e-48,0.010639073882564477,0.023558582989644087,4.428690551393267
reflective_control,6.91,0.01092120000327057,1.3484983604897318e-48,0.01092120000327057,0.024183307632180243,4.428690551393267
reflective_control,6.92,0.011201659576910213,8.88663458632987e-49,0.011201659576910213,0.02480434196409308,4.428690551393267
reflective_control,6.93,0.011479946222720241,5.851533507656189e-49,0.011479946222720241,0.025420564683531977,4.428690551393267
reflective_control,6.94,0.011755546156339074,3.849883111689791e-49,0.011755546156339074,0.026030838094523143,4.428690551393267
reflective_control,6.95,0.012027939703299455,2.5308759876612354e-49,0.012027939703299455,0.026634011458365112,4.428690551393267
reflective_control,6.96,0.012296602873791376,1.6624158109233469e-49,0.012296602873791376,0.027228924480697577,4.428690551393267
reflective_control,6.97,0.012561008992366519,1.0910733046393724e-49,0.012561008992366519,0.02781441092022973,4.428690551393267
reflective_control,6.98,0.012820630375790029,7.1550664778676535e-50,0.012820630375790029,0.028389302304083402,4.428690551393267
reflective_control,6.99,0.013074940051812218,4.6883377423912505e-50,0.013074940051812218,0.028952431733747078,4.428690551393267
reflective_control,7.0,0.013323413511238953,3.0695137358048063e-50,0.013323413511238953,0.02950263776476467,4.428690551393267
reflective_control,7.01,0.013565530485325996,2.0080094206550309e-50,0.013565530485325996,0.030038768342500275,4.428690551393267
reflective_control,7.0200000000000005,0.013800776740215919,1.3125243968946814e-50,0.013800776740215919,0.030559684775641104,4.428690551393267
reflective_control,7.03,0.014028645879876605,8.572243468098448e-51,0.014028645879876605,0.0310642657285258,4.428690551393267
reflective_control,7.04,0.01424864114879332,5.5940595323718e-51,0.01424864114879332,0.03155141121292714,4.428690551393267
reflective_control,7.05,0.014460277225511678,3.647582674956457e-51,0.014460277225511678,0.0320200465595754,4.428690551393267
reflective_control,7.0600000000000005,0.014663081998031674,2.376449985189076e-51,0.014663081998031674,0.03246912634949379,4.428690551393267
reflective_control,7.07,0.014856598312012057,1.5470262637534267e-51,0.014856598312012057,0.03289763828512648,4.428690551393267
reflective_control,7.08,0.015040385682763169,1.0062645401861927e-51,0.015040385682763169,0.0333046069812819,4.428690551393267
reflective_control,7.09,0.015214021962083827,6.5399153165264074e-52,0.015214021962083827,0.033689097656085146,4.428690551393267
reflective_control,7.1000000000000005,0.015377104951136247,4.246953976815245e-52,0.015377104951136247,0.034050219702439856,4.428690551393267
reflective_control,7.11,0.015529253950750017,2.7556779326867945e-52,0.015529253950750017,0.034387130120936575,4.428690551393267
reflective_control,7.12,0.015670111240803006,1.7865897420046253e-52,0.015670111240803006,0.034699036795712845,4.428690551393267
reflective_control,7.13,0.015799343480640708,1.1573552542608643e-52,0.015799343480640708,0.03498520159546516,4.428690551393267
reflective_control,7.140000000000001,0.015916643022866318,7.491245211010471e-53,0.015916643022866318,0.03524494328263381,4.428690551393267
reflective_control,7.15,0.016021729133257643,4.844922254425431e-53,0.016021729133257643,0.03547764021472018,4.428690551393267
reflective_control,7.16,0.016114349110042774,3.1308703633918933e-53,0.016114349110042774,0.03568273282274946,4.428690551393267
reflective_control,7.17,0.016194279296289787,2.02157022661798e-53,0.016194279296289787,0.03585972585305109,4.428690551393267
reflective_control,7.18,0.016261325979734623,1.3042416162845308e-53,0.016261325979734623,0.03600819035978829,4.428690551393267
reflective_control,7.19,0.016315326174980563,8.407613689380995e-54,0.016315326174980563,0.03612776543701783,4.428690551393267
reflective_control,7.2,0.016356148283648706,5.41542963748393e-54,0.016356148283648706,0.03621815968049111,4.428690551393267
reflective_control,7.21,0.016383692628737314,3.485287110151669e-54,0.016383692628737314,0.03627915237091023,4.428690551393267
reflective_control,7.22,0.016397891860152964,2.2412467700463058e-54,0.016397891860152964,0.036310594371913994,4.428690551393267
reflective_control,7.23,0.01639871122910447,1.4400788336724245e-54,0.01639871122910447,0.03631240873768082,4.428690551393267
reflective_control,7.24,0.016386148729794846,9.245455902697598e-55,0.016386148729794846,0.036284591026683605,4.428690551393267
reflective_control,7.25,0.01636023510760264,5.930835381674006e-55,0.01636023510760264,0.03622720931980611,4.428690551393267
reflective_control,7.26,0.016321033733705987,3.8014464924201626e-55,0.016321033733705987,0.03614040394271724,4.428690551393267
reflective_control,7.2700000000000005,0.016268640346864927,2.4345986000664884e-55,0.016268640346864927,0.03602438689408799,4.428690551393267
reflective_control,7.28,0.01620318266383461,1.5579421521823255e-55,0.01620318266383461,0.03587944098291176,4.428690551393267
reflective_control,7.29,0.01612481986062822,9.961408765679514e-56,0.01612481986062822,0.035705918679841346,4.428690551393267
reflective_control,7.3,0.016033741927578584,6.364080572826331e-56,0.016033741927578584,0.035504240689072666,4.428690551393267
reflective_control,7.3100000000000005,0.015930168901855588,4.0625250417895066e-56,0.015930168901855588,0.03527489424887335,4.428690551393267
reflective_control,7.32,0.015814349981778757,2.5912057965668356e-56,0.015814349981778757,0.03501843117036493,4.428690551393267
reflective_control,7.33,0.015686562527914064,1.651403633883182e-56,0.015686562527914064,0.034735465625606345,4.428690551393267
reflective_control,7.34,0.015547110956558764,1.0515986967249195e-56,0.015547110956558764,0.034426671697387265,4.428690551393267
reflective_control,7.3500000000000005,0.015396325531791268,6.691019820587888e-57,0.015396325531791268,0.03409278070440945,4.428690551393267
reflective_control,7.36,0.01523456106279294,4.2538293894970243e-57,0.01523456106279294,0.033734578316707425,4.428690551393267
reflective_control,7.37,0.01506219551362976,2.702173884711687e-57,0.01506219551362976,0.03335290147722508,4.428690551393267
reflective_control,7.38,0.014879628533113042,1.715110047987755e-57,0.014879628533113042,0.03294863514641969,4.428690551393267
reflective_control,7.390000000000001,0.014687279912734781,1.0877176206359925e-57,0.014687279912734781,0.032522708887598326,4.428690551393267
reflective_control,7.4,0.014485587980994837,6.892643405793669e-58,0.014485587980994837,0.03207609331140385,4.428690551393267
reflective_control,7.41,0.01427500794270019,4.364162680469921e-58,0.01427500794270019,0.03160979639845008,4.428690551393267
reflective_control,7.42,0.014056010172021944,2.7609689692386747e-58,0.014056010172021944,0.031124859719560614,4.428690551393267
reflective_control,7.43,0.01382907846824022,1.745289974266626e-58,0.01382907846824022,0.030622354573385767,4.428690551393267
reflective_control,7.44,0.01359470828319283,1.102349060035979e-58,0.01359470828319283,0.030103378061361933,4.428690551393267
reflective_control,7.45,0.013353404929469265,6.9569062706893765e-59,0.013353404929469265,0.029569049120034403,4.428690551393267
reflective_control,7.46,0.013105681778357933,4.3869091667847094e-59,0.013105681778357933,0.02902050453069034,4.428690551393267
reflective_control,7.47,0.012852058456464312,2.7640545263568717e-59,0.012852058456464312,0.028458894926048715,4.428690551393267
reflective_control,7.48,0.012593059049769824,1.7401233868239173e-59,0.012593059049769824,0.027885380813426543,4.428690551393267
reflective_control,7.49,0.012329210323700662,1.094608851031625e-59,0.012329210323700662,0.02730112863335672,4.428690551393267
reflective_control,7.5,0.012061039967522266,6.879919252690401e-60,0.012061039967522266,0.026707306872071207,4.428690551393267
reflective_control,7.51,0.011789074871074393,4.320690923185549e-60,0.011789074871074393,0.026105082245597478,4.428690551393267
reflective_control,7.5200000000000005,0.011513839441513466,2.7112435628006934e-60,0.011513839441513466,0.025495615972444905,4.428690551393267
reflective_control,7.53,0.011235853967339993,1.6999233569199912e-60,0.011235853967339993,0.02488006015099659,4.428690551393267
reflective_control,7.54,0.010955633036560206,1.0649657045375231e-60,0.010955633036560206,0.024259554256773053,4.428690551393267
reflective_control,7.55,0.010673684015369219,6.666338730451714e-61,0.010673684015369219,0.023635221773711503,4.428690551393267
reflective_control,7.5600000000000005,0.010390505593249347,4.169506029464639e-61,0.010390505593249347,0.023008166972511134,4.428690551393267
reflective_control,7.57,0.010106586399858753,2.6057173758297874e-61,0.010106586399858753,0.022379471847947075,4.428690551393267
reflective_control,7.58,0.009822403698544193,1.6271046480679366e-61,0.009822403698544193,0.021750193225856473,4.428690551393267
reflective_control,7.59,0.009538422160754643,1.0151942196659643e-61,0.009538422160754643,0.021121360049267117,4.428690551393267
reflective_control,7.6000000000000005,0.009255092725060947,6.328900395489067e-62,0.009255092725060947,0.020493970851872986,4.428690551393267
reflective_control,7.61,0.008972851543908433,3.942328949491593e-62,0.008972851543908433,0.01986899142578088,4.428690551393267
reflective_control,7.62,0.00869211902064602,2.4537082969217766e-62,0.00869211902064602,0.01924735268916036,4.428690551393267
reflective_control,7.63,0.008413298938793872,1.525943584250723e-62,0.008413298938793872,0.01862994875814171,4.428690551393267
reflective_control,7.640000000000001,0.008136777684933249,9.481990102170914e-63,0.008136777684933249,0.018017635226025727,4.428690551393267
reflective_control,7.65,0.007862923566033958,5.887162066581258e-63,0.007862923566033958,0.01741122765161102,4.428690551393267
reflective_control,7.66,0.00759208622147788,3.652228653718051e-63,0.00759208622147788,0.016811500257211048,4.428690551393267
reflective_control,7.67,0.007324596129497616,2.2638904171972306e-63,0.007324596129497616,0.016219184835738892,4.428690551393267
reflective_control,7.68,0.007060764207228078,1.402162399251613e-63,0.007060764207228078,0.01563496986508338,4.428690551393267
reflective_control,7.69,0.006800881503071159,8.677341833378269e-64,0.006800881503071159,0.01505949982689824,4.428690551393267
reflective_control,7.7,0.0065452189796012805,5.365628124044673e-64,0.0065452189796012805,0.014493374725880035,4.428690551393267
reflective_control,7.71,0.006294027384794647,3.3151249882254974e-64,0.006294027384794647,0.013937149804625263,4.428690551393267
reflective_control,7.72,0.006047537208951543,2.0465611149567884e-64,0.006047537208951543,0.013391335448241453,4.428690551393267
reflective_control,7.73,0.005805958724297991,1.262394237059736e-64,0.005805958724297991,0.012856397272038909,4.428690551393267
reflective_control,7.74,0.005569482103905237,7.780558318071161e-65,0.005569482103905237,0.012332756384859506,4.428690551393267
reflective_control,7.75,0.005338277616251128,4.7915055455352635e-65,0.005338277616251128,0.01182078981990277,4.428690551393267
reflective_control,7.76,0.005112495891470474,2.9483477212434125e-65,0.005112495891470474,0.01132083112429609,4.428690551393267
reflective_control,7.7700000000000005,0.004892268255099043,1.8127206516742525e-65,0.004892268255099043,0.010833171098119179,4.428690551393267
reflective_control,7.78,0.00467770712491167,1.1135982430844522e-65,0.00467770712491167,0.010358058673140639,4.428690551393267
reflective_control,7.79,0.004468906466286006,6.835521686992445e-66,0.004468906466286006,0.009895701921150553,4.428690551393267
reflective_control,7.8,0.004265942301392191,4.192376402828045e-66,0.004265942301392191,0.00944626918148222,4.428690551393267
reflective_control,7.8100000000000005,0.004068873267411674,2.569178885014409e-66,0.004068873267411674,0.009009890297101366,4.428690551393267
reflective_control,7.82,0.0038777412189274206,1.5731636184065703e-66,0.0038777412189274206,0.008586657948506039,4.428690551393267
reflective_control,7.83,0.0036925718695994675,9.624959664945758e-67,0.0036925718695994675,0.008176629074617865,4.428690551393267
reflective_control,7.84,0.003513375468245016,5.883955995506068e-67,0.003513375468245016,0.007779826369856798,4.428690551393267
reflective_control,7.8500000000000005,0.0033401475044771258,3.594060536697278e-67,0.0033401475044771258,0.0073962398466688225,4.428690551393267
reflective_control,7.86,0.0031728694391212186,2.193546441027165e-67,0.0031728694391212186,0.007025828452920297,4.428690551393267
reflective_control,7.87,0.0030115094547202423,1.337684679585863e-67,0.0030115094547202423,0.006668521733775513,4.428690551393267
reflective_control,7.88,0.002856023221557263,8.15091091610208e-68,0.002856023221557263,0.006324221527935205,4.428690551393267
reflective_control,7.890000000000001,0.0027063546747644407,4.962539927039985e-68,0.0027063546747644407,0.005992803688424138,4.428690551393267
reflective_control,7.9,0.00256243679824958,3.0188904616626224e-68,0.00256243679824958,0.005674119818475164,4.428690551393267
reflective_control,7.91,0.002424192411351819,1.8350004301056573e-68,0.002424192411351819,0.005367999013456529,4.428690551393267
reflective_control,7.92,0.002291534954335877,1.114475330078872e-68,0.002291534954335877,0.005074249600227349,4.428690551393267
reflective_control,7.930000000000001,0.002164369269045576,6.763168727726244e-69,0.002164369269045576,0.004792660865774047,4.428690551393267
reflective_control,7.94,0.002042592371261561,4.100864873241534e-69,0.002042592371261561,0.004523004767477022,4.428690551393267
reflective_control,7.95,0.0019260942115415375,2.4845410114627917e-69,0.0019260942115415375,0.004265037617873635,4.428690551393267
reflective_control,7.96,0.0018147584215631276,1.5040502787907468e-69,0.0018147584215631276,0.00401850173731899,4.428690551393267
reflective_control,7.97,0.0017084630432359024,9.097540821838793e-70,0.0017084630432359024,0.0037831270684917134,4.428690551393267
reflective_control,7.98,0.0016070812380997081,5.498334349059297e-70,0.0016070812380997081,0.0035586327472467852,4.428690551393267
reflective_control,7.99,0.0015104819747781832,3.320349130929011e-70,0.0015104819747781832,0.003344728624874991,4.428690551393267
reflective_control,8.0,0.001418530692507495,2.0034653322672618e-70,0.001418530692507495,0.0031411167373846453,4.428690551393267
reflective_control,8.01,0.0013310899390098622,1.2078844378076963e-70,0.0013310899390098622,0.002947492717973808,4.428690551393267
reflective_control,8.02,0.0012480199812264572,7.276363955993273e-71,0.0012480199812264572,0.0027635471494038065,4.428690551393267
reflective_control,8.03,0.0011691793876644472,4.3797459100166215e-71,0.0011691793876644472,0.0025889668535166513,4.428690551393267
reflective_control,8.040000000000001,0.0010944255813461765,2.63407957932465e-71,0.0010944255813461765,0.002423436115655447,4.428690551393267
reflective_control,8.05,0.0010236153625738497,1.582903141887878e-71,0.0010236153625738497,0.0022666378422459004,4.428690551393267
reflective_control,8.06,0.0009566054009390349,9.504412233845114e-72,0.0009566054009390349,0.0021182546502752355,4.428690551393267
reflective_control,8.07,0.0008932526962129547,5.7021897103468e-72,0.0008932526962129547,0.0019779698878624363,4.428690551393267
reflective_control,8.08,0.0008334150079483127,3.4182477247091346e-72,0.0008334150079483127,0.0018454685855450184,4.428690551393267
reflective_control,8.09,0.000776951253807457,2.0474385617885536e-72,0.000776951253807457,0.0017204383383151185,4.428690551393267
reflective_control,8.1,0.0007237218768031824,1.2253599953479325e-72,0.0007237218768031824,0.001602570118817428,4.428690551393267
reflective_control,8.11,0.0006735891817975692,7.327603993889173e-73,0.0006735891817975692,0.0014915590224738081,4.428690551393267
reflective_control,8.120000000000001,0.0006264176417505057,4.378302435460784e-73,0.0006264176417505057,0.0013871049456232584,4.428690551393267
reflective_control,8.13,0.0005820741743428514,2.6139362907785753e-73,0.0005820741743428514,0.0012889131980611114,4.428690551393267
reflective_control,8.14,0.0005404283897192162,1.5593001225577996e-73,0.0005404283897192162,0.0011966950516270854,4.428690551393267
reflective_control,8.15,0.0005013528102027994,9.294154798622596e-74,0.0005013528102027994,0.0011101682267297998,4.428690551393267
reflective_control,8.16,0.0004647230629287687,5.535228631627431e-74,0.0004647230629287687,0.001029057318903588,4.428690551393267
reflective_control,8.17,0.00043041804642450667,3.2938718629281843e-74,0.00043041804642450667,0.0009530941676746805,4.428690551393267
reflective_control,8.18,0.0003983200722344038,1.9584988037920645e-74,0.0003983200722344038,0.0008820181701673938,4.428690551393267
reflective_control,8.19,0.000368314982744327,1.163550922326553e-74,0.000368314982744327,0.0008155765420081875,4.428690551393267
reflective_control,8.2,0.0003402922464069351,6.907055612777842e-75,0.0003402922464069351,0.0007535245281873914,4.428690551393267
reflective_control,8.21,0.00031414503160407585,4.096811526204084e-75,0.00031414503160407585,0.0006956255666160549,4.428690551393267
reflective_control,8.22,0.00028977026040723957,2.4279765645668644e-75,0.00028977026040723957,0.0006416514071701542,4.428690551393267
reflective_control,8.23,0.0002670686435118873,1.4377668637863006e-75,0.0002670686435118873,0.0005913821890472559,4.428690551393267
reflective_control,8.24,0.0002459446976274192,8.507029205769319e-76,0.0002459446976274192,0.0005446064792739128,4.428690551393267
reflective_control,8.25,0.00022630674660171604,5.0293614810142017e-76,0.00022630674660171604,0.000501121275195785,4.428690551393267
reflective_control,8.26,0.00020806690754878257,2.970935701347004e-76,0.00020806690754878257,0.00046073197375945483,4.428690551393267
reflective_control,8.27,0.00019114106323037718,1.7535539337056025e-76,0.00019114106323037718,0.0004232523103558172,4.428690551393267
reflective_control,8.28,0.00017544882191846827,1.0341665277012453e-76,0.00017544882191846827,0.00038850426994170014,4.428690551393267
reflective_control,8.290000000000001,0.00016091346593552616,6.094068059014881e-77,0.00016091346593552616,0.00035631797309030347,4.428690551393267
reflective_control,8.3,0.00014746189003478778,3.588141795640172e-77,0.00014746189003478778,0.00032653153954382874,4.428690551393267
reflective_control,8.31,0.00013502453074324018,2.110947186715006e-77,0.00013502453074324018,0.0002989909317544487,4.428690551393267
reflective_control,8.32,0.00012353528774703215,1.2408823652991364e-77,0.00012353528774703215,0.00027354978080446486,4.428690551393267
reflective_control,8.33,0.00011293143835263722,7.288351866186136e-78,0.00011293143835263722,0.0002500691969937878,4.428690551393267
reflective_control,8.34,0.00010315354600825424,4.2773375445791367e-78,0.00010315354600825424,0.0002284175672747331,4.428690551393267
reflective_control,8.35,9.414536381900452e-05,2.508205929560047e-78,9.414536381900452e-05,0.00020847034160135342,4.428690551393267
reflective_control,8.36,8.585373393707361e-05,1.4695972496396262e-78,8.585373393707361e-05,0.00019010981014447466,4.428690551393267
reflective_control,8.370000000000001,7.82284836545358e-05,8.603574916213703e-79,7.82284836545358e-05,0.00017322487320533265,4.428690551393267
reflective_control,8.38,7.122231897265773e-05,5.032746237005795e-79,7.122231897265773e-05,0.00015771080554126334,4.428690551393267
reflective_control,8.39,6.479071636737893e-05,2.941552437765316e-79,6.479071636737893e-05,0.00014346901669710606,4.428690551393267
reflective_control,8.4,5.889181341692939e-05,1.7178831925083002e-79,5.889181341692939e-05,0.0001304068088169852,4.428690551393267
reflective_control,8.41,5.348629890432572e-05,1.00243481249921e-79,5.348629890432572e-05,0.00011843713329329166,4.428690551393267
reflective_control,8.42,4.8537302955298075e-05,5.844725565991979e-80,4.8537302955298075e-05,0.00010747834749412053,4.428690551393267
reflective_control,8.43,4.401028772119298e-05,3.405003648525035e-80,4.401028772119298e-05,9.745397269747323e-05,4.428690551393267
reflective_control,8.44,3.987293906687175e-05,1.982058703561806e-80,3.987293906687175e-05,8.829245425086719e-05,4.428690551393267
reflective_control,8.45,3.609505967578128e-05,1.152818449876868e-80,3.609505967578128e-05,7.992692486905433e-05,4.428690551393267
reflective_control,8.46,3.264846393839126e-05,6.699629675837234e-81,3.264846393839126e-05,7.229497188072859e-05,4.428690551393267
reflective_control,8.47,2.9506874946225648e-05,3.890327388701486e-81,2.9506874946225648e-05,6.533840913774612e-05,4.428690551393267
reflective_control,8.48,2.664582387186318e-05,2.257184075889506e-81,2.664582387186318e-05,5.900305420770481e-05,4.428690551393267
reflective_control,8.49,2.4042551975683766e-05,1.3085589091249535e-81,2.4042551975683766e-05,5.3238511383046105e-05,4.428690551393267
reflective_control,8.5,2.167591544278287e-05,7.579927529277267e-82,2.167591544278287e-05,4.799796095712595e-05,4.428690551393267
reflective_control,8.51,1.952629321848591e-05,4.3871481673875755e-82,1.952629321848591e-05,4.323795514022148e-05,4.428690551393267
reflective_control,8.52,1.7575497978233773e-05,2.5371434603441678e-82,1.7575497978233773e-05,3.8918220916117684e-05,4.428690551393267
reflective_control,8.53,1.5806690337301084e-05,1.4660649843992503e-82,1.5806690337301084e-05,3.500147007280228e-05,4.428690551393267
reflective_control,8.540000000000001,1.4204296377829234e-05,8.464608798837282e-83,1.4204296377829234e-05,3.145321657884097e-05,4.428690551393267
reflective_control,8.55,1.2753928544970046e-05,4.883217133948268e-83,1.2753928544970046e-05,2.8241601420126858e-05,4.428690551393267
reflective_control,8.56,1.1442309940487488e-05,2.8148201670806968e-83,1.1442309940487488e-05,2.5337224959775097e-05,4.428690551393267
reflective_control,8.57,1.0257202020914239e-05,1.6212154951268009e-83,1.0257202020914239e-05,2.2712986836877404e-05,4.428690551393267
reflective_control,8.58,9.187335688200173e-06,9.329885455735852e-84,9.187335688200173e-06,2.0343933377405132e-05,4.428690551393267
reflective_control,8.59,8.222345743674555e-06,5.364847134293845e-84,8.222345743674555e-06,1.8207112452650074e-05,4.428690551393267
reflective_control,8.6,7.352708660960948e-06,3.0823635860044363e-84,7.352708660960948e-06,1.6281435686972596e-05,4.428690551393267
reflective_control,8.61,6.5696836201486935e-06,1.7695215377953358e-84,6.5696836201486935e-06,1.4547547887097815e-05,4.428690551393267
reflective_control,8.620000000000001,5.865256733936467e-06,1.0150169963814694e-84,5.865256733936467e-06,1.2987703539540081e-05,4.428690551393267
reflective_control,8.63,5.232088386519387e-06,5.817498097500568e-85,5.232088386519387e-06,1.1585650200716427e-05,4.428690551393267
reflective_control,8.64,4.663463597584895e-06,3.3315371405206255e-85,4.663463597584895e-06,1.0326518585695339e-05,4.428690551393267
reflective_control,8.65,4.153245316817932e-06,1.90633201897909e-85,4.153245316817932e-06,9.196719146104955e-06,4.428690551393267
reflective_control,8.66,3.695830548673062e-06,1.089928225402811e-85,3.695830548673062e-06,8.18384491522949e-06,4.428690551393267
reflective_control,8.67,3.286109202760969e-06,6.226481906589514e-86,3.286109202760969e-06,7.276580388556982e-06,4.428690551393267
reflective_control,8.68,2.9194255619085163e-06,3.554127759819358e-86,2.9194255619085163e-06,6.464616200760112e-06,4.428690551393267
reflective_control,8.69,2.5915422576872257e-06,2.027070316273035e-86,2.5915422576872257e-06,5.738569355077895e-06,4.428690551393267
reflective_control,8.700000000000001,2.2986066418692796e-06,1.1551810784803942e-86,2.2986066418692796e-06,5.089908758108142e-06,4.428690551393267
reflective_control,8.71,2.037119441769116e-06,6.577741365923376e-87,2.037119441769116e-06,4.510885811911206e-06,4.428690551393267
reflective_control,8.72,1.8039055876710538e-06,3.7423895659865955e-87,1.8039055876710538e-06,3.9944698158621575e-06,4.428690551393267
reflective_control,8.73,1.5960871014493412e-06,2.1274857896902463e-87,1.5960871014493412e-06,3.534287932694682e-06,4.428690551393267
reflective_control,8.74,1.4110579369686726e-06,1.208453144597405e-87,1.4110579369686726e-06,3.124569476460818e-06,4.428690551393267
reflective_control,8.75,1.2464606648411614e-06,6.858646795252477e-88,1.2464606648411614e-06,2.7600942845327105e-06,4.428690551393267
reflective_control,8.76,1.1001648965354531e-06,3.8894888805669105e-88,1.1001648965354531e-06,2.436144941130556e-06,4.428690551393267
reflective_control,8.77,9.702473456188348e-07,2.2039011125307495e-88,9.702473456188348e-07,2.1484626260282655e-06,4.428690551393267
reflective_control,8.78,8.549734270039649e-07,1.247777493597461e-88,8.549734270039649e-07,1.89320636893239e-06,4.428690551393267
reflective_control,8.790000000000001,7.527802984096497e-07,7.05874780315548e-89,7.527802984096497e-07,1.6669154974209096e-06,4.428690551393267
reflective_control,8.8,6.622612517792791e-07,3.9899151235185256e-89,6.622612517792791e-07,1.4664750741543854e-06,4.428690551393267
reflective_control,8.81,5.821513660826432e-07,2.2534354523186177e-89,5.821513660826432e-07,1.2890841272254423e-06,4.428690551393267
reflective_control,8.82,5.113143367152443e-07,1.2716630779000545e-89,5.113143367152443e-07,1.1322264859013587e-06,4.428690551393267
reflective_control,8.83,4.487304005632601e-07,7.170418025698978e-90,4.487304005632601e-07,9.93644042548713e-07,4.428690551393267
reflective_control,8.84,3.93485279689749e-07,4.039823231481722e-90,3.93485279689749e-07,8.713122701371641e-07,4.428690551393267
reflective_control,8.85,3.447600704858822e-07,2.27418464729818e-90,3.447600704858822e-07,7.634178333292515e-07,4.428690551393267
reflective_control,8.86,3.0182200899434846e-07,1.2791885348920698e-90,3.0182200899434846e-07,6.683381397179022e-07,4.428690551393267
reflective_control,8.870000000000001,2.6401604692622514e-07,7.189337421121217e-91,2.6401604692622514e-07,5.846226862191873e-07,4.428690551393267
reflective_control,8.88,2.3075717663798485e-07,4.037277949464898e-91,2.3075717663798485e-07,5.109760639214153e-07,4.428690551393267
reflective_control,8.89,2.015234469940026e-07,2.2653426748513984e-91,2.015234469940026e-07,4.4624249279327054e-07,4.428690551393267
reflective_control,8.9,1.7584961559834652e-07,1.270061165476203e-91,1.7584961559834652e-07,3.893917655332676e-07,4.428690551393267
reflective_control,8.91,1.5332138632498137e-07,7.114769608012588e-92,1.5332138632498137e-07,3.395064874719809e-07,4.428690551393267
reflective_control,8.92,1.3357018439903558e-07,3.982378361475909e-92,1.3357018439903558e-07,2.957705067979326e-07,4.428690551393267
reflective_control,8.93,1.1626842447566667e-07,2.2272536107176128e-92,1.1626842447566667e-07,2.574584364503833e-07,4.428690551393267
reflective_control,8.94,1.0112523022197953e-07,1.2446358260568461e-92,1.0112523022197953e-07,2.2392617579577476e-07,4.428690551393267
reflective_control,8.950000000000001,8.788256682760537e-08,6.949609427832394e-93,8.788256682760537e-08,1.946023466708016e-07,4.428690551393267
reflective_control,8.96,7.631175064883294e-08,3.877251489673267e-93,7.631175064883294e-08,1.689805645293827e-07,4.428690551393267
reflective_control,8.97,6.621030282855633e-08,2.161389409924907e-93,6.621030282855633e-08,1.4661247127085716e-07,4.428690551393267
reflective_control,8.98,5.739911623039381e-08,1.2038920342060785e-93,5.739911623039381e-08,1.271014618539345e-07,4.428690551393267
reflective_control,8.99,4.971990738116847e-08,6.700196449475498e-94,4.971990738116847e-08,1.1009704201756457e-07,4.428690551393267
reflective_control,9.0,4.303292733407113e-08,3.725915538443429e-94,4.303292733407113e-08,9.528975934159693e-08,4.428690551393267
reflective_control,9.01,3.721490744810806e-08,2.0702555095271988e-94,3.721490744810806e-08,8.240665449320555e-08,4.428690551393267
reflective_control,9.02,3.2157218031522296e-08,1.1493713470122492e-94,3.2157218031522296e-08,7.120718382764799e-08,4.428690551393267
reflective_control,9.03,2.776421962196024e-08,6.375911163986582e-95,2.776421962196024e-08,6.147956855329142e-08,4.428690551393267
reflective_control,9.040000000000001,2.3951788378745105e-08,3.534025040159295e-95,2.3951788378745105e-08,5.303752944095975e-08,4.428690551393267
reflective_control,9.05,2.0645998647623042e-08,1.9572326919078528e-95,2.0645998647623042e-08,4.5717369567403165e-08,4.428690551393267
reflective_control,9.06,1.778194723084676e-08,1.0830805927951196e-95,1.778194723084676e-08,3.9375370843312354e-08,4.428690551393267
reflective_control,9.07,1.530270526077093e-08,5.988589722482653e-96,1.530270526077093e-08,3.3885473099566126e-08,4.428690551393267
reflective_control,9.08,1.3158384838537564e-08,3.308520433431844e-96,1.3158384838537564e-08,2.9137207303013862e-08,4.428690551393267
reflective_control,9.09,1.1305308766414801e-08,1.8263691203358095e-96,1.1305308766414801e-08,2.503385705720235e-08,4.428690551393267
reflective_control,9.1,9.705272778231817e-09,1.007369421886068e-96,9.705272778231817e-09,2.1490824925824763e-08,4.428690551393267
reflective_control,9.11,8.324890662496117e-09,5.551808100122522e-97,8.324890662496117e-09,1.8434182309189293e-08,4.428690551393267
reflective_control,9.120000000000001,7.135013582397529e-09,3.057212328900283e-97,7.135013582397529e-09,1.5799383618213278e-08,4.428690551393267
reflective_control,9.13,6.110215731124345e-09,1.682140364807812e-97,6.110215731124345e-09,1.3530127337702443e-08,4.428690551393267
reflective_control,9.14,5.228339224681562e-09,9.247925792669931e-98,5.228339224681562e-09,1.1577348261913015e-08,4.428690551393267
reflective_control,9.15,4.470091832529381e-09,5.0800959376172435e-98,4.470091832529381e-09,9.898326731291541e-09,4.428690551393267
reflective_control,9.16,3.818691783427202e-09,2.7883350997140297e-98,3.818691783427202e-09,8.455902109973576e-09,4.428690551393267
reflective_control,9.17,3.25955446431245e-09,1.529197189913922e-98,3.25955446431245e-09,7.217779028926144e-09,4.428690551393267
reflective_control,9.18,2.7800163580525066e-09,8.379681089659053e-99,2.7800163580525066e-09,6.1559160888129285e-09,4.428690551393267
reflective_control,9.19,2.369092045484089e-09,4.588143199562759e-99,2.369092045484089e-09,5.245987778608166e-09,4.428690551393267
reflective_control,9.200000000000001,2.0172605320738045e-09,2.510105130454111e-99,2.0172605320738045e-09,4.466911329046906e-09,4.428690551393267
reflective_control,9.21,1.7162775533681056e-09,1.3721207515256064e-99,1.7162775533681056e-09,3.800431092084841e-09,4.428690551393267
reflective_control,9.22,1.4590108694990055e-09,7.494423443018254e-100,1.4590108694990055e-09,3.23075382606516e-09,4.428690551393267
reflective_control,9.23,1.2392958805278137e-09,4.0900592226843184e-100,1.2392958805278137e-09,2.7442289782370636e-09,4.428690551393267
reflective_control,9.24,1.0518091842754056e-09,2.230316202067677e-100,1.0518091842754056e-09,2.329068698134574e-09,4.428690551393267
reflective_control,9.25,8.919579592552487e-10,1.2152027846154437e-100,8.919579592552487e-10,1.97510289319687e-09,4.428690551393267
reflective_control,9.26,7.557832899425948e-10,6.615711325349531e-101,7.557832899425948e-10,1.6735651575348438e-09,4.428690551393267
reflective_control,9.27,6.398757622483803e-10,3.59873453142515e-101,6.398757622483803e-10,1.4169058711674832e-09,4.428690551393267
reflective_control,9.28,5.413018459122357e-10,1.9559986447400956e-101,5.413018459122357e-10,1.198629185221626e-09,4.428690551393267
reflective_control,9.290000000000001,4.575397496094394e-10,1.0622647295992423e-101,4.575397496094394e-10,1.0131509829910826e-09,4.428690551393267
reflective_control,9.3,3.8642358574685377e-10,5.76424521874585e-102,3.8642358574685377e-10,8.556752415162986e-10,4.428690551393267
reflective_control,9.31,3.260948169186481e-10,3.125342430417036e-102,3.260948169186481e-10,7.22086517272967e-10,4.428690551393267
reflective_control,9.32,2.749600763780124e-10,1.6931609438370925e-102,2.749600763780124e-10,6.088565461328372e-10,4.428690551393267
reflective_control,9.33,2.316545620963546e-10,9.165250722008506e-103,2.316545620963546e-10,5.129631851716352e-10,4.428690551393267
reflective_control,9.34,1.9501029934539568e-10,4.957194185772986e-103,1.9501029934539568e-10,4.3182013506766316e-10,4.428690551393267
reflective_control,9.35,1.6402865145042924e-10,2.6790016882229546e-103,1.6402865145042924e-10,3.632160694181477e-10,4.428690551393267
reflective_control,9.36,1.378565335193582e-10,1.4466235033564666e-103,1.378565335193582e-10,3.052619637225054e-10,4.428690551393267
reflective_control,9.370000000000001,1.1576585054583753e-10,7.80519073298718e-104,1.1576585054583753e-10,2.5634556424317786e-10,4.428690551393267
reflective_control,9.38,9.713574021776442e-11,4.2078184890258775e-104,9.713574021776442e-11,2.150920674525021e-10,4.428690551393267
reflective_control,9.39,8.143725285105917e-11,2.266605554848516e-104,8.143725285105917e-11,1.8033019611645506e-10,4.428690551393267
reflective_control,9.4,6.82201468514615e-11,1.2199453440833679e-104,6.82201468514615e-11,1.5106295988786432e-10,4.428690551393267
reflective_control,9.41,5.710151864979257e-11,6.56070141349516e-105,5.710151864979257e-11,1.2644247805727138e-10,4.428690551393267
reflective_control,9.42,4.775602175935267e-11,3.5253776409963685e-105,4.775602175935267e-11,1.0574832116888821e-10,4.428690551393267
reflective_control,9.43,3.990746100736086e-11,1.8928076935764374e-105,3.990746100736086e-11,8.836889774669713e-11,4.428690551393267
reflective_control,9.44,3.3321575580541836e-11,1.0154366007419214e-105,3.3321575580541836e-11,7.378547346554112e-11,4.428690551393267
reflective_control,9.450000000000001,2.779984873269244e-11,5.443078625601802e-106,2.779984873269244e-11,6.155846370631854e-11,4.428690551393267
reflective_control,9.46,2.3174203218483476e-11,2.915290760642618e-106,2.3174203218483476e-11,5.1315687414882597e-11,4.428690551393267
reflective_control,9.47,1.9302460090571668e-11,1.5601437605755742e-106,1.9302460090571668e-11,4.2742311310880183e-11,4.428690551393267
reflective_control,9.48,1.6064454736825212e-11,8.342435063000957e-107,1.6064454736825212e-11,3.557224945313131e-11,4.428690551393267
reflective_control,9.49,1.3358718217565497e-11,4.457245189662472e-107,1.3358718217565497e-11,2.958081457442871e-11,4.428690551393267
reflective_control,9.5,1.1099644335455043e-11,2.379499889558471e-107,1.1099644335455043e-11,2.4578444996127772e-11,4.428690551393267
reflective_control,9.51,9.215073651632182e-12,1.2692592201686594e-107,9.215073651632182e-12,2.0405354805688244e-11,4.428690551393267
reflective_control,9.52,7.64423504498441e-12,6.764885319635761e-108,7.64423504498441e-12,1.692697575817587e-11,4.428690551393267
reflective_control,9.53,6.335993568962924e-12,3.6025998318199066e-108,6.335993568962924e-12,1.4030077426277302e-11,4.428690551393267
reflective_control,9.540000000000001,5.247360444195373e-12,1.916977802395519e-108,5.247360444195373e-12,1.1619467809481411e-11,4.428690551393267
reflective_control,9.55,4.3422271697210934e-12,1.0192098624507945e-108,4.3422271697210934e-12,9.615190219273467e-12,4.428690551393267
reflective_control,9.56,3.590291059540014e-12,5.414465924609513e-109,3.590291059540014e-12,7.95014404606829e-12,4.428690551393267
reflective_control,9.57,2.9661441188068027e-12,2.87404197158825e-109,2.9661441188068027e-12,6.568067216515197e-12,4.428690551393267
reflective_control,9.58,2.448501157331845e-12,1.524319696159551e-109,2.448501157331845e-12,5.421826970275511e-12,4.428690551393267
reflective_control,9.59,2.0195464778737916e-12,8.078011932626358e-110,2.0195464778737916e-12,4.471973202329606e-12,4.428690551393267
reflective_control,9.6,1.6643814439009959e-12,4.27738550430056e-110,1.6643814439009959e-12,3.685515187259311e-12,4.428690551393267
reflective_control,9.61,1.3705577882034722e-12,2.2630688673531966e-110,1.3705577882034722e-12,3.0348881633775857e-12,4.428690551393267
reflective_control,9.620000000000001,1.1276837243356658e-12,1.1963620297148406e-110,1.1276837243356658e-12,2.497081127462666e-12,4.428690551393267
reflective_control,9.63,9.270918149034283e-13,6.3193577976513745e-111,9.270918149034283e-13,2.052901380468424e-12,4.428690551393267
reflective_control,9.64,7.615591756830729e-13,3.335252697031816e-111,7.615591756830729e-13,1.6863549628372348e-12,4.428690551393267
reflective_control,9.65,6.250719886673182e-13,1.758854913911896e-111,6.250719886673182e-13,1.3841252050757755e-12,4.428690551393267
reflective_control,9.66,5.126274918845893e-13,9.2678023397192e-112,5.126274918845893e-13,1.1351342648468544e-12,4.428690551393267
reflective_control,9.67,4.200676366502844e-13,4.879428774433953e-112,4.200676366502844e-13,9.301747866896072e-13,4.428690551393267
reflective_control,9.68,3.439394775884235e-13,2.5668865657596223e-112,3.439394775884235e-13,7.616007573234936e-13,4.428690551393267
reflective_control,9.69,2.8137810797015826e-13,1.3492419791971598e-112,2.8137810797015826e-13,6.230682840681772e-13,4.428690551393267
reflective_control,9.700000000000001,2.300085905521046e-13,7.08628290887493e-113,2.300085905521046e-13,5.093184358586941e-13,4.428690551393267
reflective_control,9.71,1.878638776564463e-13,3.718712491712896e-113,1.878638776564463e-13,4.1599548996260217e-13,4.428690551393267
reflective_control,9.72,1.5331617710821707e-13,1.9498993400869405e-113,1.5331617710821707e-13,3.394949524674488e-13,4.428690551393267
reflective_control,9.73,1.2501961439764215e-13,1.0215914648581248e-113,1.2501961439764215e-13,2.7683659251083367e-13,4.428690551393267
reflective_control,9.74,1.0186237603746121e-13,5.347955603707425e-114,1.0186237603746121e-13,2.2555847114978616e-13,4.428690551393267
reflective_control,9.75,8.292680312711207e-14,2.7973306548537854e-114,8.292680312711207e-14,1.836285747331454e-13,4.428690551393267
reflective_control,9.76,6.745614500630442e-14,1.4619929886153089e-114,6.745614500630442e-14,1.4937119601141721e-13,4.428690551393267
reflective_control,9.77,5.482688693002663e-14,7.634704790903003e-115,5.482688693002663e-14,1.2140565805465796e-13,4.428690551393267
reflective_control,9.78,4.4525738375524553e-14,3.98368217136723e-115,4.4525738375524553e-14,9.859535841874708e-14,4.428690551393267
reflective_control,9.790000000000001,3.6130514571822136e-14,2.076933488140348e-115,3.6130514571822136e-14,8.000543425060271e-14,4.428690551393267
reflective_control,9.8,2.929426712506991e-14,1.0819469567322113e-115,2.929426712506991e-14,6.486762201339375e-14,4.428690551393267
reflective_control,9.81,2.3732123620791767e-14,5.631639214421334e-116,2.3732123620791767e-14,5.255111582194873e-14,4.428690551393267
reflective_control,9.82,1.921038374094638e-14,2.928931082872357e-116,1.921038374094638e-14,4.253842248108403e-14,4.428690551393267
reflective_control,9.83,1.5537493234734006e-14,1.522050126121161e-116,1.5537493234734006e-14,3.4405374740501644e-14,4.428690551393267
reflective_control,9.84,1.2556579154437994e-14,7.903040941231384e-117,1.2556579154437994e-14,2.7804601729540598e-14,4.428690551393267
reflective_control,9.85,1.0139281922192475e-14,4.100199440512781e-117,1.0139281922192475e-14,2.2451871023363185e-14,4.428690551393267
reflective_control,9.86,8.180663570796705e-15,2.1255004741682073e-117,8.180663570796705e-15,1.8114813730057234e-14,4.428690551393267
reflective_control,9.870000000000001,6.595008210081535e-15,1.1009381067990429e-117,6.595008210081535e-15,1.4603625273174557e-14,4.428690551393267
reflective_control,9.88,5.312361520319098e-15,5.697837722835898e-118,5.312361520319098e-15,1.176340263531118e-14,4.428690551393267
reflective_control,9.89,4.27568180704754e-15,2.9464747381704223e-118,4.27568180704754e-15,9.467835809817765e-15,4.428690551393267
reflective_control,9.9,3.4384966644698354e-15,1.522442298919399e-118,3.4384966644698354e-15,7.614018844467412e-15,4.428690551393267
reflective_control,9.91,2.762977261361414e-15,7.860034192863374e-119,2.762977261361414e-15,6.118185645552869e-15,4.428690551393267
reflective_control,9.92,2.2183572537464757e-15,4.054651225250349e-119,2.2183572537464757e-15,4.912208904640866e-15,4.428690551393267
reflective_control,9.93,1.779635823100381e-15,2.089912214505798e-119,1.779635823100381e-15,3.940728177342818e-15,4.428690551393267
reflective_control,9.94,1.4265147427209922e-15,1.0763364788794796e-119,1.4265147427209922e-15,3.1587961812558274e-15,4.428690551393267
reflective_control,9.950000000000001,1.1425280294011173e-15,5.538772773187246e-120,1.1425280294011173e-15,2.529951544255348e-15,4.428690551393267
reflective_control,9.96,9.14329929669527e-16,2.847898532198666e-120,9.14329929669527e-16,2.024642160191752e-15,4.428690551393267
reflective_control,9.97,7.31112960842456e-16,1.4631233750887616e-120,7.31112960842456e-16,1.6189365308420702e-15,4.428690551393267
reflective_control,9.98,5.841326794045167e-16,7.5107422716443924e-121,5.841326794045167e-16,1.2934714390194077e-15,4.428690551393267
reflective_control,9.99,4.663199525731188e-16,3.8523899776315635e-121,4.663199525731188e-16,1.0325933839433637e-15,4.428690551393267
reflective_control,10.0,3.719649054926555e-16,1.9743452670351406e-121,3.719649054926555e-16,8.236587312026064e-16,4.428690551393267
production_outlet,0.0,3.286803016823809e-08,3.286803016823809e-08,4.529172719831512e-96,7.278116732449244e-08,4.428690551393267
production_outlet,0.01,3.807484264199869e-08,3.807484264199869e-08,8.165982272976773e-96,8.431084792720252e-08,4.428690551393267
production_outlet,0.02,4.407050542170513e-08,4.407050542170513e-08,1.4711042721710377e-95,9.758731547811561e-08,4.428690551393267
production_outlet,0.03,5.0968683868988034e-08,5.0968683868988034e-08,2.6480364234845902e-95,1.1286226433376886e-07,4.428690551393267
production_outlet,0.04,5.889850632024774e-08,5.889850632024774e-08,4.762663808176482e-95,1.3042162921582887e-07,4.428690551393267
production_outlet,0.05,6.800653018011183e-08,6.800653018011183e-08,8.558967390745229e-95,1.5058993882085115e-07,4.428690551393267
production_outlet,0.06,7.845893822306154e-08,7.845893822306154e-08,1.5368740980353401e-94,1.737351791904103e-07,4.428690551393267
production_outlet,0.07,9.044398934035143e-08,9.044398934035143e-08,2.7574057987221866e-94,2.0027422051096385e-07,4.428690551393267
production_outlet,0.08,1.0417475016448153e-07,1.0417475016448153e-07,4.943204206861678e-94,2.3067886587359673e-07,4.428690551393267
production_outlet,0.09,1.1989213635244934e-07,1.1989213635244934e-07,8.854456179108831e-94,2.654825857252228e-07,4.428690551393267
production_outlet,0.1,1.378682948169785e-07,1.378682948169785e-07,1.5847498085691026e-93,3.05288007296327e-07,4.428690551393267
production_outlet,0.11,1.5841036086646757e-07,1.5841036086646757e-07,2.8340336131686254e-93,3.507752342060613e-07,4.428690551393267
production_outlet,0.12,1.8186462705333914e-07,1.8186462705333914e-07,5.064012391614588e-93,4.0271107773189166e-07,4.428690551393267
production_outlet,0.13,2.0862116353978046e-07,2.0862116353978046e-07,9.041281609075896e-93,4.619592878946476e-07,4.428690551393267
production_outlet,0.14,2.3911893297141114e-07,2.3911893297141114e-07,1.6129121262088707e-92,5.294918795548641e-07,4.428690551393267
production_outlet,0.15,2.738514462039532e-07,2.738514462039532e-07,2.8749936614879105e-92,6.064016561444145e-07,4.428690551393267
production_outlet,0.16,3.13373008754642e-07,3.13373008754642e-07,5.120454954405524e-92,6.939160414666812e-07,4.428690551393267
production_outlet,0.17,3.583056115467602e-07,3.583056115467602e-07,9.112251171638332e-92,7.934123381841614e-07,4.428690551393267
production_outlet,0.18,4.0934652337793904e-07,4.0934652337793904e-07,1.6202733482179268e-91,9.064345401647808e-07,4.428690551393267
production_outlet,0.19,4.6727664656465333e-07,4.6727664656465333e-07,2.8786997391127377e-91,1.0347118347638056e-06,4.428690551393267
production_outlet,0.2,5.329697013880795e-07,5.329697013880795e-07,5.110341493427982e-91,1.1801789403581393e-06,4.428690551393267
production_outlet,0.21,6.074023092790784e-07,6.074023092790784e-07,9.064606382870934e-91,1.3449984339993525e-06,4.428690551393267
production_outlet,0.22,6.916650491187139e-07,6.916650491187139e-07,1.6065470610436885e-90,1.531585233880504e-06,4.428690551393267
production_outlet,0.23,7.869745655784601e-07,7.869745655784601e-07,2.845007578623622e-90,1.7426334113820735e-06,4.428690551393267
production_outlet,0.24,8.946868130606236e-07,8.946868130606236e-07,5.034065675479335e-90,1.9811455177288687e-06,4.428690551393267
production_outlet,0.25,1.016311523500968e-06,1.016311523500968e-06,8.9002007091354e-90,2.2504646207004165e-06,4.428690551393267
production_outlet,0.26,1.1535279910337867e-06,1.1535279910337867e-06,1.5722666331872025e-89,2.554309257329494e-06,4.428690551393267
production_outlet,0.27,1.3082022712631548e-06,1.3082022712631548e-06,2.7752241691552313e-89,2.8968115190271723e-06,4.428690551393267
production_outlet,0.28,1.4824058975959858e-06,1.4824058975959858e-06,4.89457980726292e-89,3.2825584960064984e-06,4.428690551393267
production_outlet,0.29,1.6784362217319852e-06,1.6784362217319852e-06,8.625379914679387e-89,3.716637318150328e-06,4.428690551393267
production_outlet,0.3,1.8988384899262929e-06,1.8988384899262929e-06,1.51875082215403e-88,4.204684039479216e-06,4.428690551393267
production_outlet,0.31,2.1464297709912116e-06,2.1464297709912116e-06,2.6720236196439966e-88,4.752936623008996e-06,4.428690551393267
production_outlet,0.32,2.4243248561274083e-06,2.4243248561274083e-06,4.6972052052658735e-88,5.3682922919196465e-06,4.428690551393267
production_outlet,0.33,2.735964254509929e-06,2.735964254509929e-06,8.250575599014958e-88,6.0583695214489226e-06,4.428690551393267
production_outlet,0.34,3.085144412032131e-06,3.085144412032131e-06,1.4480195869690878e-87,6.831574953625217e-06,4.428690551393267
production_outlet,0.35000000000000003,3.476050283657807e-06,3.476050283657807e-06,2.5392771160447684e-87,7.697175523701608e-06,4.428690551393267
production_outlet,0.36,3.913290392367843e-06,3.913290392367843e-06,4.449295343075028e-87,8.665376092768757e-06,4.428690551393267
production_outlet,0.37,4.4019345096284085e-06,4.4019345096284085e-06,7.7896482160784855e-87,9.747402885321643e-06,4.428690551393267
production_outlet,0.38,4.947554093559616e-06,4.947554093559616e-06,1.3626675979176382e-86,1.0955593033327275e-05,4.428690551393267
production_outlet,0.39,5.556265621451442e-06,5.556265621451442e-06,2.3818120446016357e-86,1.2303490529376618e-05,4.428690551393267
production_outlet,0.4,6.234776952854359e-06,6.234776952854359e-06,4.159781498005663e-86,1.3805948890575302e-05,4.428690551393267
production_outlet,0.41000000000000003,6.990436858055688e-06,6.990436858055688e-06,7.259037243461333e-86,1.547924083169123e-05,4.428690551393267
production_outlet,0.42,7.83128784423108e-06,7.83128784423108e-06,1.2657064818971249e-85,1.7341175240493563e-05,4.428690551393267
production_outlet,0.43,8.766122407810178e-06,8.766122407810178e-06,2.205121165019148e-85,1.9411221739912863e-05,4.428690551393267
production_outlet,0.44,9.804542836502362e-06,9.804542836502362e-06,3.838640004959542e-85,2.1710643110374274e-05,4.428690551393267
production_outlet,0.45,1.0957024677862517e-05,1.0957024677862517e-05,6.676791067043862e-85,2.426263583111629e-05,4.428690551393267
production_outlet,0.46,1.2234983983115706e-05,1.2234983983115706e-05,1.1603891556554755e-84,2.7092478981236243e-05,4.428690551393267
production_outlet,0.47000000000000003,1.365084842507392e-05,1.365084842507392e-05,2.0150462122628443e-84,3.022769171931326e-05,4.428690551393267
production_outlet,0.48,1.5218132377239134e-05,1.5218132377239134e-05,3.496325305094344e-84,3.369819953446545e-05,4.428690551393267
production_outlet,0.49,1.6951516027469142e-05,1.6951516027469142e-05,6.061556119112122e-84,3.753650943132206e-05,4.428690551393267
production_outlet,0.5,1.886692858375864e-05,1.886692858375864e-05,1.0500304683805901e-83,4.177789417635172e-05,4.428690551393267
production_outlet,0.51,2.0981635611638817e-05,2.0981635611638817e-05,1.81746118969361e-83,4.646058569302065e-05,4.428690551393267
production_outlet,0.52,2.3314330522303524e-05,2.3314330522303524e-05,3.1432133774761083e-83,5.162597764809263e-05,4.428690551393267
production_outlet,0.53,2.5885230207724716e-05,2.5885230207724716e-05,5.431603463310539e-83,5.7318837220795006e-05,4.428690551393267
production_outlet,0.54,2.871617479361845e-05,2.871617479361845e-05,9.378377776642959e-83,6.358752599032776e-05,4.428690551393267
production_outlet,0.55,3.183073145307571e-05,3.183073145307571e-05,1.617978934837678e-82,7.048422981508643e-05,4.428690551393267
production_outlet,0.56,3.525430219290473e-05,3.525430219290473e-05,2.7890960918002814e-82,7.806519750884004e-05,4.428690551393267
production_outlet,0.5700000000000001,3.9014235491175025e-05,3.9014235491175025e-05,4.8039620186335924e-82,8.639098804479934e-05,4.428690551393267
production_outlet,0.58,4.313994162806738e-05,4.313994162806738e-05,8.267631798806188e-82,9.552672593793953e-05,4.428690551393267
production_outlet,0.59,4.766301151288483e-05,4.766301151288483e-05,1.4217006524365465e-81,0.00010554236436903077,4.428690551393267
production_outlet,0.6,5.2617338767968004e-05,5.2617338767968004e-05,2.4427592830104057e-81,0.00011651295552057926,4.428690551393267
production_outlet,0.61,5.803924478530332e-05,5.803924478530332e-05,4.1937125176384874e-81,0.00012851892749533687,4.428690551393267
production_outlet,0.62,6.396760642384523e-05,6.396760642384523e-05,7.193862179988142e-81,0.0001416463670822633,4.428690551393267
production_outlet,0.63,7.04439859650967e-05,7.04439859650967e-05,1.2330226222816697e-80,0.00015598730752305185,4.428690551393267
production_outlet,0.64,7.751276289137055e-05,7.751276289137055e-05,2.1116670818792155e-80,0.0001716400203146997,4.428690551393267
production_outlet,0.65,8.522126699557397e-05,8.522126699557397e-05,3.613477284999795e-80,0.00018870930996053064,4.428690551393267
production_outlet,0.66,9.361991227343809e-05,9.361991227343809e-05,6.1783240346137254e-80,0.0002073068104538209,4.428690551393267
production_outlet,0.67,0.0001027623309891259,0.0001027623309891259,1.05550795043374e-79,0.00022755128214534468,4.428690551393267
production_outlet,0.68,0.00011270550724328547,0.00011270550724328547,1.8017636034241876e-79,0.0002495689075091619,4.428690551393267
production_outlet,0.6900000000000001,0.00012350990930922002,0.00012350990930922002,3.0731204623622274e-79,0.000273493584180591,4.428690551393267
production_outlet,0.7000000000000001,0.00013523961993819374,0.00013523961993819374,5.2372925392221794e-79,0.0002994672134971475,4.428690551393267
production_outlet,0.71,0.00014796246376944216,0.00014796246376944216,8.918248211585763e-79,0.0003276399826282985,4.428690551393267
production_outlet,0.72,0.00016175013091451445,0.00016175013091451445,1.517391866269702e-78,0.000358170638233867,4.428690551393267
production_outlet,0.73,0.0001766782957197528,0.0001766782957197528,2.579653777585535e-78,0.0003912267494451673,4.428690551393267
production_outlet,0.74,0.00019282672964536897,0.00019282672964536897,4.381981766906939e-78,0.0004269849578182547,4.428690551393267
production_outlet,0.75,0.00021027940713538702,0.00021027940713538702,7.437469267711727e-78,0.00046563121176653317,4.428690551393267
production_outlet,0.76,0.00022912460329021437,0.00022912460329021437,1.2613199825407853e-77,0.0005073609828415515,4.428690551393267
production_outlet,0.77,0.00024945498209342094,0.00024945498209342094,2.137326359635771e-77,0.0005523794610975549,4.428690551393267
production_outlet,0.78,0.00027136767388716515,0.00027136767388716515,3.618777502144385e-77,0.0006009017266488288,4.428690551393267
production_outlet,0.79,0.00029496434073726245,0.00029496434073726245,6.1220714692529644e-77,0.0006531528944105291,4.428690551393267
production_outlet,0.8,0.0003203512282799412,0.0003203512282799412,1.0348570978847533e-76,0.0007093682289053015,4.428690551393267
production_outlet,0.81,0.00034763920259860755,0.00034763920259860755,1.7478648317295028e-76,0.0007697932259211714,4.428690551393267
production_outlet,0.8200000000000001,0.00037694377064126643,0.00037694377064126643,2.94971990880502e-76,0.0008346836577227636,4.428690551393267
production_outlet,0.8300000000000001,0.0004083850826584378,0.0004083850826584378,4.9739244981534774e-76,0.0009043055784496908,4.428690551393267
production_outlet,0.84,0.0004420879151182566,0.0004420879151182566,8.380367648953251e-76,0.0009789352862846856,4.428690551393267
production_outlet,0.85,0.0004781816325408528,0.0004781816325408528,1.4108226669056975e-75,0.0010588592389417408,4.428690551393267
production_outlet,0.86,0.0005168001266888372,0.0005168001266888372,2.373161310625244e-75,0.0011443739190128484,4.428690551393267
production_outlet,0.87,0.0005580817315556453,0.0005580817315556453,3.9886650174195633e-75,0.0012357856457228399,4.428690551393267
production_outlet,0.88,0.000602169112609386,0.000602169112609386,6.698434929187455e-75,0.0013334103296770278,4.428690551393267
production_outlet,0.89,0.0006492091287775305,0.0006492091287775305,1.123995559186096e-74,0.0014375731672476519,4.428690551393267
production_outlet,0.9,0.0006993526656979196,0.0006993526656979196,1.8845224773388595e-74,0.0015486082713340352,4.428690551393267
production_outlet,0.91,0.0007527544388149772,0.0007527544388149772,3.1570649894166563e-74,0.0016668582353496152,4.428690551393267
production_outlet,0.92,0.0008095727649672209,0.0008095727649672209,5.284588755105678e-74,0.0017926736274378266,4.428690551393267
production_outlet,0.93,0.000869969301193828,0.000869969301193828,8.838617594189625e-74,0.0019264124120996545,4.428690551393267
production_outlet,0.9400000000000001,0.0009341087495845521,0.0009341087495845521,1.477076424292363e-73,0.0020684392966294424,4.428690551393267
production_outlet,0.9500000000000001,0.0010021585271091935,0.0010021585271091935,2.4664201640399416e-73,0.002219125000003339,4.428690551393267
production_outlet,0.96,0.0010742883994903682,0.0010742883994903682,4.115064360387367e-73,0.0023788454421471944,4.428690551393267
production_outlet,0.97,0.0011506700783266543,0.0011506700783266543,6.860119416919972e-73,0.002547980851828102,4.428690551393267
production_outlet,0.98,0.0012314767808325254,0.0012314767808325254,1.1426999102579e-72,0.002726914791766601,4.428690551393267
production_outlet,0.99,0.0013168827517366422,0.0013168827517366422,1.9018584247837674e-72,0.002916033099954416,4.428690551393267
production_outlet,1.0,0.0014070627470709435,0.0014070627470709435,3.162784851763439e-72,0.0031157227465852706,4.428690551393267
production_outlet,1.01,0.001502191479789215,0.001502191479789215,5.255409832985223e-72,0.003326370606462983,4.428690551393267
production_outlet,1.02,0.001602443027374984,0.001602443027374984,8.725473471099876e-72,0.003548362147240807,4.428690551393267
production_outlet,1.03,0.0017079902018339054,0.0017079902018339054,1.4474943907478293e-71,0.0037820800343670476,4.428690551393267
production_outlet,1.04,0.0018190038827146824,0.0018190038827146824,2.399331470210751e-71,0.00402790265416309,4.428690551393267
production_outlet,1.05,0.001935652314063864,0.001935652314063864,3.9738281797040464e-71,0.0042862025570385735,4.428690551393267
production_outlet,1.06,0.00205810036649243,0.00205810036649243,6.5761754856392375e-71,0.0045573448234520215,4.428690551393267
production_outlet,1.07,0.0021865087658147955,0.0021865087658147955,1.0873845960005831e-70,0.004841685355851269,4.428690551393267
production_outlet,1.08,0.0023210332900119456,0.0023210332900119456,1.7965463775709516e-70,0.005139569100472565,4.428690551393267
production_outlet,1.09,0.002461823936568548,0.002461823936568548,2.965781578540799e-70,0.005451328203537453,4.428690551393267
production_outlet,1.1,0.002609024062536865,0.002609024062536865,4.8919878256911104e-70,0.005777280107057345,4.428690551393267
production_outlet,1.11,0.002762769499986551,0.002762769499986551,8.06263585842152e-70,0.006117725590133969,4.428690551393267
production_outlet,1.12,0.0029231876498065253,0.0029231876498065253,1.3277435421354336e-69,0.006472946762323824,4.428690551393267
production_outlet,1.1300000000000001,0.0030903965571308575,0.0030903965571308575,2.1847252281061468e-69,0.006843205016311855,4.428690551393267
production_outlet,1.1400000000000001,0.0032645039719627978,0.0032645039719627978,3.5919056764386066e-69,0.007228738947808716,4.428690551393267
production_outlet,1.1500000000000001,0.003445606398866977,0.003445606398866977,5.9006315529762e-69,0.007629762251241181,4.428690551393267
production_outlet,1.16,0.0036337881398868415,0.0036337881398868415,9.685399630513332e-69,0.008046461600440884,4.428690551393267
production_outlet,1.17,0.0038291203351201726,0.0038291203351201726,1.5884811531373558e-68,0.008478994524147264,4.428690551393267
production_outlet,1.18,0.004031660005646804,0.004031660005646804,2.6031072504830583e-68,0.008927487286719061,4.428690551393267
production_outlet,1.19,0.004241449103747298,0.004241449103747298,4.2623345175505854e-68,0.009392032784990548,4.428690551393267
production_outlet,1.2,0.004458513575575967,0.004458513575575967,6.973462572159562e-68,0.009872688472705947,4.428690551393267
production_outlet,1.21,0.004682862441653861,0.004682862441653861,1.1399738559658066e-67,0.010369474324413428,4.428690551393267
production_outlet,1.22,0.0049144869007244005,0.0049144869007244005,1.8620304653983216e-67,0.010882370851092065,4.428690551393267
production_outlet,1.23,0.005153359462663415,0.005153359462663415,3.0389541464039116e-67,0.011411317180115274,4.428690551393267
production_outlet,1.24,0.005399433116253991,0.005399433116253991,4.9557225718956384e-67,0.011956209212416975,4.428690551393267
production_outlet,1.25,0.005652640537722424,0.005652640537722424,8.074865527049483e-67,0.012516897869916927,4.428690551393267
production_outlet,1.26,0.005912893345982109,0.005912893345982109,1.3146467895545424e-66,0.013093187446373541,4.428690551393267
production_outlet,1.27,0.00618008141054562,0.00618008141054562,2.1385940077612614e-66,0.01368483407486228,4.428690551393267
production_outlet,1.28,0.006454072218039451,0.006454072218039451,3.476106549372714e-66,0.01429154432502055,4.428690551393267
production_outlet,1.29,0.006734710303189221,0.006734710303189221,5.645511392877857e-66,0.014912973943052492,4.428690551393267
production_outlet,1.3,0.007021816750034391,0.007021816750034391,9.161339348032849e-66,0.01554872674724614,4.428690551393267
production_outlet,1.31,0.007315188768979286,0.007315188768979286,1.485457142362139e-65,0.016198353691418352,4.428690551393267
production_outlet,1.32,0.007614599355091103,0.007614599355091103,2.4066157587626886e-65,0.016861352108268616,4.428690551393267
production_outlet,1.33,0.007919797032814509,0.007919797032814509,3.8958197951605204e-65,0.017537165144089022,4.428690551393267
production_outlet,1.34,0.008230505691987126,0.008230505691987126,6.3013911351742485e-65,0.018225181395645943,4.428690551393267
production_outlet,1.35,0.008546424519709977,0.008546424519709977,1.0184025761169477e-64,0.018924734759317656,4.428690551393267
production_outlet,1.36,0.0088672280322533,0.0088672280322533,1.6445535315650826e-64,0.01963510450174485,4.428690551393267
production_outlet,1.37,0.009192566210761506,0.009192566210761506,2.653517853724566e-64,0.020355515560328243,4.428690551393267
production_outlet,1.3800000000000001,0.009522064744063053,0.009522064744063053,4.278006964912119e-64,0.021085139080893493,4.428690551393267
production_outlet,1.3900000000000001,0.009855325381393562,0.009855325381393562,6.891383749348789e-64,0.021823093198741955,4.428690551393267
production_outlet,1.4000000000000001,0.01019192639730568,0.01019192639730568,1.1092178644742851e-63,0.02256844406812164,4.428690551393267
production_outlet,1.41,0.010531423170469548,0.010531423170469548,1.7839092211740207e-63,0.023320207143891304,4.428690551393267
production_outlet,1.42,0.010873348877466686,0.010873348877466686,2.866646354288402e-63,0.024077348717819646,4.428690551393267
production_outlet,1.43,0.011217215302050188,0.011217215302050188,4.6027878916005497e-63,0.024838787710566818,4.428690551393267
production_outlet,1.44,0.011562513759690248,0.011562513759690248,7.384367097481189e-63,0.02560339771894742,4.428690551393267
production_outlet,1.45,0.011908716136548965,0.011908716136548965,1.183725679044132e-62,0.026370009316579464,4.428690551393267
production_outlet,1.46,0.012255276041337384,0.012255276041337384,1.8959825391482674e-62,0.027137412604493573,4.428690551393267
production_outlet,1.47,0.012601630067805182,0.012601630067805182,3.034331822096892e-62,0.02790436000672105,4.428690551393267
production_outlet,1.48,0.012947199164903993,0.012947199164903993,4.852184251045302e-62,0.028669569304308553,4.428690551393267
production_outlet,1.49,0.013291390110954385,0.013291390110954385,7.752771248306483e-62,0.029431726899632794,4.428690551393267
production_outlet,1.5,0.013633597087439138,0.013633597087439138,1.2377192056072263e-61,0.030189491301322237,4.428690551393267
production_outlet,1.51,0.01397320334734707,0.01397320334734707,1.974389186429669e-61,0.030941496818546365,4.428690551393267
production_outlet,1.52,0.014309582972307649,0.014309582972307649,3.146942962457877e-61,0.03168635745191843,4.428690551393267
production_outlet,1.53,0.014642102712092542,0.014642102712092542,5.011762164249601e-61,0.032422670966786984,4.428690551393267
production_outlet,1.54,0.014970123899421569,0.014970123899421569,7.97512518128212e-61,0.03314902313327741,4.428690551393267
production_outlet,1.55,0.015293004432402418,0.015293004432402418,1.2680314877918565e-60,0.03386399211609797,4.428690551393267
production_outlet,1.56,0.015610100816361607,0.015610100816361607,2.014503570209176e-60,0.03456615299585848,4.428690551393267
production_outlet,1.57,0.015920770256293203,0.015920770256293203,3.1978016230663385e-60,0.03525408240247433,4.428690551393267
production_outlet,1.58,0.016224372790666915,0.016224372790666915,5.072014304497779e-60,0.03592636324015429,4.428690551393267
production_outlet,1.59,0.016520273456902906,0.016520273456902906,8.03812757494683e-60,0.03658158948250944,4.428690551393267
production_outlet,1.6,0.016807844478441195,0.016807844478441195,1.2728428683398786e-59,0.037218371015480006,4.428690551393267
production_outlet,1.61,0.01708646746301283,0.01708646746301283,2.0139105006758744e-59,0.0378353385050667,4.428690551393267
production_outlet,1.62,0.01735553560146182,0.01735553560146182,3.183838375043299e-59,0.03843114826628171,4.428690551393267
production_outlet,1.6300000000000001,0.01761445585627383,0.01761445585627383,5.029297583464302e-59,0.03900448710930685,4.428690551393267
production_outlet,1.6400000000000001,0.017862651128842697,0.017862651128842697,7.937964055811925e-59,0.03955407713856996,4.428690551393267
production_outlet,1.6500000000000001,0.01809956239445106,0.01809956239445106,1.2518618260630544e-58,0.04007868048032915,4.428690551393267
production_outlet,1.6600000000000001,0.018324650793958147,0.018324650793958147,1.9726459201523714e-58,0.04057710391439178,4.428690551393267
production_outlet,1.67,0.018537399671277016,0.018537399671277016,3.105899184775391e-58,0.041048203385792584,4.428690551393267
production_outlet,1.68,0.018737316545886038,0.018737316545886038,4.886197810451892e-58,0.04149088837261511,4.428690551393267
production_outlet,1.69,0.018923935009854325,0.018923935009854325,7.680689500366853e-58,0.041904126086661046,4.428690551393267
production_outlet,1.7,0.01909681653916804,0.01909681653916804,1.2063542163993358e-57,0.04228694548435208,4.428690551393267
production_outlet,1.71,0.019255552209522055,0.019255552209522055,1.8931932971339315e-57,0.04263844106608503,4.428690551393267
production_outlet,1.72,0.019399764307187668,0.019399764307187668,2.968660567192055e-57,0.042957776443249183,4.428690551393267
production_outlet,1.73,0.019529107826079316,0.019529107826079316,4.651270565389171e-57,0.04324418765324888,4.428690551393267
production_outlet,1.74,0.019643271842718243,0.019643271842718243,7.281622106001309e-57,0.04349698620414784,4.428690551393267
production_outlet,1.75,0.019741980761425307,0.019741980761425307,1.1390168370043172e-56,0.043715561831955956,4.428690551393267
production_outlet,1.76,0.01982499542276426,0.01982499542276426,1.7802361883145583e-56,0.04389938495510542,4.428690551393267
production_outlet,1.77,0.01989211406899628,0.01989211406899628,2.7801650542607334e-56,0.04404800881230045,4.428690551393267
production_outlet,1.78,0.01994317316109109,0.01994317316109109,4.338194396432324e-56,0.044161071271661946,4.428690551393267
production_outlet,1.79,0.01997804804266413,0.01997804804266413,6.763833554680144e-56,0.04423829630091369,4.428690551393267
production_outlet,1.8,0.019996653447067254,0.019996653447067254,1.0537128798824165e-55,0.04427949509025617,4.428690551393267
production_outlet,1.81,0.019998943844745775,0.019998943844745775,1.640201252617861e-55,0.044284566821535074,4.428690551393267
production_outlet,1.82,0.019984913628881367,0.019984913628881367,2.5510411477473417e-55,0.04425349907931871,4.428690551393267
production_outlet,1.83,0.019954597138261334,0.019954597138261334,3.9644528963588685e-55,0.04418636790153854,4.428690551393267
production_outlet,1.84,0.019908068517243773,0.019908068517243773,6.155942214034604e-55,0.04408333746940363,4.428690551393267
production_outlet,1.85,0.01984544141361781,0.01984544141361781,9.551053563224562e-55,0.04394465943835891,4.428690551393267
production_outlet,1.86,0.019766868516082222,0.019766868516082222,1.4806537153335523e-54,0.043770671913903186,4.428690551393267
production_outlet,1.87,0.019672540933977033,0.019672540933977033,2.2935129396296767e-54,0.04356179807810068,4.428690551393267
production_outlet,1.8800000000000001,0.01956268742279466,0.01956268742279466,3.5497221665583156e-54,0.0433185444745953,4.428690551393267
production_outlet,1.8900000000000001,0.019437573459863567,0.019437573459863567,5.489502716390762e-54,0.043041498961855156,4.428690551393267
production_outlet,1.9000000000000001,0.019297500175431533,0.019297500175431533,8.482368194533673e-54,0.042731328346221766,4.428690551393267
production_outlet,1.9100000000000001,0.019142803145172013,0.019142803145172013,1.3096242539538707e-53,0.0423887757081023,4.428690551393267
production_outlet,1.92,0.018973851050889525,0.018973851050889525,2.0203274888753259e-53,0.04201465743630882,4.428690551393267
production_outlet,1.93,0.018791044216903932,0.018791044216903932,3.1141699542614244e-53,0.04160985998710776,4.428690551393267
production_outlet,1.94,0.018594813030243476,0.018594813030243476,4.796321887740804e-53,0.04117533638598184,4.428690551393267
production_outlet,1.95,0.01838561625336843,0.01838561625336843,7.38107820108001e-53,0.04071210249141762,4.428690551393267
production_outlet,1.96,0.018163939238677526,0.018163939238677526,1.1349500952038225e-52,0.040221233041206284,4.428690551393267
production_outlet,1.97,0.017930292054514185,0.017930292054514185,1.7437298357298232e-52,0.039703857502774366,4.428690551393267
production_outlet,1.98,0.017685207532786892,0.017685207532786892,2.6768689199180613e-52,0.03916115574994117,4.428690551393267
production_outlet,1.99,0.017429239248644826,0.017429239248644826,4.106014568891791e-52,0.03859435358922301,4.428690551393267
production_outlet,2.0,0.017162959442905527,0.017162959442905527,6.29302331213328e-52,0.03800471815937077,4.428690551393267
production_outlet,2.0100000000000002,0.01688695689811395,0.01688695689811395,9.63704016516553e-52,0.0373935532282313,4.428690551393267
production_outlet,2.02,0.016601834779222276,0.016601834779222276,1.474597425713673e-51,0.03676219441126691,4.428690551393267
production_outlet,2.0300000000000002,0.016308208449916616,0.016308208449916616,2.2544922548029327e-51,0.03611200433614877,4.428690551393267
production_outlet,2.04,0.01600670327558235,0.01600670327558235,3.444050396257541e-51,0.0354443677777636,4.428690551393267
production_outlet,2.05,0.015697952423793685,0.015697952423793685,5.2569727017008364e-51,0.03476068678773806,4.428690551393267
production_outlet,2.06,0.01538259467303978,0.01538259467303978,8.017656018131688e-51,0.034062375842201835,4.428690551393267
production_outlet,2.07,0.015061272240158876,0.015061272240158876,1.2218125777122368e-50,0.033350857030976656,4.428690551393267
production_outlet,2.08,0.014734628636648572,0.014734628636648572,1.8604038830049406e-50,0.03262755531070709,4.428690551393267
production_outlet,2.09,0.014403306563657417,0.014403306563657417,2.8304491490811075e-50,0.03189389384364511,4.428690551393267
production_outlet,2.1,0.014067945855042958,0.014067945855042958,4.30277810874024e-50,0.03115128944287041,4.428690551393267
production_outlet,2.11,0.013729181477411057,0.013729181477411057,6.535638429964972e-50,0.0304011481436869,4.428690551393267
production_outlet,2.12,0.013387641595531897,0.013387641595531897,9.91910663309567e-50,0.029644860919785795,4.428690551393267
production_outlet,2.13,0.013043945710968155,0.013043945710968155,1.5041895744229457e-49,0.0288837995615257,4.428690551393267
production_outlet,2.14,0.012698702881151287,0.012698702881151287,2.2791770508152812e-49,0.02811931273235258,4.428690551393267
production_outlet,2.15,0.012352510025512374,0.012352510025512374,3.450635025381279e-49,0.027352722217988623,4.428690551393267
production_outlet,2.16,0.012005950324615287,0.012005950324615287,5.2199394235842985e-49,0.02658531938156032,4.428690551393267
production_outlet,2.17,0.01165959171756213,0.01165959171756213,7.89000673394517e-49,0.025818361836335298,4.428690551393267
production_outlet,2.18,0.011313985502244866,0.011313985502244866,1.1916116993533738e-48,0.02505307034619612,4.428690551393267
production_outlet,2.19,0.010969665042312733,0.010969665042312733,1.7981984419565848e-48,0.02429062596241971,4.428690551393267
production_outlet,2.2,0.010627144584013513,0.010627144584013513,2.71135228805778e-48,0.023532167403755386,4.428690551393267
production_outlet,2.21,0.01028691818535731,0.01028691818535731,4.0848842591605497e-48,0.022778788685223744,4.428690551393267
production_outlet,2.22,0.009949458759345662,0.009949458759345662,6.149205910960609e-48,0.022031536999495553,4.428690551393267
production_outlet,2.23,0.009615217232314817,0.009615217232314817,9.249191897864884e-48,0.021291410853173175,4.428690551393267
production_outlet,2.24,0.009284621817761327,0.009284621817761327,1.390061509764592e-47,0.020559358458789683,4.428690551393267
production_outlet,2.25,0.008958077405358717,0.008958077405358717,2.087419421948773e-47,0.01983627638188083,4.428690551393267
production_outlet,2.2600000000000002,0.008635965064235893,0.008635965064235893,3.132065932475442e-47,0.019123008441071922,4.428690551393267
production_outlet,2.27,0.00831864165897958,0.00831864165897958,4.695669753665436e-47,0.018420344857774638,4.428690551393267
production_outlet,2.2800000000000002,0.008006439576243252,0.008006439576243252,7.034118315137877e-47,0.0177290216508048,4.428690551393267
production_outlet,2.29,0.007699666559301087,0.007699666559301087,1.052851854423925e-46,0.017049720270027713,4.428690551393267
production_outlet,2.3000000000000003,0.007398605647376454,0.007398605647376454,1.5746003286472292e-46,0.01638306746201048,4.428690551393267
production_outlet,2.31,0.007103515216105935,0.007103515216105935,2.3529835067003878e-46,0.015729635359623326,4.428690551393267
production_outlet,2.32,0.0068146291150707914,0.0068146291150707914,3.5132811221634414e-46,0.015089941786581736,4.428690551393267
production_outlet,2.33,0.006532156897942518,0.006532156897942518,5.241461439768827e-46,0.01446445076706819,4.428690551393267
production_outlet,2.34,0.0062562841404463,0.0062562841404463,7.813351493818843e-46,0.013853573229813038,4.428690551393267
production_outlet,2.35,0.0059871728410481875,0.0059871728410481875,1.1637717290027608e-45,0.013257667895354245,4.428690551393267
production_outlet,2.36,0.005724961899018729,0.005724961899018729,1.731983369307264e-45,0.012677042334635348,4.428690551393267
production_outlet,2.37,0.005469767664316492,0.005469767664316492,2.5755210641420193e-45,0.012111954186637432,4.428690551393267
production_outlet,2.38,0.005221684553571049,0.005221684553571049,3.8267665457729724e-45,0.011562612522378137,4.428690551393267
production_outlet,2.39,0.004980785726323531,0.004980785726323531,5.68125529074224e-45,0.011029179342341737,4.428690551393267
production_outlet,2.4,0.004747123815605086,0.004747123815605086,8.42756508636329e-45,0.010511771194232097,4.428690551393267
production_outlet,2.41,0.004520731706895898,0.004520731706895898,1.2491235590681707e-44,0.01001046089785691,4.428690551393267
production_outlet,2.42,0.004301623359510653,0.004301623359510653,1.8499251532458921e-44,0.009525279363958696,4.428690551393267
production_outlet,2.43,0.004089794664495977,0.004089794664495977,2.7374638291433615e-44,0.009056217493895964,4.428690551393267
production_outlet,2.44,0.003885224333202266,0.003885224333202266,4.047511536390403e-44,0.008603228147248041,4.428690551393267
production_outlet,2.45,0.00368787481080136,0.00368787481080136,5.979615720700668e-44,0.008166228164658607,4.428690551393267
production_outlet,2.46,0.003497693209162901,0.003497693209162901,8.826813054112374e-44,0.007745100433546067,4.428690551393267
production_outlet,2.47,0.0033146122536711793,0.0033146122536711793,1.301907281932347e-43,0.0073396959846829465,4.428690551393267
production_outlet,2.48,0.0031385512387601205,0.0031385512387601205,1.918676063546104e-43,0.006949836108080289,4.428690551393267
production_outlet,2.49,0.0029694169871623604,0.0029694169871623604,2.8253270848971046e-43,0.006575314477096303,4.428690551393267
production_outlet,2.5,0.002807104808107968,0.002807104808107968,4.157012036884948e-43,0.006215899270219183,4.428690551393267
production_outlet,2.5100000000000002,0.00265149944996493,0.00265149944996493,6.111380232558533e-43,0.005871335280542065,4.428690551393267
production_outlet,2.52,0.002502476043085867,0.002502476043085867,8.977239301477588e-43,0.005541346003551194,4.428690551393267
production_outlet,2.5300000000000002,0.002359901028909177,0.002359901028909177,1.3176248380545553e-42,0.0052256356944766595,4.428690551393267
production_outlet,2.54,0.002223633071656974,0.002223633071656974,1.932351896479221e-42,0.0049238913871064134,4.428690551393267
production_outlet,2.5500000000000003,0.0020935239492723473,0.0020935239492723473,2.8315623975766092e-42,0.004635784866628981,4.428690551393267
production_outlet,2.56,0.0019694194205439434,0.0019694194205439434,4.145830372951258e-42,0.004360974589746682,4.428690551393267
production_outlet,2.57,0.0018511600656724437,0.0018511600656724437,6.065161860754437e-42,0.004099107545980045,4.428690551393267
production_outlet,2.58,0.0017385820978405107,0.0017385820978405107,8.865816447540904e-42,0.003849821054763877,4.428690551393267
production_outlet,2.59,0.0016315181436517355,0.0016315181436517355,1.2949128777931907e-41,0.0036127444936085613,4.428690551393267
production_outlet,2.6,0.0015297979906037677,0.0015297979906037677,1.88976516007477e-41,0.003387500953263656,4.428690551393267
production_outlet,2.61,0.0014332493000542474,0.0014332493000542474,2.755628070130918e-41,0.0031737088164706293,4.428690551393267
production_outlet,2.62,0.0013416982844231002,0.0013416982844231002,4.0149379332833597e-41,0.0029709832575225696,4.428690551393267
production_outlet,2.63,0.0012549703476505782,0.0012549703476505782,5.84497348961861e-41,0.0027789376604594193,4.428690551393267
production_outlet,2.64,0.0011728906881947907,0.0011728906881947907,8.502208077592377e-41,0.0025971849543127076,4.428690551393267
production_outlet,2.65,0.0010952848641051526,0.0010952848641051526,1.2357379578144656e-40,0.002425338864373274,4.428690551393267
production_outlet,2.66,0.001021979319947148,0.001021979319947148,1.7945952687623819e-40,0.0022630150789846254,4.428690551393267
production_outlet,2.67,0.000952801875579295,0.000952801875579295,2.604066819010218e-40,0.0021098323318639034,4.428690551393267
production_outlet,2.68,0.0008875821769933805,0.0008875821769933805,3.7755758808473855e-40,0.0019654134004178253,4.428690551393267
production_outlet,2.69,0.0008261521096245461,0.0008261521096245461,5.469652761442563e-40,0.0018293860209539208,4.428690551393267
production_outlet,2.7,0.0007683461747171483,0.0007683461747171483,7.91738535155948e-40,0.0017013837220844973,4.428690551393267
production_outlet,2.71,0.0007140018294963072,0.0007140018294963072,1.1451154761809289e-39,0.0015810465779839008,4.428690551393267
production_outlet,2.72,0.0006629597920426972,0.0006629597920426972,1.6548638117710635e-39,0.0014680218834865692,4.428690551393267
production_outlet,2.73,0.0006150643119002634,0.0006150643119002634,2.389575229618374e-39,0.0013619647533059489,4.428690551393267
production_outlet,2.74,0.0005701634075626426,0.0005701634075626426,3.447661588837738e-39,0.0012625386479114319,4.428690551393267
production_outlet,2.75,0.0005281090720850488,0.0005281090720850488,4.9702018516920445e-39,0.0011694158288240606,4.428690551393267
production_outlet,2.7600000000000002,0.0004887574481540153,0.0004887574481540153,7.159272568165133e-39,0.001082277746281386,4.428690551393267
production_outlet,2.77,0.0004519689740187559,0.0004519689740187559,1.0304080466038323e-38,0.0010008153623798865,4.428690551393267
production_outlet,2.7800000000000002,0.0004176085017449544,0.0004176085017449544,1.4818186609579406e-38,0.000924729412929689,4.428690551393267
production_outlet,2.79,0.0003855453892957541,0.0003855453892957541,2.129248508693267e-38,0.0008537306113536725,4.428690551393267
production_outlet,2.8000000000000003,0.00035565356797568845,0.00035565356797568845,3.0570540528139047e-38,0.0007875397980316171,4.428690551393267
production_outlet,2.81,0.00032781158679253374,0.00032781158679253374,4.38556303422301e-38,0.000725888038532664,4.428690551393267
production_outlet,2.82,0.0003019026352998962,0.0003019026352998962,6.286270592686177e-38,0.0006685166741966888,4.428690551393267
production_outlet,2.83,0.0002778145464809286,0.0002778145464809286,9.003394064243285e-38,0.0006151773285198469,4.428690551393267
production_outlet,2.84,0.00025543978122146257,0.00025543978122146257,1.2884421399502476e-37,0.0005656318727727272,4.428690551393267
production_outlet,2.85,0.00023467539590001652,0.00023467539590001652,1.8423369223063932e-37,0.0005196523542334386,4.428690551393267
production_outlet,2.86,0.00021542299459343447,0.00021542299459343447,2.632198669147569e-37,0.000477020890354393,4.428690551393267
production_outlet,2.87,0.00019758866736101273,0.00019758866736101273,3.7576276978445205e-37,0.0004375295321020521,4.428690551393267
production_outlet,2.88,0.00018108291602793796,0.00018108291602793796,5.35987060733648e-37,0.00040098009961583457,4.428690551393267
production_outlet,2.89,0.00016582056884122717,0.00016582056884122717,7.639067305934485e-37,0.00036718399322689974,4.428690551393267
production_outlet,2.9,0.0001517206853191658,0.0001517206853191658,1.0878570770596093e-36,0.00033596198276195034,4.428690551393267
production_outlet,2.91,0.00013870645255900662,0.00013870645255900662,1.547921099771873e-36,0.0003071439779326755,4.428690551393267
production_outlet,2.92,0.00012670507420833882,0.00012670507420833882,2.2007528494451938e-36,0.0002805687824800264,4.428690551393267
production_outlet,2.93,0.00011564765324358074,0.00011564765324358074,3.1263615396144945e-36,0.00025608383460532544,4.428690551393267
production_outlet,2.94,0.00010546906963529738,0.00010546906963529738,4.4376454392529954e-36,0.00023354493607904,4.428690551393267
production_outlet,2.95,9.610785391494188e-05,9.610785391494188e-05,6.293778785292306e-36,0.00021281597227389373,4.428690551393267
production_outlet,2.96,8.75060575918996e-05,8.75060575918996e-05,8.918992986896713e-36,0.0001937686252234604,4.428690551393267
production_outlet,2.97,7.960912130373355e-05,7.960912130373355e-05,1.2628903495186264e-35,0.0001762820816612826,4.428690551393267
production_outlet,2.98,7.236574151692252e-05,7.236574151692252e-05,1.7867382739639404e-35,0.0001602427378502811,4.428690551393267
production_outlet,2.99,6.572773653044246e-05,6.572773653044246e-05,2.52581600293483e-35,0.00014554390286841828,4.428690551393267
production_outlet,3.0,5.964991247077902e-05,5.964991247077902e-05,3.5676969270641135e-35,0.00013208550187538722,4.428690551393267
production_outlet,3.0100000000000002,5.408992990461718e-05,5.408992990461718e-05,5.035234161079078e-35,0.0001197737807470511,4.428690551393267
production_outlet,3.02,4.9008171634920864e-05,4.9008171634920864e-05,7.100629682865055e-35,0.00010852101333031676,4.428690551393267
production_outlet,3.0300000000000002,4.436761218758453e-05,4.436761218758453e-05,1.0005056121802791e-34,9.824521244151817e-05,4.428690551393267
production_outlet,3.04,4.0133689439590755e-05,4.0133689439590755e-05,1.4085999494243272e-34,8.886984560683365e-05,4.428690551393267
production_outlet,3.0500000000000003,3.6274178785772135e-05,3.6274178785772135e-05,1.981532873888789e-34,8.032355642404956e-05,4.428690551393267
production_outlet,3.06,3.275907019005283e-05,3.275907019005283e-05,2.7852255398207853e-34,7.253989231155789e-05,4.428690551393267
production_outlet,3.0700000000000003,2.956044841850027e-05,2.956044841850027e-05,3.9116945048219685e-34,6.54570393029801e-05,4.428690551393267
production_outlet,3.08,2.665237670577823e-05,2.665237670577823e-05,5.489274701909924e-34,5.901756444452702e-05,4.428690551393267
production_outlet,3.09,2.4010784063668143e-05,2.4010784063668143e-05,7.696804822153372e-34,5.316816625715556e-05,4.428690551393267
production_outlet,3.1,2.1613356400282985e-05,2.1613356400282985e-05,1.0783294256103725e-33,4.785943363691422e-05,4.428690551393267
production_outlet,3.11,1.9439431581404523e-05,1.9439431581404523e-05,1.5095166688476939e-33,4.304561348451104e-05,4.428690551393267
production_outlet,3.12,1.746989853102896e-05,1.746989853102896e-05,2.1113967250873847e-33,3.8684387279083536e-05,4.428690551393267
production_outlet,3.13,1.5687100436664625e-05,1.5687100436664625e-05,2.9508507770045316e-33,3.473665674130691e-05,4.428690551393267
production_outlet,3.14,1.4074742096117268e-05,1.4074742096117268e-05,4.120691732366639e-33,3.11663386671858e-05,4.428690551393267
production_outlet,3.15,1.2617801416368753e-05,1.2617801416368753e-05,5.749611208786268e-33,2.7940168956014435e-05,4.428690551393267
production_outlet,3.16,1.1302445051597236e-05,1.1302445051597236e-05,8.015900257315002e-33,2.502751580382513e-05,4.428690551393267
production_outlet,3.17,1.0115948146318805e-05,1.0115948146318805e-05,1.116635946782153e-32,2.240020198699316e-05,4.428690551393267
production_outlet,3.18,9.046618130931524e-06,9.046618130931524e-06,1.5542339040729347e-32,2.0032336119259728e-05,4.428690551393267
production_outlet,3.19,8.083722500509313e-06,8.083722500509313e-06,2.1615566709030106e-32,1.790015272904537e-05,4.428690551393267
production_outlet,3.2,7.217420493394058e-06,7.217420493394058e-06,3.003740068322021e-32,1.5981860972263195e-05,4.428690551393267
production_outlet,3.21,6.438698573855478e-06,6.438698573855478e-06,4.1706480592966214e-32,1.4257501768651528e-05,4.428690551393267
production_outlet,3.22,5.739309612693143e-06,5.739309612693143e-06,5.786156991103971e-32,1.2708813126627336e-05,4.428690551393267
production_outlet,3.23,5.111715651025235e-06,5.111715651025235e-06,8.020886228273145e-32,1.1319103402552269e-05,4.428690551393267
production_outlet,3.24,4.5490341255058515e-06,4.5490341255058515e-06,1.11096396731127e-31,1.0073132224796648e-05,4.428690551393267
production_outlet,3.25,4.044987427720284e-06,4.044987427720284e-06,1.5375281098309327e-31,8.956998800824688e-06,4.428690551393267
production_outlet,3.2600000000000002,3.593855666392265e-06,3.593855666392265e-06,2.1261388807616307e-31,7.958037316411289e-06,4.428690551393267
production_outlet,3.27,3.1904324981831517e-06,3.1904324981831517e-06,2.937687994400324e-31,7.06471912978087e-06,4.428690551393267
production_outlet,3.2800000000000002,2.8299838911472708e-06,2.8299838911472708e-06,4.05569400871327e-31,6.266561459659534e-06,4.428690551393267
production_outlet,3.29,2.508209684221011e-06,2.508209684221011e-06,5.594614516648946e-31,5.5540422647113405e-06,4.428690551393267
production_outlet,3.3000000000000003,2.2212078063510263e-06,2.2212078063510263e-06,7.711176228727474e-31,4.9185210123338775e-06,4.428690551393267
production_outlet,3.31,1.9654410199103932e-06,1.9654410199103932e-06,1.0619805503606595e-30,4.352165037098952e-06,4.428690551393267
production_outlet,3.3200000000000003,1.7377060548075234e-06,1.7377060548075234e-06,1.461362542286379e-30,3.847881193012474e-06,4.428690551393267
production_outlet,3.33,1.5351050020709158e-06,1.5351050020709158e-06,2.0093003206499882e-30,3.3992525090340027e-06,4.428690551393267
production_outlet,3.34,1.355018838604623e-06,1.355018838604623e-06,2.7604329942407663e-30,3.000479563744086e-06,4.428690551393267
production_outlet,3.35,1.1950829581743613e-06,1.1950829581743613e-06,3.78926553459195e-30,2.6463263024989544e-06,4.428690551393267
production_outlet,3.36,1.053164587425542e-06,1.053164587425542e-06,5.197306673552659e-30,2.332070028696743e-06,4.428690551393267
production_outlet,3.37,9.273419697842667e-07,9.273419697842667e-07,7.122740489112804e-30,2.053455309747001e-06,4.428690551393267
production_outlet,3.38,8.158852043851749e-07,8.158852043851749e-07,9.753519873305041e-30,1.806651547841094e-06,4.428690551393267
production_outlet,3.39,7.172386316483792e-07,7.172386316483792e-07,1.3345077455964126e-29,1.5882139755377063e-06,4.428690551393267
production_outlet,3.4,6.300046617389141e-07,6.300046617389141e-07,1.8244261913284035e-29,1.39504784638842e-06,4.428690551393267
production_outlet,3.41,5.529289468377504e-07,5.529289468377504e-07,2.4921660284264623e-29,1.2243756012260875e-06,4.428690551393267
production_outlet,3.42,4.848868028922903e-07,4.848868028922903e-07,3.4015207061214345e-29,1.0737068012321878e-06,4.428690551393267
production_outlet,3.43,4.248707912570707e-07,4.248707912570707e-07,4.638897111339777e-29,9.40810629401585e-07,4.428690551393267
production_outlet,3.44,3.719793753504326e-07,3.719793753504326e-07,6.3212335322147e-29,8.236907724638152e-07,4.428690551393267
production_outlet,3.45,3.2540657210990825e-07,3.2540657210990825e-07,8.606655192085236e-29,7.205625056322112e-07,4.428690551393267
production_outlet,3.46,2.8443252260411475e-07,2.8443252260411475e-07,1.1708801597356845e-28,6.298318126828974e-07,4.428690551393267
production_outlet,3.47,2.4841491062981215e-07,2.4841491062981215e-07,1.591607451742394e-28,5.50076383765726e-07,4.428690551393267
production_outlet,3.48,2.1678116247251137e-07,2.1678116247251137e-07,2.1617474454532085e-28,4.800283429810298e-07,4.428690551393267
production_outlet,3.49,1.8902136522203111e-07,1.8902136522203111e-07,2.933725116380223e-28,4.1855856708513253e-07,4.428690551393267
production_outlet,3.5,1.6468184509966741e-07,1.6468184509966741e-07,3.978133537664849e-28,3.646624656894533e-07,4.428690551393267
production_outlet,3.5100000000000002,1.43359351161291e-07,1.43359351161291e-07,5.389950412645153e-28,3.1744710197093935e-07,4.428690551393267
production_outlet,3.52,1.246957934843499e-07,1.246957934843499e-07,7.2968539867991285e-28,2.761195412013132e-07,4.428690551393267
production_outlet,3.5300000000000002,1.083734885214059e-07,1.083734885214059e-07,9.870337797933537e-28,2.399763223181385e-07,4.428690551393267
production_outlet,3.54,9.411086770584676e-08,9.411086770584676e-08,1.3340553535828337e-27,2.0839395529615263e-07,4.428690551393267
production_outlet,3.5500000000000003,8.165860862543528e-08,8.165860862543528e-08,1.801611552023691e-27,1.8082035422969296e-07,4.428690551393267
production_outlet,3.56,7.079615113691508e-08,7.079615113691508e-08,2.431050271487006e-27,1.5676712280753274e-07,4.428690551393267
production_outlet,3.5700000000000003,6.132856368132912e-08,6.132856368132912e-08,3.2777225980190826e-27,1.3580261525301125e-07,4.428690551393267
production_outlet,3.58,5.308372777791259e-08,5.308372777791259e-08,4.415663040084849e-27,1.1754570182138688e-07,4.428690551393267
production_outlet,3.59,4.5909811227830913e-08,4.5909811227830913e-08,5.94381287487948e-27,1.0166017360047164e-07,4.428690551393267
production_outlet,3.6,3.9673002952139884e-08,3.9673002952139884e-08,7.994288289568674e-27,8.784972665976953e-08,4.428690551393267
production_outlet,3.61,3.4255484626080724e-08,3.4255484626080724e-08,1.074335574933234e-26,7.58534705484605e-08,4.428690551393267
production_outlet,3.62,2.9553616359774403e-08,2.9553616359774403e-08,1.4425988514398373e-26,6.544191076601719e-08,4.428690551393267
production_outlet,3.63,2.5476315619416984e-08,2.5476315619416984e-08,1.9355156226341427e-26,5.641335913401235e-08,4.428690551393267
production_outlet,3.64,2.1943610389441198e-08,2.1943610389441198e-08,2.594736457912619e-26,4.859072999758668e-08,4.428690551393267
production_outlet,3.65,1.888534925120542e-08,1.888534925120542e-08,3.475644114293071e-26,4.181868389428767e-08,4.428690551393267
production_outlet,3.66,1.62400526041117e-08,1.62400526041117e-08,4.651819142779749e-26,3.5961083760979545e-08,4.428690551393267
production_outlet,3.67,1.3953890687264579e-08,1.3953890687264579e-08,6.220937184749619e-26,3.089873192093157e-08,4.428690551393267
production_outlet,3.68,1.1979775380374051e-08,1.1979775380374051e-08,8.31255026810045e-26,2.6527359017438117e-08,4.428690551393267
production_outlet,3.69,1.02765539781411e-08,1.02765539781411e-08,1.1098345151870857e-25,2.275583875193819e-08,4.428690551393267
production_outlet,3.7,8.8082942491879e-09,8.8082942491879e-09,1.4805655613015332e-25,1.950460475763505e-08,4.428690551393267
production_outlet,3.71,7.543651114988527e-09,7.543651114988527e-09,1.9735245507811416e-25,1.6704248207978486e-08,4.428690551393267
production_outlet,3.72,6.455306222257597e-09,6.455306222257597e-09,2.6284692307768474e-25,1.4294276836431191e-08,4.428690551393267
production_outlet,3.73,5.5194725397505876e-09,5.5194725397505876e-09,3.4979108406916537e-25,1.2222017942734013e-08,4.428690551393267
production_outlet,3.74,4.715456893033148e-09,4.715456893033147e-09,4.651146803022623e-25,1.0441649693839075e-08,4.428690551393267
production_outlet,3.75,4.025274063907189e-09,4.0252740639071884e-09,6.179549750119043e-25,8.913346606797072e-09,4.428690551393267
production_outlet,3.7600000000000002,3.4333067299705446e-09,3.433306729970544e-09,8.203498303463588e-25,7.602526537527732e-09,4.428690551393267
production_outlet,3.77,2.926006109136362e-09,2.9260061091363607e-09,1.088145138572779e-24,6.479187804425591e-09,4.428690551393267
production_outlet,3.7800000000000002,2.4916287084739877e-09,2.4916287084739864e-09,1.4421818762998418e-24,5.517326259399479e-09,4.428690551393267
production_outlet,3.79,2.1200050608288663e-09,2.1200050608288643e-09,1.909847606962236e-24,4.694423190899354e-09,4.428690551393267
production_outlet,3.8000000000000003,1.8023367704426552e-09,1.8023367704426528e-09,2.5271025736050165e-24,3.990995912844021e-09,4.428690551393267
production_outlet,3.81,1.5310185840880451e-09,1.5310185840880418e-09,3.341123269911736e-24,3.3902037686791114e-09,4.428690551393267
production_outlet,3.8200000000000003,1.2994825606566352e-09,1.2994825606566308e-09,4.4137486943289035e-24,2.8775030690401837e-09,4.428690551393267
production_outlet,3.83,1.1020617330628493e-09,1.1020617330628435e-09,5.825969128157631e-24,2.4403451921337645e-09,4.428690551393267
production_outlet,3.84,9.33870944878201e-10,9.338709448781933e-10,7.683767756248367e-24,2.0679127149013955e-09,4.428690551393267
production_outlet,3.85,7.907028031960607e-10,7.907028031960506e-10,1.0125716279682234e-23,1.7508890167372817e-09,4.428690551393267
production_outlet,3.86,6.689369215358803e-10,6.68936921535867e-10,1.333284262542225e-23,1.481257311942026e-09,4.428690551393267
production_outlet,3.87,5.654608346123876e-10,5.654608346123701e-10,1.7541439316259655e-23,1.252125527715416e-09,4.428690551393267
production_outlet,3.88,4.77601152809893e-10,4.776011528098699e-10,2.305967444738835e-23,1.0575738563918524e-09,4.428690551393267
production_outlet,3.89,4.0306369031947675e-10,4.0306369031944645e-10,3.0289115544611484e-23,8.925221784637842e-10,4.428690551393267
production_outlet,3.9,3.398814490514597e-10,3.3988144905141995e-10,3.9752595176140177e-23,7.526148810040258e-10,4.428690551393267
production_outlet,3.91,2.863694723959222e-10,2.863694723958701e-10,5.213025556788565e-23,6.341208883036478e-10,4.428690551393267
production_outlet,3.92,2.4108570028956917e-10,2.410857002895009e-10,6.83061324562998e-23,5.338469814742219e-10,4.428690551393267
production_outlet,3.93,2.0279706133246396e-10,2.0279706133237452e-10,8.942830755753925e-23,4.49062714686702e-10,4.428690551393267
production_outlet,3.94,1.7045013022849624e-10,1.7045013022837924e-10,1.1698651440670762e-22,3.7743544061334656e-10,4.428690551393267
production_outlet,3.95,1.4314576081964295e-10,1.4314576081949003e-10,1.52912174761196e-22,3.169741392069766e-10,4.428690551393267
production_outlet,3.96,1.2011717755491767e-10,1.2011717755471796e-10,1.9970723669899572e-22,2.659809046487456e-10,4.428690551393267
production_outlet,3.97,1.0071107238384265e-10,1.0071107238358203e-10,2.606099625641137e-22,2.2300908734350364e-10,4.428690551393267
production_outlet,3.98,8.437131069903738e-11,8.437131069869758e-11,3.398080782294266e-22,1.8682721325074623e-10,4.428690551393267
production_outlet,3.99,7.06248998920168e-11,7.062489989157409e-11,4.4271257521130705e-22,1.5638791342243508e-10,4.428690551393267
production_outlet,4.0,5.90699180686721e-11,5.906991806809578e-11,5.763091186906284e-22,1.3080119401115126e-10,4.428690551393267
production_outlet,4.01,4.9365139159880996e-11,4.936513915913139e-11,7.4960866525040415e-22,1.0931146268278935e-10,4.428690551393267
production_outlet,4.0200000000000005,4.122112465479592e-11,4.122112465382169e-11,9.742247959853561e-22,9.127780263824936e-11,4.428690551393267
production_outlet,4.03,3.439258201405095e-11,3.4392582012785835e-11,1.265112753264261e-21,7.615705150182272e-11,4.428690551393267
production_outlet,4.04,2.8671815966241015e-11,2.86718159645995e-11,1.641514647538535e-21,6.34893002304891e-11,4.428690551393267
production_outlet,4.05,2.3883121781502766e-11,2.38831217793746e-11,2.128167295328326e-21,5.288547788575801e-11,4.428690551393267
production_outlet,4.0600000000000005,1.9877989632736477e-11,1.9877989629979633e-11,2.7568443151547456e-21,4.401673243359667e-11,4.428690551393267
production_outlet,4.07,1.653100663851014e-11,1.6531006634941815e-11,3.568323265335971e-21,3.660535645249461e-11,4.428690551393267
production_outlet,4.08,1.373635843483572e-11,1.3736358430220828e-11,4.614892784500511e-21,3.0417040405454074e-11,4.428690551393267
production_outlet,4.09,1.1404845415090331e-11,1.1404845409126786e-11,5.963545179622859e-21,2.5254265564955686e-11,4.428690551393267
production_outlet,4.1,9.461340347226354e-12,9.461340339526315e-12,7.700038307215869e-21,2.095067429963862e-11,4.428690551393267
production_outlet,4.11,7.842624136780389e-12,7.84262412684633e-12,9.934058922428646e-21,1.736627770634404e-11,4.428690551393267
production_outlet,4.12,6.495545240360894e-12,6.495545227555114e-12,1.2805780438883863e-20,1.4383379916066899e-11,4.428690551393267
production_outlet,4.13,5.3754558127594344e-12,5.37545579626525e-12,1.6494184380018678e-20,1.1903115183699859e-11,4.428690551393267
production_outlet,4.14,4.44488423766645e-12,4.44488421643884e-12,2.1227610610936887e-20,9.842508412695136e-12,4.428690551393267
production_outlet,4.15,3.6724093758477714e-12,3.67240934855065e-12,2.729712157285831e-20,8.131982351832534e-12,4.428690551393267
production_outlet,4.16,3.0317067788283898e-12,3.0317067437549733e-12,3.5073416236270497e-20,6.713245582996103e-12,4.428690551393267
production_outlet,4.17,2.5007413601578778e-12,2.5007413151296597e-12,4.5028217841739625e-20,5.53750481660477e-12,4.428690551393267
production_outlet,4.18,2.0610846775587013e-12,2.061084619797406e-12,5.776129501373133e-20,4.563953118562829e-12,4.428690551393267
production_outlet,4.19,1.697338134250501e-12,1.697338060215931e-12,7.403457004837141e-20,3.7584926788373345e-12,4.428690551393267
production_outlet,4.2,1.3966461235363664e-12,1.396646028721231e-12,9.481513537816509e-20,3.0926567454727694e-12,4.428690551393267
production_outlet,4.21,1.1482854759223102e-12,1.1482853545928532e-12,1.213294570837372e-19,2.542700518759628e-12,4.428690551393267
production_outlet,4.22,9.433195737916014e-13,9.433194186599867e-13,1.551316147070111e-19,2.088835241697594e-12,4.428690551393267
production_outlet,4.23,7.743072195832753e-13,7.743070213941388e-13,1.9818913650794795e-19,1.7145835336220214e-12,4.428690551393267
production_outlet,4.24,6.350578183908731e-13,6.350575654000011e-13,2.5299087199004137e-19,1.4062372799480405e-12,4.428690551393267
production_outlet,4.25,5.204256987023119e-13,5.204253760198719e-13,3.226824400301326e-19,1.152402187272584e-12,4.428690551393267
production_outlet,4.26,4.26137475010093e-13,4.261370637739412e-13,4.1123615180602363e-19,9.436155045858915e-13,4.428690551393267
production_outlet,4.2700000000000005,3.486472787102844e-13,3.486467550462893e-13,5.23663995063642e-19,7.720254544966056e-13,4.428690551393267
production_outlet,4.28,2.8501547116166223e-13,2.8501480487730575e-13,6.662843564646927e-19,6.311226620672768e-13,4.428690551393267
production_outlet,4.29,2.3280712410317087e-13,2.328062770474253e-13,8.470557455478928e-19,5.155153554063762e-13,4.428690551393267
production_outlet,4.3,1.9000712435328988e-13,1.900060483593077e-13,1.0759939821822727e-18,4.2074137816041016e-13,4.428690551393267
production_outlet,4.3100000000000005,1.549492461044684e-13,1.5494788041120826e-13,1.365693260135963e-18,3.4311113108418455e-13,4.428690551393267
production_outlet,4.32,1.2625694748579098e-13,1.2625521550941607e-13,1.7319763749115689e-18,2.795764751890392e-13,4.428690551393267
production_outlet,4.33,1.0279399899608737e-13,1.0279180429067228e-13,2.1947054150844006e-18,2.2762140604695053e-13,4.428690551393267
production_outlet,4.34,8.362334902853402e-14,8.362057023691355e-14,2.7787916204752108e-18,1.8517096785926495e-13,4.428690551393267
production_outlet,4.3500000000000005,6.797288385383864e-14,6.796936840161689e-14,3.5154522217558954e-18,1.5051543423722355e-13,4.428690551393267
production_outlet,4.36,5.5206952830683804e-14,5.520250905740632e-14,4.44377327748059e-18,1.2224725518623156e-13,4.428690551393267
production_outlet,4.37,4.4802710037790546e-14,4.479709738650811e-14,5.612651282431609e-18,9.920866931058762e-14,4.428690551393267
production_outlet,4.38,3.633047591232446e-14,3.632339270912155e-14,7.083203202907466e-18,8.0448217700266e-14,4.428690551393267
production_outlet,4.39,2.943745106071048e-14,2.942851930542078e-14,8.931755289699362e-18,6.51846806848351e-14,4.428690551393267
production_outlet,4.4,2.38342227918041e-14,2.3822969245438996e-14,1.1253546365105054e-17,5.277719863893243e-14,4.428690551393267
production_outlet,4.41,1.9283596191184518e-14,1.9269428878892788e-14,1.416731229173063e-17,4.270054012439103e-14,4.428690551393267
production_outlet,4.42,1.5591358337384227e-14,1.5573537381146045e-14,1.7820956238183107e-17,3.452465067608008e-14,4.428690551393267
production_outlet,4.43,1.2598648794561422e-14,1.2576250238912492e-14,2.239855564893103e-17,2.789775843839817e-14,4.428690551393267
production_outlet,4.44,1.0175663705936352e-14,1.01475346926334e-14,2.812901330295265e-17,2.2532432854317857e-14,4.428690551393267
production_outlet,4.45,8.21646627706503e-15,8.181169548382318e-15,3.529672868271174e-17,1.8194093283539654e-14,4.428690551393267
production_outlet,4.46,6.634714552230386e-15,6.590459802534982e-15,4.425474969540387e-17,1.469154882432706e-14,4.428690551393267
production_outlet,4.47,5.3601493171667124e-15,5.304708350411839e-15,5.544096675487364e-17,1.1869221317496645e-14,4.428690551393267
production_outlet,4.48,4.335711695643016e-15,4.266313660489522e-15,6.939803515349474e-17,9.600762710029752e-15,4.428690551393267
production_outlet,4.49,3.515182383794657e-15,3.4283845216852833e-15,8.679786210937377e-17,7.783827504767728e-15,4.428690551393267
production_outlet,4.5,2.8612531939017166e-15,2.7527815165316782e-15,1.084716773700385e-16,6.3358024924881695e-15,4.428690551393267
production_outlet,4.51,2.3439572592795535e-15,2.2085103318830343e-15,1.354469273965194e-16,5.190330683520508e-15,4.428690551393267
production_outlet,4.5200000000000005,1.939397392873524e-15,1.770404892009163e-15,1.6899250086436086e-16,4.2944954546078556e-15,4.428690551393267
production_outlet,4.53,1.628723125374512e-15,1.4180490083836441e-15,2.106741169908677e-16,3.606555358090906e-15,4.428690551393267
production_outlet,4.54,1.3973162404187805e-15,1.1348941410320877e-15,2.6242209938669294e-16,3.0941406156255076e-15,4.428690551393267
production_outlet,4.55,1.2341524865196761e-15,9.075382562113486e-16,3.266142303083275e-16,2.7328397280140976e-15,4.428690551393267
production_outlet,4.5600000000000005,1.1313138443518061e-15,7.251368947877717e-16,4.0617694956403443e-16,2.505119466570618e-15,4.428690551393267
production_outlet,4.57,1.0836314931481442e-15,5.789226449174245e-16,5.047088482307199e-16,2.399534277448682e-15,4.428690551393267
production_outlet,4.58,1.0884446501667864e-15,4.618134173593944e-16,6.266312328073921e-16,2.4101922689540984e-15,4.428690551393267
production_outlet,4.59,1.1454649270101842e-15,3.680933991334241e-16,7.7737152787676e-16,2.53645484960119e-15,4.428690551393267
production_outlet,4.6000000000000005,1.256739911637363e-15,2.9315343427206545e-16,9.635864773652976e-16,2.7828560861135994e-15,4.428690551393267
production_outlet,4.61,1.4267134866240852e-15,2.3327995182951756e-16,1.1934335347945675e-15,3.159236268878715e-15,4.428690551393267
production_outlet,4.62,1.6623840641981843e-15,1.8548351676998202e-16,1.4769005474282023e-15,3.681092298950618e-15,4.428690551393267
production_outlet,4.63,1.9735655826232038e-15,1.4735969025951342e-16,1.8262058923636905e-15,4.370155624159165e-15,4.428690551393267
production_outlet,4.64,2.3732598904753947e-15,1.1697621165076197e-16,2.2562836788246325e-15,5.255216826474499e-15,4.428690551393267
production_outlet,4.65,2.878153170851298e-15,9.278160449313545e-17,2.7853715663581623e-15,6.373224876605856e-15,4.428690551393267
production_outlet,4.66,3.509253457589189e-15,7.35312042662305e-17,3.4357222533229588e-15,7.770698815034697e-15,4.428690551393267
production_outlet,4.67,4.292691210417274e-15,5.822734028029963e-17,4.2344638701369745e-15,9.505500501811953e-15,4.428690551393267
production_outlet,4.68,5.260710498917322e-15,4.607100654632197e-17,5.2146394923709995e-15,1.164902944008525e-14,4.428690551393267
production_outlet,4.69,6.452884767009777e-15,3.642284976810181e-17,6.416461917241675e-15,1.428891489844287e-14,4.428690551393267
production_outlet,4.7,7.917598602885843e-15,2.8771706288753567e-17,7.88882689659709e-15,1.753229706116253e-14,4.428690551393267
production_outlet,4.71,9.713845643405878e-15,2.2709249815168148e-17,9.69113639359071e-15,2.1509808209322128e-14,4.428690551393267
production_outlet,4.72,1.1913402948869566e-14,1.790958123942966e-17,1.1895493367630136e-14,2.6380387537299663e-14,4.428690551393267
production_outlet,4.73,1.4603454184435694e-14,1.4112811755512282e-17,1.458934137268018e-14,3.233708978215741e-14,4.428690551393267
production_outlet,4.74,1.7889748074813632e-14,1.1111869696304515e-17,1.7878636205117326e-14,3.961407913286651e-14,4.428690551393267
production_outlet,4.75,2.1900395249539403e-14,8.741907466752513e-18,2.189165334207265e-14,4.849503675670657e-14,4.428690551393267
production_outlet,4.76,2.6790426220551538e-14,6.871803688710163e-18,2.6783554416862828e-14,5.932325373537751e-14,4.428690551393267
production_outlet,4.7700000000000005,3.274725635871855e-14,5.397352183181315e-18,3.2741859006535366e-14,7.251373240995495e-14,4.428690551393267
production_outlet,4.78,3.999723097357278e-14,4.235807783269703e-18,3.999299516578951e-14,8.856767944727794e-14,4.428690551393267
production_outlet,4.79,4.881345566187357e-14,3.3215225464564846e-18,4.8810134139327115e-14,1.0808984493529681e-13,4.428690551393267
production_outlet,4.8,5.952515480114732e-14,2.6024574610926246e-18,5.952255234368623e-14,1.3180924531903133e-13,4.428690551393267
production_outlet,4.8100000000000005,7.2528845381722e-14,2.0373964632901303e-18,7.25268079852587e-14,1.606039061227477e-13,4.428690551393267
production_outlet,4.82,8.830166540459718e-14,1.5937233306179794e-18,8.830007168126656e-14,1.955303756248146e-13,4.428690551393267
production_outlet,4.83,1.0741725710786495e-13,1.2456492952996364e-18,1.0741601145856964e-13,2.3785889580509133e-13,4.428690551393267
production_outlet,4.84,1.3056467680727892e-13,9.728012430303302e-19,1.305637040060359e-13,2.8911527526105584e-13,4.428690551393267
production_outlet,4.8500000000000005,1.585708868640713e-13,7.59098128941292e-19,1.5857012776594237e-13,3.5113069419048164e-13,4.428690551393267
production_outlet,4.86,1.9242748320650382e-13,5.918575594140401e-19,1.924268913489444e-13,4.2610088835251497e-13,4.428690551393267
production_outlet,4.87,2.333224262147606e-13,4.610860158538897e-19,2.333219651287448e-13,5.166564122027315e-13,4.428690551393267
production_outlet,4.88,2.826776762607994e-13,3.589154690658421e-19,2.826773173453303e-13,6.259459769730034e-13,4.428690551393267
production_outlet,4.89,3.4219379079916236e-13,2.7915658462766106e-19,3.4219351164257775e-13,7.577352040288472e-13,4.428690551393267
production_outlet,4.9,4.1390272110329445e-13,2.1694470255770596e-19,4.139025041585919e-13,9.165235350730612e-13,4.428690551393267
production_outlet,4.91,5.002302575173519e-13,1.6845957367155993e-19,5.002300890577782e-13,1.1076825074940585e-12,4.428690551393267
production_outlet,4.92,6.040698170081303e-13,1.3070368095383267e-19,6.040696863044494e-13,1.337619145482883e-12,4.428690551393267
production_outlet,4.93,7.288695510748392e-13,1.0132705347722035e-19,7.288694497477857e-13,1.613968847021696e-12,4.428690551393267
production_outlet,4.94,8.787350816712494e-13,7.848894343936596e-20,8.78735003182306e-13,1.9458228766876265e-12,4.428690551393267
production_outlet,4.95,1.0585505545202804e-12,6.074870522594435e-20,1.0585504937715752e-12,2.3439964194880344e-12,4.428690551393267
production_outlet,4.96,1.2741211408138338e-12,4.6979786944167774e-20,1.274121093834047e-12,2.821344128826318e-12,4.428690551393267
production_outlet,4.97,1.5323406286171032e-12,3.630199843295154e-20,1.5323405923151048e-12,3.3931312317362915e-12,4.428690551393267
production_outlet,4.98,1.8413883343746386e-12,2.8028218753305416e-20,1.84138830634642e-12,4.077469558945374e-12,4.428690551393267
production_outlet,4.99,2.2109602441331785e-12,2.1622501553538273e-20,2.210960222510677e-12,4.895829371349379e-12,4.428690551393267
production_outlet,5.0,2.652540076369111e-12,1.6667169399445502e-20,2.6525400597019416e-12,5.8736395867039285e-12,4.428690551393267
production_outlet,5.01,3.179716858251132e-12,1.2836990973840156e-20,3.1797168454141413e-12,7.040991003121336e-12,4.428690551393267
production_outlet,5.0200000000000005,3.80855664130797e-12,9.878934275901453e-21,3.808556631429036e-12,8.43345940590334e-12,4.428690551393267
production_outlet,5.03,4.558037169458754e-12,7.596305637386844e-21,4.558037161862448e-12,1.0093068072640645e-11,4.428690551393267
production_outlet,5.04,5.450555673229538e-12,5.836335353229877e-21,5.450555667393203e-12,1.206941220493731e-11,4.428690551393267
production_outlet,5.05,6.512521522388481e-12,4.480469448004335e-21,6.512521517908011e-12,1.442097126597358e-11,4.428690551393267
production_outlet,5.0600000000000005,7.775047251797955e-12,3.4367843027510645e-21,7.775047248361171e-12,1.7216639150336892e-11,4.428690551393267
production_outlet,5.07,9.27475351185321e-12,2.6340651097791692e-21,9.274753509219146e-12,2.0537506622222914e-11,4.428690551393267
production_outlet,5.08,1.1054705818931486e-11,2.0171872266256386e-21,1.10547058169143e-11,2.4478935604367018e-11,4.428690551393267
production_outlet,5.09,1.3165503630243509e-11,1.5435168928662476e-21,1.3165503628699991e-11,2.915297076579659e-11,4.428690551393267
production_outlet,5.1000000000000005,1.566654528321366e-11,1.1801087713492597e-21,1.5666545282033552e-11,3.4691140534371546e-11,4.428690551393267
production_outlet,5.11,1.862749576867592e-11,9.015258076693986e-22,1.8627495767774394e-11,4.124770725342655e-11,4.428690551393267
production_outlet,5.12,2.2129988201751337e-11,6.881446896643565e-22,2.2129988201063194e-11,4.9003434825770306e-11,4.428690551393267
production_outlet,5.13,2.6269594272055088e-11,5.24839890128275e-22,2.6269594271530248e-11,5.816995197079252e-11,4.428690551393267
production_outlet,5.14,3.1158103960073436e-11,3.9996259998165515e-22,3.1158103959673475e-11,6.899480030365317e-11,4.428690551393267
production_outlet,5.15,3.692616047022959e-11,3.045491584302601e-22,3.6926160469925037e-11,8.176726898686866e-11,4.428690551393267
production_outlet,5.16,4.3726302732066014e-11,2.317079305903696e-22,4.3726302731834306e-11,9.682513187843116e-11,4.428690551393267
production_outlet,5.17,5.1736475046009525e-11,1.7614481635332713e-22,5.173647504583338e-11,1.1456241909932795e-10,4.428690551393267
production_outlet,5.18,6.11640715951838e-11,1.3379636348269265e-22,6.116407159505e-11,1.354383729791659e-10,4.428690551393267
production_outlet,5.19,7.225059271524193e-11,1.0154632859594857e-22,7.225059271514038e-11,1.5998775864527757e-10,4.428690551393267
production_outlet,5.2,8.527700012601272e-11,7.70068956951869e-23,8.527700012593572e-11,1.8883272235461746e-10,4.428690551393267
production_outlet,5.21,1.0056986990909042e-10,5.834994898324806e-23,1.0056986990903206e-10,2.2269641631061936e-10,4.428690551393267
production_outlet,5.22,1.1850845500329746e-10,4.41770608893464e-23,1.1850845500325328e-10,2.6241863746665877e-10,4.428690551393267
production_outlet,5.23,1.3953278353728234e-10,3.3419398639728843e-23,1.3953278353724892e-10,3.0897376003058213e-10,4.428690551393267
production_outlet,5.24,1.6415293559088465e-10,2.5260731149907095e-23,1.641529355908594e-10,3.634912774174092e-10,4.428690551393267
production_outlet,5.25,1.9295965915454773e-10,1.9078256194626956e-23,1.9295965915452865e-10,4.272793096489054e-10,4.428690551393267
production_outlet,5.26,2.2663650633440272e-10,1.4397162619594153e-23,2.2663650633438832e-10,5.018514771019747e-10,4.428690551393267
production_outlet,5.2700000000000005,2.659736934417458e-10,1.0855769608020482e-23,2.6597369344173496e-10,5.889575915323145e-10,4.428690551393267
production_outlet,5.28,3.118839137379761e-10,8.17880397114122e-24,3.1188391373796793e-10,6.906186709514637e-10,4.428690551393267
production_outlet,5.29,3.6542035952689355e-10,6.156933381840266e-24,3.654203595268874e-10,8.09166846761742e-10,4.428690551393267
production_outlet,5.3,4.2779724126023626e-10,4.631104531059895e-24,4.277972412602316e-10,9.47290800140657e-10,4.428690551393267
production_outlet,5.3100000000000005,5.004131256348565e-10,3.4805685123015185e-24,5.004131256348529e-10,1.1080874406461302e-09,4.428690551393267
production_outlet,5.32,5.848774526147034e-10,2.613733257762518e-24,5.848774526147008e-10,1.29512062405885e-09,4.428690551393267
production_outlet,5.33,6.830406332331947e-10,1.9611816220986358e-24,6.830406332331928e-10,1.5124877993087615e-09,4.428690551393267
production_outlet,5.34,7.97028176266494e-10,1.470346999759215e-24,7.970281762664925e-10,1.7648955767128146e-09,4.428690551393267
production_outlet,5.3500000000000005,9.292793427825999e-10,1.1014564702251356e-24,9.292793427825987e-10,2.0577453224931225e-09,4.428690551393267
production_outlet,5.36,1.0825908835514512e-09,8.244423850884957e-25,1.0825908835514504e-09,2.3972300085044002e-09,4.428690551393267
production_outlet,5.37,1.2601664757561321e-09,6.1659323784121375e-25,1.2601664757561315e-09,2.790443682181867e-09,4.428690551393267
production_outlet,5.38,1.4656725428009832e-09,4.607683903072387e-25,1.4656725428009828e-09,3.2455050708696287e-09,4.428690551393267
production_outlet,5.39,1.7033012147186139e-09,3.4404248206941765e-25,1.7033012147186135e-09,3.7716969979005e-09,4.428690551393267
production_outlet,5.4,1.977841267197164e-09,2.566769915367243e-25,1.9778412671971638e-09,4.3796234660958835e-09,4.428690551393267
production_outlet,5.41,2.294757965065781e-09,1.9134066650668022e-25,2.294757965065781e-09,5.0813864588106325e-09,4.428690551393267
production_outlet,5.42,2.660282831686926e-09,1.425191089404813e-25,2.660282831686926e-09,5.8907847203628065e-09,4.428690551393267
production_outlet,5.43,3.081514469615726e-09,1.0606800202465708e-25,3.081514469615726e-09,6.8235370077844e-09,4.428690551393267
production_outlet,5.44,3.5665316706225927e-09,7.887532322818978e-26,3.5665316706225927e-09,7.89753255546556e-09,4.428690551393267
production_outlet,5.45,4.124520175254897e-09,5.860617662472454e-26,4.124520175254897e-09,9.13311176459113e-09,4.428690551393267
production_outlet,5.46,4.765914574068957e-09,4.351020215946276e-26,4.765914574068957e-09,1.0553380421463328e-08,4.428690551393267
production_outlet,5.47,5.502556985013461e-09,3.2276340361823004e-26,5.502556985013461e-09,1.2184561064016067e-08,4.428690551393267
production_outlet,5.48,6.347874294709475e-09,2.3923402430377413e-26,6.347874294709475e-09,1.4056385455206023e-08,4.428690551393267
production_outlet,5.49,7.317075916048575e-09,1.7717689198439913e-26,7.317075916048575e-09,1.620253248661578e-08,4.428690551393267
production_outlet,5.5,8.427374191099538e-09,1.311102622782014e-26,8.427374191099538e-09,1.8661116226589e-08,4.428690551393267
production_outlet,5.51,9.698229757221176e-09,9.69419535254665e-27,9.698229757221176e-09,2.147522924552322e-08,4.428690551393267
production_outlet,5.5200000000000005,1.1151624395941907e-08,7.161967106298734e-27,1.1151624395941907e-08,2.4693546797497283e-08,4.428690551393267
production_outlet,5.53,1.2812364098934971e-08,5.28686658215302e-27,1.2812364098934971e-08,2.8370997912981806e-08,4.428690551393267
production_outlet,5.54,1.4708415313609714e-08,3.89950833964523e-27,1.4708415313609714e-08,3.256950996267569e-08,4.428690551393267
production_outlet,5.55,1.687127757266205e-08,2.8738680887709946e-27,1.687127757266205e-08,3.7358833787990774e-08,4.428690551393267
production_outlet,5.5600000000000005,1.9336395967551964e-08,2.116261253227106e-27,1.9336395967551964e-08,4.281745705974812e-08,4.428690551393267
production_outlet,5.57,2.2143617195325632e-08,1.5571025101998313e-27,2.2143617195325632e-08,4.9033614123304046e-08,4.428690551393267
production_outlet,5.58,2.5337693191424433e-08,1.1447498704804118e-27,2.5337693191424433e-08,5.610640121548145e-08,4.428690551393267
production_outlet,5.59,2.8968836657907457e-08,8.409099188734693e-28,2.8968836657907457e-08,6.414700659586483e-08,4.428690551393267
production_outlet,5.6000000000000005,3.30933331065334e-08,6.172112326566106e-28,3.30933331065334e-08,7.328006582150723e-08,4.428690551393267
production_outlet,5.61,3.77742143588654e-08,4.526511636010247e-28,3.77742143588654e-08,8.364515310870553e-08,4.428690551393267
production_outlet,5.62,4.308199878031268e-08,3.3169500759900566e-28,4.308199878031268e-08,9.53984204667535e-08,4.428690551393267
production_outlet,5.63,4.9095503870854196e-08,2.4286207574735677e-28,4.9095503870854196e-08,1.0871439705437176e-07,4.428690551393267
production_outlet,5.64,5.590273719104465e-08,1.7767484457646726e-28,5.590273719104465e-08,1.2378796199750018e-07,4.428690551393267
production_outlet,5.65,6.360187196632823e-08,1.2987861827248825e-28,6.360187196632823e-08,1.4083650471410106e-07,4.428690551393267
production_outlet,5.66,7.230231408408961e-08,9.486256186549061e-29,7.230231408408961e-08,1.60102287614038e-07,4.428690551393267
production_outlet,5.67,8.212586757431711e-08,6.923050703362249e-29,8.212586757431711e-08,1.8185502687567642e-07,4.428690551393267
production_outlet,5.68,9.320800604391199e-08,5.048305743771242e-29,9.320800604391199e-08,2.0639470784043976e-07,4.428690551393267
production_outlet,5.69,1.0569925791411042e-07,3.6782332041548593e-29,1.0569925791411042e-07,2.3405465240675038e-07,4.428690551393267
production_outlet,5.7,1.1976671368706207e-07,2.6778012840770703e-29,1.1976671368706207e-07,2.6520485663865724e-07,4.428690551393267
production_outlet,5.71,1.3559566383819552e-07,1.94788316585173e-29,1.3559566383819552e-07,3.0025561762505706e-07,4.428690551393267
production_outlet,5.72,1.5339137629169362e-07,1.4157707550028841e-29,1.5339137629169362e-07,3.396614694241163e-07,4.428690551393267
production_outlet,5.73,1.7338102278321784e-07,1.028178323542965e-29,1.7338102278321784e-07,3.8392544869546877e-07,4.428690551393267
production_outlet,5.74,1.958157637422865e-07,7.460869164568615e-30,1.958157637422865e-07,4.336037113496602e-07,4.428690551393267
production_outlet,5.75,2.2097300163146476e-07,5.409484473179686e-30,2.2097300163146476e-07,4.893105222191384e-07,4.428690551393267
production_outlet,5.76,2.4915881295520654e-07,3.918932713443999e-30,2.4915881295520654e-07,5.517236403655427e-07,4.428690551393267
production_outlet,5.7700000000000005,2.8071056939202006e-07,2.83677707813163e-30,2.8071056939202006e-07,6.215901231713315e-07,4.428690551393267
production_outlet,5.78,3.159997587029461e-07,2.051767211033378e-30,3.159997587029461e-07,6.997325728051449e-07,4.428690551393267
production_outlet,5.79,3.554350162205642e-07,1.4827790288632847e-30,3.554350162205642e-07,7.870558489851625e-07,4.428690551393267
production_outlet,5.8,3.9946537781816297e-07,1.0707060557446794e-30,3.9946537781816297e-07,8.845542721760199e-07,4.428690551393267
production_outlet,5.8100000000000005,4.4858376529088907e-07,7.725196885691745e-31,4.4858376529088907e-07,9.933193414260877e-07,4.428690551393267
production_outlet,5.82,5.033307150410725e-07,5.569219413941112e-31,5.033307150410725e-07,1.1145479909642071e-06,4.428690551393267
production_outlet,5.83,5.642983608401102e-07,4.011664209971644e-31,5.642983608401102e-07,1.2495514094096521e-06,4.428690551393267
production_outlet,5.84,6.321346812298712e-07,2.8873557296230065e-31,6.321346812298712e-07,1.3997644449853624e-06,4.428690551393267
production_outlet,5.8500000000000005,7.075480218187271e-07,2.0764500418115216e-31,7.075480218187271e-07,1.5667556194427969e-06,4.428690551393267
production_outlet,5.86,7.913119023106099e-07,1.4920664115417935e-31,7.913119023106099e-07,1.7522377724840147e-06,4.428690551393267
production_outlet,5.87,8.84270117570774e-07,1.0712733349502514e-31,8.84270117570774e-07,1.9580793572825498e-06,4.428690551393267
production_outlet,5.88,9.873421413682683e-07,7.685248415066987e-32,9.873421413682683e-07,2.186316406235022e-06,4.428690551393267
production_outlet,5.89,1.1015288406330707e-06,5.508850656589084e-32,1.1015288406330707e-06,2.4391651842994297e-06,4.428690551393267
production_outlet,5.9,1.2279185071145528e-06,3.9455682641592503e-32,1.2279185071145528e-06,2.719035545169573e-06,4.428690551393267
production_outlet,5.91,1.3676932122174403e-06,2.823602764322649e-32,1.3676932122174403e-06,3.0285450030760417e-06,4.428690551393267
production_outlet,5.92,1.5221354895120449e-06,2.019031566551018e-32,1.5221354895120449e-06,3.370533530171179e-06,4.428690551393267
production_outlet,5.93,1.6926353479566938e-06,1.4425407604789565e-32,1.6926353479566938e-06,3.748079086225032e-06,4.428690551393267
production_outlet,5.94,1.8806976172239252e-06,1.0298134313052384e-32,1.8806976172239252e-06,4.164513883713714e-06,4.428690551393267
production_outlet,5.95,2.0879496246780947e-06,7.34572192678975e-33,2.0879496246780947e-06,4.623441387298498e-06,4.428690551393267
production_outlet,5.96,2.316149201503834e-06,5.235472589776148e-33,2.316149201503834e-06,5.128754042158544e-06,4.428690551393267
production_outlet,5.97,2.5671930132235978e-06,3.728402325879738e-33,2.5671930132235978e-06,5.6846517206330785e-06,4.428690551393267
production_outlet,5.98,2.843125207364086e-06,2.6529870138672878e-33,2.843125207364086e-06,6.295660871140675e-06,4.428690551393267
production_outlet,5.99,3.1461463683286063e-06,1.886222634204581e-33,3.1461463683286063e-06,6.96665434735857e-06,4.428690551393267
production_outlet,6.0,3.4786227666040254e-06,1.339973635964482e-33,3.4786227666040254e-06,7.702871889160376e-06,4.428690551393267
production_outlet,6.01,3.843095886272225e-06,9.511412769645155e-34,3.843095886272225e-06,8.509941219816066e-06,4.428690551393267
production_outlet,6.0200000000000005,4.242292211409685e-06,6.745890366290724e-34,4.242292211409685e-06,9.39389971645966e-06,4.428690551393267
production_outlet,6.03,4.6791332483436685e-06,4.780562519187566e-34,4.6791332483436685e-06,1.0361216602824845e-05,4.428690551393267
production_outlet,6.04,5.156745756895975e-06,3.3850430747206075e-34,5.156745756895975e-06,1.1418815604751262e-05,4.428690551393267
production_outlet,6.05,5.678472159688151e-06,2.3949412851563193e-34,5.678472159688151e-06,1.2574097999980315e-05,4.428690551393267
production_outlet,6.0600000000000005,6.2478810943183e-06,1.6930548012639055e-34,6.2478810943183e-06,1.383496598431804e-05,4.428690551393267
production_outlet,6.07,6.868778068755955e-06,1.1958938559684365e-34,6.868778068755955e-06,1.5209846266358393e-05,4.428690551393267
production_outlet,6.08,7.545216175656419e-06,8.440335840230638e-35,7.545216175656419e-06,1.670771379267461e-05,4.428690551393267
production_outlet,6.09,8.281506816481306e-06,5.952128440607482e-35,8.281506816481306e-06,1.8338115494724844e-05,4.428690551393267
production_outlet,6.1000000000000005,9.082230381355085e-06,4.194018433002019e-35,9.082230381355085e-06,2.0111193937742064e-05,4.428690551393267
production_outlet,6.11,9.952246825504008e-06,2.952798757321042e-35,9.952246825504008e-06,2.2037710740621616e-05,4.428690551393267
production_outlet,6.12,1.0896706077949052e-05,2.0772216376702845e-35,1.0896706077949052e-05,2.4129069624361275e-05,4.428690551393267
production_outlet,6.13,1.1921058212879041e-05,1.4600821787456665e-35,1.1921058212879041e-05,2.6397338934993256e-05,4.428690551393267
production_outlet,6.140000000000001,1.3031063308859822e-05,1.0254564860388893e-35,1.3031063308859822e-05,2.8855273475277486e-05,4.428690551393267
production_outlet,6.15,1.4232800915765773e-05,7.196190414392756e-36,1.4232800915765773e-05,3.1516335467756656e-05,4.428690551393267
production_outlet,6.16,1.5532679044102912e-05,5.045840641447367e-36,1.5532679044102912e-05,3.439471446022138e-05,4.428690551393267
production_outlet,6.17,1.6937442586261955e-05,3.535166623858513e-36,1.6937442586261955e-05,3.750534597327213e-05,4.428690551393267
production_outlet,6.18,1.8454181074254915e-05,2.4747522062278457e-36,1.8454181074254915e-05,4.086392867862659e-05,4.428690551393267
production_outlet,6.19,2.009033567369091e-05,1.7310078037130734e-36,2.009033567369091e-05,4.4486939886197e-05,4.428690551393267
production_outlet,6.2,2.185370530919513e-05,1.209795055866903e-36,2.185370530919513e-05,4.839164910788267e-05,4.428690551393267
production_outlet,6.21,2.3752451812229447e-05,8.44831422918346e-37,2.3752451812229447e-05,5.259612945662221e-05,4.428690551393267
production_outlet,6.22,2.5795103978382585e-05,5.894863947696641e-37,2.5795103978382585e-05,5.711926663063491e-05,4.428690551393267
production_outlet,6.23,2.799056041774118e-05,4.109821760988231e-37,2.799056041774118e-05,6.198076522512636e-05,4.428690551393267
production_outlet,6.24,3.0348091078975723e-05,2.862975703897152e-37,3.0348091078975723e-05,6.720115210714103e-05,4.428690551393267
production_outlet,6.25,3.2877337325361265e-05,1.9927729135950804e-37,3.2877337325361265e-05,7.28017765838983e-05,4.428690551393267
production_outlet,6.26,3.558831043914718e-05,1.3859368252584494e-37,3.558831043914718e-05,7.880480709095074e-05,4.428690551393267
production_outlet,6.2700000000000005,3.8491388429584166e-05,9.631069818838093e-38,3.8491388429584166e-05,8.523322412405375e-05,4.428690551393267
production_outlet,6.28,4.1597311019553484e-05,6.687304547448846e-38,4.1597311019553484e-05,9.211080913783177e-05,4.428690551393267
production_outlet,6.29,4.491717268620945e-05,4.6395210179583625e-38,4.491717268620945e-05,9.946212913535775e-05,4.428690551393267
production_outlet,6.3,4.8462413632383165e-05,3.216182355425582e-38,4.8462413632383165e-05,0.00010731251667572378,4.428690551393267
production_outlet,6.3100000000000005,5.224480856779374e-05,2.2276843680456953e-38,5.224480856779374e-05,0.00011568804503176905,4.428690551393267
production_outlet,6.32,5.6276453182401925e-05,1.541743491171617e-38,5.6276453182401925e-05,0.00012461549823741447,4.428690551393267
production_outlet,6.33,6.056974819860601e-05,1.0661444827195473e-38,6.056974819860601e-05,0.00013412233577371789,4.428690551393267
production_outlet,6.34,6.513738089443466e-05,7.366572676564161e-39,6.513738089443466e-05,0.0001442366516548435,4.428690551393267
production_outlet,6.3500000000000005,6.999230399652983e-05,5.085812744704853e-39,6.999230399652983e-05,0.00015498712768983842,4.428690551393267
production_outlet,6.36,7.514771184952189e-05,3.5083323464064333e-39,7.514771184952189e-05,0.00016640298071340072,4.428690551393267
production_outlet,6.37,8.061701377746176e-05,2.418168520957915e-39,8.061701377746176e-05,0.00017851390359889286,4.428690551393267
production_outlet,6.38,8.641380456325992e-05,1.665397364178818e-39,8.641380456325992e-05,0.00019134999988962677,4.428690551393267
production_outlet,6.390000000000001,9.255183198366979e-05,1.1460264904401584e-39,9.255183198366979e-05,0.00020494171191010776,4.428690551393267
production_outlet,6.4,9.90449613501821e-05,7.87983119374004e-40,9.90449613501821e-05,0.00021931974224733138,4.428690551393267
production_outlet,6.41,0.00010590713702032873,5.4135810740820405e-40,0.00010590713702032873,0.00023451496852352094,4.428690551393267
production_outlet,6.42,0.00011315234085924022,3.7161894868721016e-40,0.00011315234085924022,0.0002505583514156737,4.428690551393267
production_outlet,6.43,0.00012079454764791603,2.5489219043393693e-40,0.00012079454764791603,0.00026748083591407473,4.428690551393267
production_outlet,6.44,0.00012884767745244087,1.7468703858386258e-40,0.00012884767745244087,0.00028531324585129606,4.428690551393267
production_outlet,6.45,0.00013732554498729343,1.1962179343249288e-40,0.00013732554498729343,0.0003040861717750787,4.428690551393267
production_outlet,6.46,0.00014624180602590037,8.184749839041229e-41,0.00014624180602590037,0.0003238298522827959,4.428690551393267
production_outlet,6.47,0.00015560990093253988,5.595591279926861e-41,0.00015560990093253988,0.0003445740489815908,4.428690551393267
production_outlet,6.48,0.00016544299541160266,3.8223639218499423e-41,0.00016544299541160266,0.0003663479152867821,4.428690551393267
production_outlet,6.49,0.0001757539185928684,2.608936781936301e-41,0.0001757539185928684,0.0003891798593212888,4.428690551393267
production_outlet,6.5,0.00018655509859481713,1.7792646566906981e-41,0.00018655509859481713,0.0004130974012305529,4.428690551393267
production_outlet,6.51,0.00019785849573184948,1.2124477229809046e-41,0.00019785849573184948,0.00043812702528026336,4.428690551393267
production_outlet,6.5200000000000005,0.00020967553355558875,8.255263999341466e-42,0.00020967553355558875,0.0004642940271579889,4.428690551393267
production_outlet,6.53,0.00022201702794492168,5.616223525272929e-42,0.00022201702794492168,0.0004916223569540447,4.428690551393267
production_outlet,6.54,0.00023489311448402717,3.817712995109673e-42,0.00023489311448402717,0.000520134458351374,4.428690551393267
production_outlet,6.55,0.00024831317439206,2.5930306011449784e-42,0.00024831317439206,0.0005498511046082923,4.428690551393267
production_outlet,6.5600000000000005,0.0002622857592923238,1.7597763698306184e-42,0.0002622857592923238,0.0005807912319714616,4.428690551393267
production_outlet,6.57,0.0002768185151323669,1.1933086680507193e-42,0.0002768185151323669,0.0006129717712087137,4.428690551393267
production_outlet,6.58,0.0002919181055893712,8.085252414834304e-43,0.0002919181055893712,0.000646407478002135,4.428690551393267
production_outlet,6.59,0.0003075901353171285,5.473685543723556e-43,0.0003075901353171285,0.0006811107629903716,4.428690551393267
production_outlet,6.6000000000000005,0.00032383907341176064,3.702640774344015e-43,0.00032383907341176064,0.0007170915222953074,4.428690551393267
production_outlet,6.61,0.00034066817749274416,2.502584719707996e-43,0.00034066817749274416,0.0007543569694112402,4.428690551393267
production_outlet,6.62,0.00035807941881368287,1.690096380058494e-43,0.00035807941881368287,0.0007929114693742748,4.428690551393267
production_outlet,6.63,0.0003760734088332491,1.140458873082362e-43,0.0003760734088332491,0.0008327563761650336,4.428690551393267
production_outlet,6.640000000000001,0.0003946493276907546,7.689414269976308e-44,0.0003946493276907546,0.0008738898743288749,4.428690551393267
production_outlet,6.65,0.0004138048550425148,5.180269617033945e-44,0.0004138048550425148,0.0009163068258237229,4.428690551393267
production_outlet,6.66,0.0004335361037245126,3.487040107660182e-44,0.0004335361037245126,0.0009599986231263,4.428690551393267
production_outlet,6.67,0.0004538375567134494,2.3453463970789757e-44,0.0004538375567134494,0.0010049530496421294,4.428690551393267
production_outlet,6.68,0.0004747020078621547,1.5761680561693002e-44,0.0004747020078621547,0.0010511541484732683,4.428690551393267
production_outlet,6.69,0.0004961205068861206,1.0583846237916199e-44,0.0004961205068861206,0.0010985821005995002,4.428690551393267
production_outlet,6.7,0.0005180823090756007,7.10117141127926e-45,0.0005180823090756007,0.0011472131135235595,4.428690551393267
production_outlet,6.71,0.0005405748302021728,4.7606027597826007e-45,0.0005405748302021728,0.001197019321418691,4.428690551393267
production_outlet,6.72,0.0005635836070796042,3.188888732516123e-45,0.0005635836070796042,0.0012479686977967892,4.428690551393267
production_outlet,6.73,0.0005870922642264924,2.1343334058007245e-45,0.0005870922642264924,0.001300024981687973,4.428690551393267
production_outlet,6.74,0.0006110824870621057,1.4273505002898594e-45,0.0006110824870621057,0.0013531476182869228,4.428690551393267
production_outlet,6.75,0.0006355340020473616,9.53771794840139e-46,0.0006355340020473616,0.0014072917149781498,4.428690551393267
production_outlet,6.76,0.0006604245641596743,6.368010821645221e-46,0.0006604245641596743,0.0014624080136009829,4.428690551393267
production_outlet,6.7700000000000005,0.0006857299520637987,4.248235504121472e-46,0.0006857299520637987,0.0015184428797561514,4.428690551393267
production_outlet,6.78,0.0007114239713105655,2.831775692311572e-46,0.0007114239713105655,0.001575338309888888,4.428690551393267
production_outlet,6.79,0.0007374784658618607,1.886056022645049e-46,0.0007374784658618607,0.001633031956809212,4.428690551393267
production_outlet,6.8,0.0007638633382032377,1.2551504952933482e-46,0.0007638633382032377,0.001691457174228199,4.428690551393267
production_outlet,6.8100000000000005,0.0007905465782655854,8.346078953296825e-47,0.0007905465782655854,0.001750543080800538,4.428690551393267
production_outlet,6.82,0.000817494301334191,5.545167250769895e-47,0.000817494301334191,0.0018102146440682858,4.428690551393267
production_outlet,6.83,0.0008446707950778439,3.681224336254931e-47,0.0008446707950778439,0.0018703927845995427,4.428690551393267
production_outlet,6.84,0.000872038575782236,2.4418298200724737e-47,0.000872038575782236,0.001930994500508615,4.428690551393267
production_outlet,6.8500000000000005,0.000899558453821473,1.6183929416883045e-47,0.000899558453821473,0.0019919330124325467,4.428690551393267
production_outlet,6.86,0.0009271896083489625,1.0717612037120397e-47,0.0009271896083489625,0.0020531179289225367,4.428690551393267
production_outlet,6.87,0.000954889671134905,7.091817687489506e-48,0.000954889671134905,0.002114455432089089,4.428690551393267
production_outlet,6.88,0.0009826148194221698,4.6888092668956396e-48,0.0009826148194221698,0.0021758484832169822,4.428690551393267
production_outlet,6.890000000000001,0.001010319877616136,3.097512337323436e-48,0.001010319877616136,0.0022371970479416916,4.428690551393267
production_outlet,6.9,0.0010379584275672662,2.0446030149183818e-48,0.0010379584275672662,0.002298398340453082,4.428690551393267
production_outlet,6.91,0.0010654829271483485,1.3484983604897318e-48,0.0010654829271483485,0.0023593470860663658,4.428690551393267
production_outlet,6.92,0.0010928448367717282,8.88663458632987e-49,0.0010928448367717282,0.002419935801374935,4.428690551393267
production_outlet,6.93,0.0011199947534361212,5.851533507656189e-49,0.0011199947534361212,0.0024800550910762907,4.428690551393267
production_outlet,6.94,0.0011468825518379587,3.849883111689791e-49,0.0011468825518379587,0.002539593960441283,4.428690551393267
production_outlet,6.95,0.0011734575320292153,2.5308759876612354e-49,0.0011734575320292153,0.0025984401422795237,4.428690551393267
production_outlet,6.96,0.0011996685730528175,1.6624158109233469e-49,0.0011996685730528175,0.002656480437141228,4.428690551393267
production_outlet,6.97,0.0012254642919381973,1.0910733046393724e-49,0.0012254642919381973,0.002713601065388267,4.428690551393267
production_outlet,6.98,0.0012507932073941494,7.1550664778676535e-50,0.0012507932073941494,0.0027696880296666742,4.428690551393267
production_outlet,6.99,0.0012756039074938751,4.6883377423912505e-50,0.0012756039074938751,0.0028246274862192278,4.428690551393267
production_outlet,7.0,0.0012998452206086787,3.0695137358048063e-50,0.0012998452206086787,0.0028783061233916755,4.428690551393267
production_outlet,7.01,0.0013234663888122924,2.0080094206550309e-50,0.0013234663888122924,0.002930611545609783,4.428690551393267
production_outlet,7.0200000000000005,0.0013464172429478946,1.3125243968946814e-50,0.0013464172429478946,0.0029814326610381565,4.428690551393267
production_outlet,7.03,0.001368648378524547,8.572243468098448e-51,0.001368648378524547,0.0030306600710756884,4.428690551393267
production_outlet,7.04,0.0013901113315895927,5.5940595323718e-51,0.0013901113315895927,0.0030781864597977707,4.428690551393267
production_outlet,7.05,0.0014107587537084566,3.647582674956457e-51,0.0014107587537084566,0.003123906981421991,4.428690551393267
production_outlet,7.0600000000000005,0.0014305445851738221,2.376449985189076e-51,0.0014305445851738221,0.003167719643853053,4.428690551393267
production_outlet,7.07,0.001449424225562152,1.5470262637534267e-51,0.001449424225562152,0.0032095256863538028,4.428690551393267
production_outlet,7.08,0.0014673547007573826,1.0062645401861927e-51,0.0014673547007573826,0.003249229949393357,4.428690551393267
production_outlet,7.09,0.0014842948255691542,6.5399153165264074e-52,0.0014842948255691542,0.003286741234740015,4.428690551393267
production_outlet,7.1000000000000005,0.0015002053610864634,4.246953976815245e-52,0.0015002053610864634,0.003321972653896572,4.428690551393267
production_outlet,7.11,0.0015150491659268312,2.7556779326867945e-52,0.0015150491659268312,0.0033548419630182033,4.428690551393267
production_outlet,7.12,0.0015287913405661474,1.7865897420046253e-52,0.0015287913405661474,0.0033852718825085715,4.428690551393267
production_outlet,7.13,0.0015413993639649475,1.1573552542608643e-52,0.0015413993639649475,0.003413190399557577,4.428690551393267
production_outlet,7.140000000000001,0.0015528432217430557,7.491245211010471e-53,0.0015528432217430557,0.0034385310519642748,4.428690551393267
production_outlet,7.15,0.001563095525195868,4.844922254425431e-53,0.001563095525195868,0.003461233191680018,4.428690551393267
production_outlet,7.16,0.0015721316204919784,3.1308703633918933e-53,0.0015721316204919784,0.003481242226609705,4.428690551393267
production_outlet,7.17,0.0015799296874429063,2.02157022661798e-53,0.0015799296874429063,0.003498509839322058,4.428690551393267
production_outlet,7.18,0.001586470827291183,1.3042416162845308e-53,0.001586470827291183,0.0035129941814427607,4.428690551393267
production_outlet,7.19,0.001591739139022494,8.407613689380995e-54,0.001591739139022494,0.0035246600426358863,4.428690551393267
production_outlet,7.2,0.0015957217837706057,5.41542963748393e-54,0.0015957217837706057,0.0035334789932186454,4.428690551393267
production_outlet,7.21,0.0015984090369499822,3.485287110151669e-54,0.0015984090369499822,0.0035394294996009983,4.428690551393267
production_outlet,7.22,0.0015997943278198018,2.2412467700463058e-54,0.0015997943278198018,0.003542497011894049,4.428690551393267
production_outlet,7.23,0.001599874266254095,1.4400788336724245e-54,0.001599874266254095,0.003542674023188373,4.428690551393267
production_outlet,7.24,0.0015986486565653512,9.245455902697598e-55,0.0015986486565653512,0.003539960100164255,4.428690551393267
production_outlet,7.25,0.0015961204983026968,5.930835381674006e-55,0.0015961204983026968,0.0035343618848591328,4.428690551393267
production_outlet,7.26,0.0015922959740200966,3.8014464924201626e-55,0.0015922959740200966,0.0035258930675821703,4.428690551393267
production_outlet,7.2700000000000005,0.0015871844240843834,2.4345986000664884e-55,0.0015871844240843834,0.003514574331130536,4.428690551393267
production_outlet,7.28,0.0015807983086667914,1.5579421521823255e-55,0.0015807983086667914,0.003500433266625538,4.428690551393267
production_outlet,7.29,0.001573153157134461,9.961408765679514e-56,0.001573153157134461,0.0034835042614479368,4.428690551393267
production_outlet,7.3,0.001564267505129618,6.364080572826331e-56,0.001564267505129618,0.003463828359909529,4.428690551393267
production_outlet,7.3100000000000005,0.0015541628196932284,4.0625250417895066e-56,0.0015541628196932284,0.003441453097451059,4.428690551393267
production_outlet,7.32,0.0015428634128564645,2.5912057965668356e-56,0.0015428634128564645,0.0034164323093038964,4.428690551393267
production_outlet,7.33,0.0015303963441867384,1.651403633883182e-56,0.0015303963441867384,0.003388825914693303,4.428690551393267
production_outlet,7.34,0.0015167913128350016,1.0515986967249195e-56,0.0015167913128350016,0.0033586996777938798,4.428690551393267
production_outlet,7.3500000000000005,0.0015020805396869534,6.691019820587888e-57,0.0015020805396869534,0.0033261249467716543,4.428690551393267
production_outlet,7.36,0.0014862986402724822,4.2538293894970243e-57,0.0014862986402724822,0.003291178372361701,4.428690551393267
production_outlet,7.37,0.001469482489134611,2.702173884711687e-57,0.001469482489134611,0.0032539416075341556,4.428690551393267
production_outlet,7.38,0.0014516710764012728,1.715110047987755e-57,0.0014516710764012728,0.0032145009898946046,4.428690551393267
production_outlet,7.390000000000001,0.001432905357339979,1.0877176206359925e-57,0.001432905357339979,0.0031729472085461783,4.428690551393267
production_outlet,7.4,0.0014132280957068134,6.892643405793669e-58,0.0014132280957068134,0.0031293749572101318,4.428690551393267
production_outlet,7.41,0.0013926837017268479,4.364162680469921e-58,0.0013926837017268479,0.003083882575458545,4.428690551393267
production_outlet,7.42,0.0013713180655631166,2.7609689692386747e-58,0.0013713180655631166,0.003036571679957133,4.428690551393267
production_outlet,7.43,0.0013491783871453877,1.745289974266626e-58,0.0013491783871453877,0.002987546787647393,4.428690551393267
production_outlet,7.44,0.0013263130032383252,1.102349060035979e-58,0.0013263130032383252,0.0029369149328157987,4.428690551393267
production_outlet,7.45,0.001302771212631148,6.9569062706893765e-59,0.001302771212631148,0.002884785280003357,4.428690551393267
production_outlet,7.46,0.0012786031003276033,4.3869091667847094e-59,0.0012786031003276033,0.0028312687347014968,4.428690551393267
production_outlet,7.47,0.0012538593616062744,2.7640545263568717e-59,0.0012538593616062744,0.0027764775537608504,4.428690551393267
production_outlet,7.48,0.0012285911268068122,1.7401233868239173e-59,0.0012285911268068122,0.002720524957407468,4.428690551393267
production_outlet,7.49,0.0012028497876781135,1.094608851031625e-59,0.0012028497876781135,0.002663524744717729,4.428690551393267
production_outlet,7.5,0.0011766868260997335,6.879919252690401e-60,0.0011766868260997335,0.002605590914348411,4.428690551393267
production_outlet,7.51,0.0011501536459584776,4.320690923185549e-60,0.0011501536459584776,0.002546837292253413,4.428690551393267
production_outlet,7.5200000000000005,0.0011233014089281432,2.7112435628006934e-60,0.0011233014089281432,0.002487377168043406,4.428690551393267
production_outlet,7.53,0.0010961808748624386,1.6999233569199912e-60,0.0010961808748624386,0.0024273229415606432,4.428690551393267
production_outlet,7.54,0.0010688422474692885,1.0649657045375231e-60,0.0010688422474692885,0.002366785781148591,4.428690551393267
production_outlet,7.55,0.0010413350258896802,6.666338730451714e-61,0.0010413350258896802,0.0023058752949962446,4.428690551393267
production_outlet,7.5600000000000005,0.0010137078627560341,4.169506029464639e-61,0.0010137078627560341,0.0022446992168303555,4.428690551393267
production_outlet,7.57,0.0009860084292545126,2.6057173758297874e-61,0.0009860084292545126,0.002183363107116788,4.428690551393267
production_outlet,7.58,0.0009582832876628484,1.6271046480679366e-61,0.0009582832876628484,0.0021219700708152663,4.428690551393267
production_outlet,7.59,0.0009305777717809409,1.0151942196659643e-61,0.0009305777717809409,0.0020606204926114265,4.428690551393267
production_outlet,7.6000000000000005,0.0009029358756157022,6.328900395489067e-62,0.0009029358756157022,0.001999411790426633,4.428690551393267
production_outlet,7.61,0.0008754001506252131,3.942328949491593e-62,0.0008754001506252131,0.0019384381878810618,4.428690551393267
production_outlet,7.62,0.0008480116117703436,2.4537082969217766e-62,0.0008480116117703436,0.0018777905062595478,4.428690551393267
production_outlet,7.63,0.000820809652565256,1.525943584250723e-62,0.000820809652565256,0.0018175559764040696,4.428690551393267
production_outlet,7.640000000000001,0.0007938319692617805,9.481990102170914e-63,0.0007938319692617805,0.0017578180708317786,4.428690551393267
production_outlet,7.65,0.0007671144942472157,5.887162066581258e-63,0.0007671144942472157,0.0016986563562547343,4.428690551393267
production_outlet,7.66,0.0007406913386807689,3.652228653718051e-63,0.0007406913386807689,0.0016401463665571756,4.428690551393267
production_outlet,7.67,0.0007145947443412309,2.2638904171972306e-63,0.0007145947443412309,0.0015823594961696483,4.428690551393267
production_outlet,7.68,0.0006888550446076174,1.402162399251613e-63,0.0006888550446076174,0.0015253629136666713,4.428690551393267
production_outlet,7.69,0.0006635006344459669,8.677341833378269e-64,0.0006635006344459669,0.0014692194953071457,4.428690551393267
production_outlet,7.7,0.0006385579492293933,5.365628124044673e-64,0.0006385579492293933,0.0014139877781346377,4.428690551393267
production_outlet,7.71,0.0006140514521750876,3.3151249882254974e-64,0.0006140514521750876,0.0013597219321585625,4.428690551393267
production_outlet,7.72,0.000590003630141614,2.0465611149567884e-64,0.000590003630141614,0.0013064717510479467,4.428690551393267
production_outlet,7.73,0.000566434997492487,1.262394237059736e-64,0.000566434997492487,0.001254282660686723,4.428690551393267
production_outlet,7.74,0.000543364107698072,7.780558318071161e-65,0.000543364107698072,0.0012031957448643423,4.428690551393267
production_outlet,7.75,0.0005208075723171833,4.7915055455352635e-65,0.0005208075723171833,0.0011532477873075877,4.428690551393267
production_outlet,7.76,0.0004987800869727292,2.9483477212434125e-65,0.0004987800869727292,0.0011044713291996188,4.428690551393267
production_outlet,7.7700000000000005,0.00047729446391210184,1.8127206516742525e-65,0.00047729446391210184,0.0010568947412799199,4.428690551393267
production_outlet,7.78,0.0004563616707230899,1.1135982430844522e-65,0.0004563616707230899,0.0010105423095746967,4.428690551393267
production_outlet,7.79,0.00043599087475961043,6.835521686992445e-66,0.00043599087475961043,0.0009654343337707859,4.428690551393267
production_outlet,7.8,0.0004161894928187504,4.192376402828045e-66,0.0004161894928187504,0.0009215872372177778,4.428690551393267
production_outlet,7.8100000000000005,0.00039696324560113905,2.569178885014409e-66,0.00039696324560113905,0.0008790136875220846,4.428690551393267
production_outlet,7.82,0.00037831621648072404,1.5731636184065703e-66,0.00037831621648072404,0.000837722726683516,4.428690551393267
production_outlet,7.83,0.0003602509141072652,9.624959664945758e-67,0.0003602509141072652,0.0007977199097188163,4.428690551393267
production_outlet,7.84,0.0003427683383653675,5.883955995506068e-67,0.0003427683383653675,0.0007590074507177366,4.428690551393267
production_outlet,7.8500000000000005,0.00032586804921728063,3.594060536697278e-67,0.00032586804921728063,0.0007215843752847634,4.428690551393267
production_outlet,7.86,0.00030954823796304574,2.193546441027165e-67,0.00030954823796304574,0.0006854466783336875,4.428690551393267
production_outlet,7.87,0.00029380580046051147,1.337684679585863e-67,0.00029380580046051147,0.0006505874862220014,4.428690551393267
production_outlet,7.88,0.00027863641185924524,8.15091091610208e-68,0.00027863641185924524,0.0006169972222375811,4.428690551393267
production_outlet,7.890000000000001,0.000264034602416043,4.962539927039985e-68,0.000264034602416043,0.0005846637744804038,4.428690551393267
production_outlet,7.9,0.00024999383397556884,3.0188904616626224e-68,0.00024999383397556884,0.0005535726652170893,4.428690551393267
production_outlet,7.91,0.00023650657671725066,1.8350004301056573e-68,0.00023650657671725066,0.0005237072208250274,4.428690551393267
production_outlet,7.92,0.00022356438578886607,1.114475330078872e-68,0.00022356438578886607,0.0004950487414855951,4.428690551393267
production_outlet,7.930000000000001,0.0002111579774678611,6.763168727726244e-69,0.0002111579774678611,0.0004675766698316144,4.428690551393267
production_outlet,7.94,0.00019927730451332307,4.100864873241534e-69,0.00019927730451332307,0.0004412687578026363,4.428690551393267
production_outlet,7.95,0.00018791163039429639,2.4845410114627917e-69,0.00018791163039429639,0.00041610123101206207,4.428690551393267
production_outlet,7.96,0.00017704960210371978,1.5040502787907468e-69,0.00017704960210371978,0.0003920489499823406,4.428690551393267
production_outlet,7.97,0.00016667932129130759,9.097540821838793e-70,0.00016667932129130759,0.00036908556765772823,4.428690551393267
production_outlet,7.98,0.00015678841347314227,5.498334349059297e-70,0.00015678841347314227,0.00034718368265822296,4.428690551393267
production_outlet,7.99,0.00014736409510031058,3.320349130929011e-70,0.00014736409510031058,0.00032631498779268214,4.428690551393267
production_outlet,8.0,0.00013839323829341416,2.0034653322672618e-70,0.00013839323829341416,0.00030645041340338005,4.428690551393267
production_outlet,8.01,0.00012986243307413294,1.2078844378076963e-70,0.00012986243307413294,0.0002875602651681765,4.428690551393267
production_outlet,8.02,0.00012175804694892268,7.276363955993273e-71,0.00012175804694892268,0.0002696143560393958,4.428690551393267
production_outlet,8.03,0.0001140662817233607,4.3797459100166215e-71,0.0001140662817233607,0.000252582132050405,4.428690551393267
production_outlet,8.040000000000001,0.00010677322744840748,2.63407957932465e-71,0.00010677322744840748,0.0002364327917712632,4.428690551393267
production_outlet,8.05,9.986491342183901e-05,1.582903141887878e-71,9.986491342183901e-05,0.00022113539924350253,4.428690551393267
production_outlet,8.06,9.332735618917415e-05,9.504412233845114e-72,9.332735618917415e-05,0.00020665899027075475,4.428690551393267
production_outlet,8.07,8.714660450858095e-05,5.7021897103468e-72,8.714660450858095e-05,0.00019297267198657914,4.428690551393267
production_outlet,8.08,8.130878126325003e-05,3.4182477247091346e-72,8.130878126325003e-05,0.00018004571566292865,4.428690551393267
production_outlet,8.09,7.580012232267875e-05,2.0474385617885536e-72,7.580012232267875e-05,0.0001678476427624506,4.428690551393267
production_outlet,8.1,7.06070123710422e-05,1.2253599953479325e-72,7.06070123710422e-05,0.00015634830427487103,4.428690551393267
production_outlet,8.11,6.571601773634823e-05,7.327603993889173e-73,6.571601773634823e-05,0.00014551795341207887,4.428690551393267
production_outlet,8.120000000000001,6.111391626834202e-05,4.378302435460784e-73,6.111391626834202e-05,0.0001353273117681228,4.428690551393267
production_outlet,8.13,5.678772432613185e-05,2.6139362907785753e-73,5.678772432613185e-05,0.00012574762907913283,4.428690551393267
production_outlet,8.14,5.2724720948216225e-05,1.5593001225577996e-73,5.2724720948216225e-05,0.00011675073674410591,4.428690551393267
production_outlet,8.15,4.8912469288078e-05,9.294154798622596e-74,4.8912469288078e-05,0.00010830909529071218,4.428690551393267
production_outlet,8.16,4.533883540768476e-05,5.535228631627431e-74,4.533883540768476e-05,0.00010039583599059399,4.428690551393267
production_outlet,8.17,4.1992004529220166e-05,3.2938718629281843e-74,4.1992004529220166e-05,9.29847968463103e-05,4.428690551393267
production_outlet,8.18,3.8860494852136966e-05,1.9584988037920645e-74,3.8860494852136966e-05,8.605055318706283e-05,4.428690551393267
production_outlet,8.19,3.593316904822703e-05,1.163550922326553e-74,3.593316904822703e-05,7.956844312275002e-05,4.428690551393267
production_outlet,8.2,3.319924355189612e-05,6.907055612777842e-75,3.319924355189612e-05,7.351458811584308e-05,4.428690551393267
production_outlet,8.21,3.064829576625131e-05,4.096811526204084e-75,3.064829576625131e-05,6.786590893815172e-05,4.428690551393267
production_outlet,8.22,2.8270269308023377e-05,2.4279765645668644e-75,2.8270269308023377e-05,6.260013728489309e-05,4.428690551393267
production_outlet,8.23,2.605547741579389e-05,1.4377668637863006e-75,2.605547741579389e-05,5.7695823321683524e-05,4.428690551393267
production_outlet,8.24,2.399460464657749e-05,8.507029205769319e-76,2.399460464657749e-05,5.313233944135735e-05,4.428690551393267
production_outlet,8.25,2.2078706985533275e-05,5.0293614810142017e-76,2.2078706985533275e-05,4.8889880506905864e-05,4.428690551393267
production_outlet,8.26,2.0299210492564154e-05,2.970935701347004e-76,2.0299210492564154e-05,4.4949460854580964e-05,4.428690551393267
production_outlet,8.27,1.8647908607841678e-05,1.7535539337056025e-76,1.8647908607841678e-05,4.12929083273968e-05,4.428690551393267
production_outlet,8.28,1.7116958235948126e-05,1.0341665277012453e-76,1.7116958235948126e-05,3.790285560406831e-05,4.428690551393267
production_outlet,8.290000000000001,1.569887472541719e-05,6.094068059014881e-77,1.569887472541719e-05,3.4762729081980834e-05,4.428690551393267
production_outlet,8.3,1.4386525857052468e-05,3.588141795640172e-77,1.4386525857052468e-05,3.185673556525159e-05,4.428690551393267
production_outlet,8.31,1.317312495056002e-05,2.110947186715006e-77,1.317312495056002e-05,2.9169847000434025e-05,4.428690551393267
production_outlet,8.32,1.2052223194832407e-05,1.2408823652991364e-77,1.2052223194832407e-05,2.6687783493118525e-05,4.428690551393267
production_outlet,8.33,1.1017701302696316e-05,7.288351866186136e-78,1.1017701302696316e-05,2.439699482866223e-05,4.428690551393267
production_outlet,8.34,1.0063760586171147e-05,4.2773375445791367e-78,1.0063760586171147e-05,2.228464070973006e-05,4.428690551393267
production_outlet,8.35,9.184913543317515e-06,2.508205929560047e-78,9.184913543317515e-06,2.0338569912327164e-05,4.428690551393267
production_outlet,8.36,8.375974042641329e-06,1.4695972496396262e-78,8.375974042641329e-06,1.8547298550680458e-05,4.428690551393267
production_outlet,8.370000000000001,7.632047185808372e-06,8.603574916213703e-79,7.632047185808372e-06,1.6899987629788555e-05,4.428690551393267
production_outlet,8.38,6.94851892416173e-06,5.032746237005795e-79,6.94851892416173e-06,1.538642005280618e-05,4.428690551393267
production_outlet,8.39,6.3210454992564825e-06,2.941552437765316e-79,6.3210454992564825e-06,1.3996977238742059e-05,4.428690551393267
production_outlet,8.4,5.745542772383356e-06,1.7178831925083002e-79,5.745542772383356e-06,1.2722615494340022e-05,4.428690551393267
production_outlet,8.41,5.218175502861047e-06,1.00243481249921e-79,5.218175502861047e-06,1.1554842272516262e-05,4.428690551393267
production_outlet,8.42,4.735346629785179e-06,5.844725565991979e-80,4.735346629785179e-06,1.0485692438450786e-05,4.428690551393267
production_outlet,8.43,4.293686606945657e-06,3.405003648525035e-80,4.293686606945657e-06,9.507704653412023e-06,4.428690551393267
production_outlet,8.44,3.890042835792367e-06,1.982058703561806e-80,3.890042835792367e-06,8.613897975694361e-06,4.428690551393267
production_outlet,8.45,3.5214692366615885e-06,1.152818449876868e-80,3.5214692366615885e-06,7.797748767712618e-06,4.428690551393267
production_outlet,8.46,3.185215993989392e-06,6.699629675837234e-81,3.185215993989392e-06,7.053167988363766e-06,4.428690551393267
production_outlet,8.47,2.878719506948844e-06,3.890327388701486e-81,2.878719506948844e-06,6.374478940267915e-06,4.428690551393267
production_outlet,8.48,2.599592572864701e-06,2.257184075889506e-81,2.599592572864701e-06,5.756395532459006e-06,4.428690551393267
production_outlet,8.49,2.3456148268959777e-06,1.3085589091249535e-81,2.3456148268959777e-06,5.194001110541084e-06,4.428690551393267
production_outlet,8.5,2.1147234578324755e-06,7.579927529277267e-82,2.1147234578324755e-06,4.6827278982561905e-06,4.428690551393267
production_outlet,8.51,1.9050042164376499e-06,4.3871481673875755e-82,1.9050042164376499e-06,4.218337086850877e-06,4.428690551393267
production_outlet,8.52,1.7146827295837832e-06,2.5371434603441678e-82,1.7146827295837832e-06,3.796899601572458e-06,4.428690551393267
production_outlet,8.53,1.5421161304683987e-06,1.4660649843992503e-82,1.5421161304683987e-06,3.4147775680782716e-06,4.428690551393267
production_outlet,8.540000000000001,1.385785012471145e-06,8.464608798837282e-83,1.385785012471145e-06,3.06860649549668e-06,4.428690551393267
production_outlet,8.55,1.244285711704395e-06,4.883217133948268e-83,1.244285711704395e-06,2.75527818732945e-06,4.428690551393267
production_outlet,8.56,1.1163229210231698e-06,2.8148201670806968e-83,1.1163229210231698e-06,2.4719243863195217e-06,4.428690551393267
production_outlet,8.57,1.0007026361867553e-06,1.6212154951268009e-83,1.0007026361867553e-06,2.2159011548173084e-06,4.428690551393267
production_outlet,8.58,8.96325432995139e-07,9.329885455735852e-84,8.96325432995139e-07,1.9847739880395252e-06,4.428690551393267
production_outlet,8.59,8.021800725536153e-07,5.364847134293845e-84,8.021800725536153e-07,1.7763036539170805e-06,4.428690551393267
production_outlet,8.6,7.173374303376536e-07,3.0823635860044363e-84,7.173374303376536e-07,1.588432749948546e-06,4.428690551393267
production_outlet,8.61,6.40944743429141e-07,1.7695215377953358e-84,6.40944743429141e-07,1.419272964594909e-06,4.428690551393267
production_outlet,8.620000000000001,5.722201691645335e-07,1.0150169963814694e-84,5.722201691645335e-07,1.267093028247813e-06,4.428690551393267
production_outlet,8.63,5.104476474653062e-07,5.817498097500568e-85,5.104476474653062e-07,1.1303073366552612e-06,4.428690551393267
production_outlet,8.64,4.549720583009655e-07,3.3315371405206255e-85,4.549720583009655e-07,1.007465227872716e-06,4.428690551393267
production_outlet,8.65,4.051946650554081e-07,1.90633201897909e-85,4.051946650554081e-07,8.972408923029227e-07,4.428690551393267
production_outlet,8.66,3.6056883401688413e-07,1.089928225402811e-85,3.6056883401688413e-07,7.984238941687309e-07,4.428690551393267
production_outlet,8.67,3.2059601978155805e-07,6.226481906589514e-86,3.2059601978155805e-07,7.099102818104375e-07,4.428690551393267
production_outlet,8.68,2.848220060398553e-07,3.554127759819358e-86,2.848220060398553e-07,6.306942634887915e-07,4.428690551393267
production_outlet,8.69,2.5283339099387573e-07,2.027070316273035e-86,2.5283339099387573e-07,5.598604248856485e-07,4.428690551393267
production_outlet,8.700000000000001,2.242543065238322e-07,1.1551810784803942e-86,2.242543065238322e-07,4.965764642056725e-07,4.428690551393267
production_outlet,8.71,1.987433601725967e-07,6.577741365923376e-87,1.987433601725967e-07,4.4008642067426396e-07,4.428690551393267
production_outlet,8.72,1.7599078904107846e-07,3.7423895659865955e-87,1.7599078904107846e-07,3.897043722792349e-07,4.428690551393267
production_outlet,8.73,1.5571581477554551e-07,2.1274857896902463e-87,1.5571581477554551e-07,3.448085787994812e-07,4.428690551393267
production_outlet,8.74,1.3766418897255344e-07,1.208453144597405e-87,1.3766418897255344e-07,3.0483604648398226e-07,4.428690551393267
production_outlet,8.75,1.2160591852108896e-07,6.858646795252477e-88,1.2160591852108896e-07,2.6927749117392307e-07,4.428690551393267
production_outlet,8.76,1.0733316063760521e-07,3.8894888805669105e-88,1.0733316063760521e-07,2.3767267718346896e-07,4.428690551393267
production_outlet,8.77,9.465827762134975e-08,2.2039011125307495e-88,9.465827762134975e-08,2.0960610985641617e-07,4.428690551393267
production_outlet,8.78,8.341204165892342e-08,1.247777493597461e-88,8.341204165892342e-08,1.8470306038364784e-07,4.428690551393267
production_outlet,8.790000000000001,7.344198033264876e-08,7.05874780315548e-89,7.344198033264876e-08,1.6262590218740583e-07,4.428690551393267
production_outlet,8.8,6.46108538321248e-08,3.9899151235185256e-89,6.46108538321248e-08,1.4307073894189127e-07,4.428690551393267
production_outlet,8.81,5.679525522757495e-08,2.2534354523186177e-89,5.679525522757495e-08,1.257643050951651e-07,4.428690551393267
production_outlet,8.82,4.9884325533194574e-08,1.2716630779000545e-89,4.9884325533194574e-08,1.1046112057574235e-07,4.428690551393267
production_outlet,8.83,4.377857566470831e-08,7.170418025698978e-90,4.377857566470831e-08,9.694088219987445e-08,4.428690551393267
production_outlet,8.84,3.838880777460967e-08,4.039823231481722e-90,3.838880777460967e-08,8.500607513533311e-08,4.428690551393267
production_outlet,8.85,3.363512882789095e-08,2.27418464729818e-90,3.363512882789095e-08,7.447978861748797e-08,4.428690551393267
production_outlet,8.86,2.944604965798522e-08,1.2791885348920698e-90,2.944604965798522e-08,6.520372094808804e-08,4.428690551393267
production_outlet,8.870000000000001,2.5757663114753678e-08,7.189337421121217e-91,2.5757663114753678e-08,5.703635963114024e-08,4.428690551393267
production_outlet,8.88,2.2512895281754622e-08,4.037277949464898e-91,2.2512895281754622e-08,4.9851323309406373e-08,4.428690551393267
production_outlet,8.89,1.9660824096975866e-08,2.2653426748513984e-91,1.9660824096975866e-08,4.3535852955441034e-08,4.428690551393267
production_outlet,8.9,1.7156060058375275e-08,1.270061165476203e-91,1.7156060058375275e-08,3.7989440539830996e-08,4.428690551393267
production_outlet,8.91,1.4958184031705502e-08,7.114769608012588e-92,1.4958184031705502e-08,3.3122584143607896e-08,4.428690551393267
production_outlet,8.92,1.3031237502344937e-08,3.982378361475909e-92,1.3031237502344937e-08,2.8855659199798308e-08,4.428690551393267
production_outlet,8.93,1.1343260924455289e-08,2.2272536107176128e-92,1.1343260924455289e-08,2.5117896239061795e-08,4.428690551393267
production_outlet,8.94,9.865876119217516e-09,1.2446358260568461e-92,9.865876119217516e-09,2.184645617519754e-08,4.428690551393267
production_outlet,8.950000000000001,8.573908958790769e-09,6.949609427832394e-93,8.573908958790769e-09,1.898559479715138e-08,4.428690551393267
production_outlet,8.96,7.445048843788581e-09,3.877251489673267e-93,7.445048843788581e-09,1.6485908734573928e-08,4.428690551393267
production_outlet,8.97,6.459541739371351e-09,2.161389409924907e-93,6.459541739371351e-09,1.4303655733742164e-08,4.428690551393267
production_outlet,8.98,5.599913778575007e-09,1.2038920342060785e-93,5.599913778575007e-09,1.2400142619896049e-08,4.428690551393267
production_outlet,8.99,4.85072267133351e-09,6.700196449475498e-94,4.85072267133351e-09,1.074117483098191e-08,4.428690551393267
production_outlet,9.0,4.1983343740557205e-09,3.725915538443429e-94,4.1983343740557205e-09,9.296561886985067e-09,4.428690551393267
production_outlet,9.01,3.630722677864202e-09,2.0702555095271988e-94,3.630722677864202e-09,8.039673609093224e-09,4.428690551393267
production_outlet,9.02,3.1372895640509563e-09,1.1493713470122492e-94,3.1372895640509563e-09,6.9470423246485855e-09,4.428690551393267
production_outlet,9.03,2.708704353361975e-09,6.375911163986582e-95,2.708704353361975e-09,5.998006688125994e-09,4.428690551393267
production_outlet,9.040000000000001,2.336759841828791e-09,3.534025040159295e-95,2.336759841828791e-09,5.174393116191195e-09,4.428690551393267
production_outlet,9.05,2.0142437704998093e-09,1.9572326919078528e-95,2.0142437704998093e-09,4.460231177307627e-09,4.428690551393267
production_outlet,9.06,1.734824120082611e-09,1.0830805927951196e-95,1.734824120082611e-09,3.8414995944694984e-09,4.428690551393267
production_outlet,9.07,1.4929468547093594e-09,5.988589722482653e-96,1.4929468547093594e-09,3.305899814591818e-09,4.428690551393267
production_outlet,9.08,1.2837448622963478e-09,3.308520433431844e-96,1.2837448622963478e-09,2.842654371025743e-09,4.428690551393267
production_outlet,9.09,1.1029569528209563e-09,1.8263691203358095e-96,1.1029569528209563e-09,2.442327517775839e-09,4.428690551393267
production_outlet,9.1,9.468558808031043e-10,1.007369421886068e-96,9.468558808031043e-10,2.0966658464219284e-09,4.428690551393267
production_outlet,9.11,8.121844548776702e-10,5.551808100122522e-97,8.121844548776702e-10,1.7984568106526143e-09,4.428690551393267
production_outlet,9.120000000000001,6.960988860875639e-10,3.057212328900283e-97,6.960988860875639e-10,1.5414032798256862e-09,4.428690551393267
production_outlet,9.13,5.961186079145704e-10,1.682140364807812e-97,5.961186079145704e-10,1.3200124231904827e-09,4.428690551393267
production_outlet,9.14,5.100818755786891e-10,9.247925792669931e-98,5.100818755786891e-10,1.1294973914061481e-09,4.428690551393267
production_outlet,9.15,4.36106520246769e-10,5.0800959376172435e-98,4.36106520246769e-10,9.65690412808931e-10,4.428690551393267
production_outlet,9.16,3.7255529594411736e-10,2.7883350997140297e-98,3.7255529594411736e-10,8.249660595096174e-10,4.428690551393267
production_outlet,9.17,3.180053135914586e-10,1.529197189913922e-98,3.180053135914586e-10,7.041735637976727e-10,4.428690551393267
production_outlet,9.18,2.7122110810268363e-10,8.379681089659053e-99,2.7122110810268363e-10,6.005771793963834e-10,4.428690551393267
production_outlet,9.19,2.3113093126674042e-10,4.588143199562759e-99,2.3113093126674042e-10,5.118036857178699e-10,4.428690551393267
production_outlet,9.200000000000001,1.968059055681761e-10,2.510105130454111e-99,1.968059055681761e-10,4.3579622722408846e-10,4.428690551393267
production_outlet,9.21,1.6744171252371764e-10,1.3721207515256064e-99,1.6744171252371764e-10,3.7077376508144795e-10,4.428690551393267
production_outlet,9.22,1.4234252385356153e-10,7.494423443018254e-100,1.4234252385356153e-10,3.151954952258693e-10,4.428690551393267
production_outlet,9.23,1.2090691517344526e-10,4.0900592226843184e-100,1.2090691517344526e-10,2.677296564133721e-10,4.428690551393267
production_outlet,9.24,1.0261553017321034e-10,2.230316202067677e-100,1.0261553017321034e-10,2.2722621445215365e-10,4.428690551393267
production_outlet,9.25,8.702028870782915e-11,1.2152027846154437e-100,8.702028870782915e-11,1.9269296518993856e-10,4.428690551393267
production_outlet,9.26,7.373495511635072e-11,6.615711325349531e-101,7.373495511635072e-11,1.632746495155945e-10,4.428690551393267
production_outlet,9.27,6.242690363398833e-11,3.59873453142515e-101,6.242690363398833e-11,1.3823471913829104e-10,4.428690551393267
production_outlet,9.28,5.2809936186559587e-11,1.9559986447400956e-101,5.2809936186559587e-11,1.169394327045489e-10,4.428690551393267
production_outlet,9.290000000000001,4.463802435214044e-11,1.0622647295992423e-101,4.463802435214044e-11,9.884399834059345e-11,4.428690551393267
production_outlet,9.3,3.76998620240833e-11,5.76424521874585e-102,3.76998620240833e-11,8.348051136744377e-11,4.428690551393267
production_outlet,9.31,3.181412847986812e-11,3.125342430417036e-102,3.181412847986812e-11,7.044746509980168e-11,4.428690551393267
production_outlet,9.32,2.6825373305171944e-11,1.6931609438370925e-102,2.6825373305171944e-11,5.940063864710607e-11,4.428690551393267
production_outlet,9.33,2.2600445082571185e-11,9.165250722008506e-103,2.2600445082571185e-11,5.004518879723271e-11,4.428690551393267
production_outlet,9.34,1.9025395058087387e-11,4.957194185772986e-103,1.9025395058087387e-11,4.212879366513788e-11,4.428690551393267
production_outlet,9.35,1.6002795263456512e-11,2.6790016882229546e-103,1.6002795263456512e-11,3.5435714089575385e-11,4.428690551393267
production_outlet,9.36,1.3449417904327632e-11,1.4466235033564666e-103,1.3449417904327632e-11,2.978165499731761e-11,4.428690551393267
production_outlet,9.370000000000001,1.1294229321545127e-11,7.80519073298718e-104,1.1294229321545127e-11,2.5009323340797843e-11,4.428690551393267
production_outlet,9.38,9.476657582220921e-12,4.2078184890258775e-104,9.476657582220921e-12,2.0984591946585577e-11,4.428690551393267
production_outlet,9.39,7.945097839127725e-12,2.266605554848516e-104,7.945097839127725e-12,1.759318986502001e-11,4.428690551393267
production_outlet,9.4,6.655624083069415e-12,1.2199453440833679e-104,6.655624083069415e-12,1.4737849745157497e-11,4.428690551393267
production_outlet,9.41,5.570879868272447e-12,6.56070141349516e-105,5.570879868272447e-12,1.2335851517782576e-11,4.428690551393267
production_outlet,9.42,4.659124074083188e-12,3.5253776409963685e-105,4.659124074083188e-12,1.0316909382330559e-11,4.428690551393267
production_outlet,9.43,3.893410829986426e-12,1.8928076935764374e-105,3.893410829986426e-12,8.62135587772655e-12,4.428690551393267
production_outlet,9.44,3.250885422491887e-12,1.0154366007419214e-105,3.250885422491887e-12,7.1985827771259634e-12,4.428690551393267
production_outlet,9.450000000000001,2.7121803641651167e-12,5.443078625601802e-106,2.7121803641651167e-12,6.0057037762262e-12,4.428690551393267
production_outlet,9.46,2.260897874973998e-12,2.915290760642618e-106,2.260897874973998e-12,5.00640852828123e-12,4.428690551393267
production_outlet,9.47,1.8831668381045532e-12,1.5601437605755742e-106,1.8831668381045532e-12,4.169981591305384e-12,4.428690551393267
production_outlet,9.48,1.5672638767634357e-12,8.342435063000957e-107,1.5672638767634357e-12,3.470463361281104e-12,4.428690551393267
production_outlet,9.49,1.3032895822015121e-12,4.457245189662472e-107,1.3032895822015121e-12,2.8859331292125572e-12,4.428690551393267
production_outlet,9.5,1.082892130288297e-12,2.379499889558471e-107,1.082892130288297e-12,2.3978970727929537e-12,4.428690551393267
production_outlet,9.51,8.990315757689935e-13,1.2692592201686594e-107,8.990315757689935e-13,1.9907663225061707e-12,4.428690551393267
production_outlet,9.52,7.457790287789671e-13,6.764885319635761e-108,7.457790287789671e-13,1.6514122690903293e-12,4.428690551393267
production_outlet,9.53,6.181457140451635e-13,3.6025998318199066e-108,6.181457140451635e-13,1.3687880415880297e-12,4.428690551393267
production_outlet,9.540000000000001,5.119376043117438e-13,1.916977802395519e-108,5.119376043117438e-13,1.1336066155591624e-12,4.428690551393267
production_outlet,9.55,4.236319189971799e-13,1.0192098624507945e-108,4.236319189971799e-13,9.380673384657042e-13,4.428690551393267
production_outlet,9.56,3.5027229849170875e-13,5.414465924609513e-109,3.5027229849170875e-13,7.756238093725163e-13,4.428690551393267
production_outlet,9.57,2.8937991402993206e-13,2.87404197158825e-109,2.8937991402993206e-13,6.40787045513678e-13,4.428690551393267
production_outlet,9.58,2.388781616909118e-13,1.524319696159551e-109,2.388781616909118e-13,5.28958728807367e-13,4.428690551393267
production_outlet,9.59,1.9702892467061385e-13,8.078011932626358e-110,1.9702892467061385e-13,4.3629006851996164e-13,4.428690551393267
production_outlet,9.6,1.623786774537557e-13,4.27738550430056e-110,1.623786774537557e-13,3.595624572935914e-13,4.428690551393267
production_outlet,9.61,1.3371295494668022e-13,2.2630688673531966e-110,1.3371295494668022e-13,2.9608665008561813e-13,4.428690551393267
production_outlet,9.620000000000001,1.1001792432543082e-13,1.1963620297148406e-110,1.1001792432543082e-13,2.4361767097196747e-13,4.428690551393267
production_outlet,9.63,9.044798194179789e-14,6.3193577976513745e-111,9.044798194179789e-14,2.0028306150911455e-13,4.428690551393267
production_outlet,9.64,7.429845616420225e-14,3.335252697031816e-111,7.429845616420225e-14,1.6452243539875466e-13,4.428690551393267
production_outlet,9.65,6.098263304071398e-14,1.758854913911896e-111,6.098263304071398e-14,1.3503660537324642e-13,4.428690551393267
production_outlet,9.66,5.0012438232642865e-14,9.2678023397192e-112,5.0012438232642865e-14,1.1074480632652241e-13,4.428690551393267
production_outlet,9.67,4.098220845368629e-14,4.879428774433953e-112,4.098220845368629e-14,9.074875967703486e-14,4.428690551393267
production_outlet,9.68,3.355507098423644e-14,2.5668865657596223e-112,3.355507098423644e-14,7.430251290960914e-14,4.428690551393267
production_outlet,9.69,2.7451522728795934e-14,1.3492419791971598e-112,2.7451522728795934e-14,6.078714966518803e-14,4.428690551393267
production_outlet,9.700000000000001,2.2439862492888255e-14,7.08628290887493e-113,2.2439862492888255e-14,4.968960349840918e-14,4.428690551393267
production_outlet,9.71,1.8328183185994764e-14,3.718712491712896e-113,1.8328183185994764e-14,4.0584925850009975e-14,4.428690551393267
production_outlet,9.72,1.4957675815435817e-14,1.9498993400869405e-113,1.4957675815435817e-14,3.312145877731209e-14,4.428690551393267
production_outlet,9.73,1.219703555098948e-14,1.0215914648581248e-113,1.219703555098948e-14,2.700844804983744e-14,4.428690551393267
production_outlet,9.74,9.937792784142558e-15,5.347955603707425e-114,9.937792784142558e-15,2.2005704502418164e-14,4.428690551393267
production_outlet,9.75,8.090419817279227e-15,2.7973306548537854e-114,8.090419817279227e-15,1.7914982900794675e-14,4.428690551393267
production_outlet,9.76,6.581087317688236e-15,1.4619929886153089e-114,6.581087317688236e-15,1.4572799610869975e-14,4.428690551393267
production_outlet,9.77,5.348964578539184e-15,7.634704790903003e-115,5.348964578539184e-15,1.1844454444356877e-14,4.428690551393267
production_outlet,9.78,4.343974475660932e-15,3.98368217136723e-115,4.343974475660932e-15,9.619059357926545e-15,4.428690551393267
production_outlet,9.790000000000001,3.524928250909477e-15,2.076933488140348e-115,3.524928250909477e-15,7.805408219570997e-15,4.428690551393267
production_outlet,9.8,2.857977280494626e-15,1.0819469567322113e-115,2.857977280494626e-15,6.328548489111587e-15,4.428690551393267
production_outlet,9.81,2.3153291337357824e-15,5.631639214421334e-116,2.3153291337357824e-15,5.126938128970608e-15,4.428690551393267
production_outlet,9.82,1.874183779604525e-15,2.928931082872357e-116,1.874183779604525e-15,4.15008999815454e-15,4.428690551393267
production_outlet,9.83,1.515852998510635e-15,1.522050126121161e-116,1.515852998510635e-15,3.3566219259026002e-15,4.428690551393267
production_outlet,9.84,1.2250321126280971e-15,7.903040941231384e-117,1.2250321126280971e-15,2.712644071174693e-15,4.428690551393267
production_outlet,9.85,9.89198236311461e-16,4.100199440512781e-117,9.89198236311461e-16,2.1904264413037258e-15,4.428690551393267
production_outlet,9.86,7.981135191021177e-16,2.1255004741682073e-117,7.981135191021177e-16,1.7672989004933889e-15,4.428690551393267
production_outlet,9.870000000000001,6.43415435129906e-16,1.1009381067990429e-117,6.43415435129906e-16,1.424743929090201e-15,4.428690551393267
production_outlet,9.88,5.182791727140585e-16,5.697837722835898e-118,5.182791727140585e-16,1.1476490375913347e-15,4.428690551393267
production_outlet,9.89,4.1713968849244304e-16,2.9464747381704223e-118,4.1713968849244304e-16,9.236912985188066e-16,4.428690551393267
production_outlet,9.9,3.354630892165694e-16,1.522442298919399e-118,3.354630892165694e-16,7.428311067773086e-16,4.428690551393267
production_outlet,9.91,2.6955875720599165e-16,7.860034192863374e-119,2.6955875720599165e-16,5.968961605417434e-16,4.428690551393267
production_outlet,9.92,2.164250979264855e-16,4.054651225250349e-119,2.164250979264855e-16,4.792398931356944e-16,4.428690551393267
production_outlet,9.93,1.7362300713174454e-16,2.089912214505798e-119,1.7362300713174454e-16,3.844612855944214e-16,4.428690551393267
production_outlet,9.94,1.3917217002156024e-16,1.0763364788794796e-119,1.3917217002156024e-16,3.0817523719569053e-16,4.428690551393267
production_outlet,9.950000000000001,1.1146614920986513e-16,5.538772773187246e-120,1.1146614920986513e-16,2.4682454090296087e-16,4.428690551393267
production_outlet,9.96,8.920291996775874e-17,2.847898532198666e-120,8.920291996775874e-17,1.9752606440895144e-16,4.428690551393267
production_outlet,9.97,7.132809374072744e-17,1.4631233750887616e-120,7.132809374072744e-17,1.5794502739922639e-16,4.428690551393267
production_outlet,9.98,5.698855408824554e-17,7.5107422716443924e-121,5.698855408824554e-17,1.2619233551408856e-16,4.428690551393267
production_outlet,9.99,4.5494629519328665e-17,3.8523899776315635e-121,4.5494629519328665e-17,1.0074081794569402e-16,4.428690551393267
production_outlet,10.0,3.62892590724542e-17,1.9743452670351406e-121,3.62892590724542e-17,8.035694938562016e-17,4.428690551393267
production_lateral,0.0,0.00011004108684804812,0.00011004108684804812,4.722904867564563e-36,0.0002436689607944983,4.428690551393267
production_lateral,0.01,0.00012061565306691787,0.00012061565306691787,6.700866720691086e-36,0.0002670847015437937,4.428690551393267
production_lateral,0.02,0.000132098518816668,0.000132098518816668,9.499445075434307e-36,0.0002925117310682116,4.428690551393267
production_lateral,0.03,0.0001445565242129045,0.0001445565242129045,1.345584469830539e-35,0.00032009805646197105,4.428690551393267
production_lateral,0.04,0.00015806034314797137,0.00015806034314797137,1.904448223418369e-35,0.00035000017412469914,4.428690551393267
production_lateral,0.05,0.0001726846034060342,0.0001726846034060342,2.693226305429504e-35,0.0003823833357376986,4.428690551393267
production_lateral,0.06,0.00018850800117687128,0.00018850800117687128,3.8055900186640636e-35,0.0004174218018370203,4.428690551393267
production_lateral,0.07,0.00020561340885918376,0.00020561340885918376,5.372997331721437e-35,0.00045529908052721385,4.428690551393267
production_lateral,0.08,0.00022408797498123557,0.00022408797498123557,7.579782159694662e-35,0.0004962081487401243,4.428690551393267
production_lateral,0.09,0.00024402321500577835,0.00024402321500577835,1.0684207099736932e-34,0.000540351653308349,4.428690551393267
production_lateral,0.1,0.00026551509172822367,0.00026551509172822367,1.5047811590859041e-34,0.0005879420889945504,4.428690551393267
production_lateral,0.11,0.0002886640839225478,0.0002886640839225478,2.1176289523151526e-34,0.0006392019504971901,4.428690551393267
production_lateral,0.12,0.00031357524183922217,0.00031357524183922217,2.9776377452387014e-34,0.0006943638553421109,4.428690551393267
production_lateral,0.13,0.00034035822811430557,0.00034035822811430557,4.183495729035606e-34,0.0007536706344693896,4.428690551393267
production_lateral,0.14,0.00036912734260951326,0.00036912734260951326,5.872895493237107e-34,0.0008173753872378282,4.428690551393267
production_lateral,0.15,0.0004000015296703954,0.0004000015296703954,8.237789484619513e-34,0.0008857414974970668,4.428690551393267
production_lateral,0.16,0.00043310436626455554,0.00043310436626455554,1.1545548766834261e-33,0.0009590426073215029,4.428690551393267
production_lateral,0.17,0.0004685640294449191,0.0004685640294449191,1.6168284574403674e-33,0.0010375625449627348,4.428690551393267
production_lateral,0.18,0.0005065132415753153,0.0005065132415753153,2.2623447331656807e-33,0.001121595203560087,4.428690551393267
production_lateral,0.19,0.0005470891917578054,0.0005470891917578054,3.162999295057854e-33,0.001211444367153586,4.428690551393267
production_lateral,0.2,0.0005904334319141876,0.0005904334319141876,4.418601964186814e-33,0.001307423480572531,4.428690551393267
production_lateral,0.21,0.000636691745998631,0.000636691745998631,6.167599169998526e-33,0.0014098553598271095,4.428690551393267
production_lateral,0.22,0.0006860139908552513,0.0006860139908552513,8.601870009514007e-33,0.0015190718397121192,4.428690551393267
production_lateral,0.23,0.0007385539072843233,0.0007385539072843233,1.1987126351817186e-32,0.0016354133554423306,4.428690551393267
production_lateral,0.24,0.0007944688999444001,0.0007944688999444001,1.669101566780672e-32,0.0017592284552797838,4.428690551393267
production_lateral,0.25,0.0008539197847954394,0.0008539197847954394,2.322180214349044e-32,0.0018908732412856672,4.428690551393267
production_lateral,0.26,0.0009170705028806977,0.0009170705028806977,3.228156268919934e-32,0.0020307107355346087,4.428690551393267
production_lateral,0.27,0.0009840877993530276,0.0009840877993530276,4.483928237146829e-32,0.002179110169368073,4.428690551393267
production_lateral,0.28,0.001055140866774631,0.001055140866774631,6.223120789321567e-32,0.0023364461935368548,4.428690551393267
production_lateral,0.29,0.0011304009518585884,0.0011304009518585884,8.629850690042861e-32,0.0025030980073910427,4.428690551393267
production_lateral,0.3,0.0012100409249756405,0.0012100409249756405,1.1957594090435405e-31,0.0026794484056193936,4.428690551393267
production_lateral,0.31,0.0012942348119207223,0.0012942348119207223,1.6555023662956466e-31,0.002865882741418772,4.428690551393267
production_lateral,0.32,0.0013831572876206216,0.0013831572876206216,2.290136026225273e-31,0.003062787805388093,4.428690551393267
production_lateral,0.33,0.001476983131666373,0.001476983131666373,3.165470171348992e-31,0.0032705506198890517,4.428690551393267
production_lateral,0.34,0.0015758866457713638,0.0015758866457713638,4.37180362763023e-31,0.003489557149097233,4.428690551393267
production_lateral,0.35000000000000003,0.0016800410334878247,0.0016800410334878247,6.032933534109568e-31,0.003720190925480254,4.428690551393267
production_lateral,0.36,0.0017896177427598322,0.0017896177427598322,8.318440395211552e-31,0.0039628315939831075,4.428690551393267
production_lateral,0.37,0.0019047857721491304,0.0019047857721491304,1.146042573963813e-30,0.004217853375772591,4.428690551393267
production_lateral,0.38,0.0020257109418397984,0.0020257109418397984,1.5776296783277426e-30,0.004485623453989935,4.428690551393267
production_lateral,0.39,0.0021525551308080506,0.0021525551308080506,2.1699756360109758e-30,0.004766500284581356,4.428690551393267
production_lateral,0.4,0.0022854754818325356,0.0022854754818325356,2.9822917129091677e-30,0.005060831835916362,4.428690551393267
production_lateral,0.41000000000000003,0.0024246235763168665,0.0024246235763168665,4.095348452656227e-30,0.005368953761559929,4.428690551393267
production_lateral,0.42,0.0025701445811981438,0.0025701445811981438,5.619233401332632e-30,0.005691187511233412,4.428690551393267
production_lateral,0.43,0.0027221763705207918,0.0027221763705207918,7.703866655347999e-30,0.006027838385675723,4.428690551393267
production_lateral,0.44,0.002880848624562032,0.002880848624562032,1.0553242472060061e-29,0.006379193541796079,4.428690551393267
production_lateral,0.45,0.0030462819097018486,0.0030462819097018486,1.444470078577338e-29,0.006745519955188407,4.428690551393267
production_lateral,0.46,0.0032185867425334465,0.0032185867425334465,1.9754982870833357e-29,0.007127062347748753,4.428690551393267
production_lateral,0.47000000000000003,0.003397862642008093,0.003397862642008093,2.699542932367884e-29,0.007524041088796702,4.428690551393267
production_lateral,0.48,0.0035841971736978373,0.0035841971736978373,3.6859487619212994e-29,0.007936650078743031,4.428690551393267
production_lateral,0.49,0.003777664990538462,0.003777664990538462,5.028677946897647e-29,0.008365054624963411,4.428690551393267
production_lateral,0.5,0.003978326874680503,0.003978326874680503,6.854942650781972e-29,0.008809389320125725,4.428690551393267
production_lateral,0.51,0.004186228785325216,0.004186228785325216,9.336826799285799e-29,0.009269755933770147,4.428690551393267
production_lateral,0.52,0.0044014009176525995,0.0044014009176525995,1.2706918759394473e-28,0.00974622132845086,4.428690551393267
production_lateral,0.53,0.004623856778156832,0.004623856778156832,1.727932120916167e-28,0.010238815412209437,4.428690551393267
production_lateral,0.54,0.004853592281888395,0.004853592281888395,2.347786366692582e-28,0.01074752913955721,4.428690551393267
production_lateral,0.55,0.005090584877258672,0.005090584877258672,3.187395453166131e-28,0.011272312573490467,4.428690551393267
production_lateral,0.56,0.005334792704189719,0.005334792704189719,4.323732279052701e-28,0.011813073021343372,4.428690551393267
production_lateral,0.5700000000000001,0.005586153791486421,0.005586153791486421,5.860398050710208e-28,0.012369673257492792,4.428690551393267
production_lateral,0.58,0.005844585299368258,0.005844585299368258,7.936717262601483e-28,0.012941929846062095,4.428690551393267
production_lateral,0.59,0.006109982813121181,0.006109982813121181,1.0739898506465518e-27,0.013529611576822514,4.428690551393267
production_lateral,0.6,0.006382219693814509,0.006382219693814509,1.4521280651861915e-27,0.014132438027456172,4.428690551393267
production_lateral,0.61,0.006661146491972153,0.006661146491972153,1.961801827777897e-27,0.014750078265221738,4.428690551393267
production_lateral,0.62,0.006946590429989447,0.006946590429989447,2.6482002635809015e-27,0.015382149700846576,4.428690551393267
production_lateral,0.63,0.007238354958946298,0.007238354958946298,3.5718399298881214e-27,0.016028217107158033,4.428690551393267
production_lateral,0.64,0.007536219395282461,0.007536219395282461,4.8136956192023494e-27,0.016687791814557054,4.428690551393267
production_lateral,0.65,0.007839938642571596,0.007839938642571596,6.482025522433177e-27,0.01736033109492989,4.428690551393267
production_lateral,0.66,0.00814924300335678,0.00814924300335678,8.721442500811979e-27,0.018045237744986932,4.428690551393267
production_lateral,0.67,0.00846383808569162,0.00846383808569162,1.17249603025384e-26,0.018741859879312477,4.428690551393267
production_lateral,0.68,0.008783404808668687,0.008783404808668687,1.5749976639367184e-26,0.0194494909426066,4.428690551393267
production_lateral,0.6900000000000001,0.009107599510811321,0.009107599510811321,2.1139461539838524e-26,0.02016736994970202,4.428690551393267
production_lateral,0.7000000000000001,0.009436054164757521,0.009436054164757521,2.835002208949185e-26,0.020894681960948357,4.428690551393267
production_lateral,0.71,0.009768376701177191,0.009768376701177191,3.798904327162243e-26,0.021630558799476778,4.428690551393267
production_lateral,0.72,0.010104151444338731,0.010104151444338731,5.0863797884252613e-26,0.022374080015694783,4.428690551393267
production_lateral,0.73,0.010442939661179974,0.010442939661179974,6.804632690983698e-26,0.023124274103118875,4.428690551393267
production_lateral,0.74,0.010784280225145427,0.010784280225145427,9.095908095495462e-26,0.0238801199683394,4.428690551393267
production_lateral,0.75,0.01112769039542894,0.01112769039542894,1.2148786889129788e-25,0.024640548656532875,4.428690551393267
production_lateral,0.76,0.011472666711612858,0.011472666711612858,1.6213069260673855e-25,0.02540444533250196,4.428690551393267
production_lateral,0.77,0.011818686003024808,0.011818686003024808,2.161937008744148e-25,0.02617065151573991,4.428690551393267
production_lateral,0.78,0.012165206511445956,0.012165206511445956,2.8804895757639236e-25,0.026937967566494275,4.428690551393267
production_lateral,0.79,0.012511669125104638,0.012511669125104638,3.8347323189402086e-25,0.027705155418254884,4.428690551393267
production_lateral,0.8,0.012857498721180973,0.012857498721180973,5.10092893857137e-25,0.028470941550522592,4.428690551393267
production_lateral,0.81,0.013202105613337217,0.013202105613337217,6.779676429182246e-25,0.02923402019414127,4.428690551393267
production_lateral,0.8200000000000001,0.013544887100079655,0.013544887100079655,9.003557333464217e-25,0.029993056759905656,4.428690551393267
production_lateral,0.8300000000000001,0.013885229109056608,0.013885229109056608,1.1947162637547916e-24,0.030746691479604873,4.428690551393267
production_lateral,0.84,0.014222507931708877,0.014222507931708877,1.584020840129256e-24,0.03149354324713745,4.428690551393267
production_lateral,0.85,0.014556092042019183,0.014556092042019183,2.098468624682175e-24,0.032232213645850535,4.428690551393267
production_lateral,0.86,0.014885343992461206,0.014885343992461206,2.7777268913823688e-24,0.032961291146825736,4.428690551393267
production_lateral,0.87,0.015209622379632517,0.015209622379632517,3.6738555809385075e-24,0.03367935546146905,4.428690551393267
production_lateral,0.88,0.015528283871473625,0.015528283871473625,4.855121370229813e-24,0.03438498203047385,4.428690551393267
production_lateral,0.89,0.01584068528743349,0.01584068528743349,6.410967507470483e-24,0.03507674663002552,4.428690551393267
production_lateral,0.9,0.01614618572244444,0.01614618572244444,8.458484043723612e-24,0.03575323007501528,4.428690551393267
production_lateral,0.91,0.016444148705121567,0.016444148705121567,1.115082414749779e-23,0.036413022998038856,4.428690551393267
production_lateral,0.92,0.01673394438020758,0.01673394438020758,1.468814236524172e-23,0.037054730682082884,4.428690551393267
production_lateral,0.93,0.01701495170494787,0.01701495170494787,1.9331798226122797e-23,0.03767697792405769,4.428690551393267
production_lateral,0.9400000000000001,0.017286560648805543,0.017286560648805543,2.5422784011327344e-23,0.03827841390572588,4.428690551393267
production_lateral,0.9500000000000001,0.0175481743857163,0.0175481743857163,3.3405612252755574e-23,0.038857717048111556,4.428690551393267
production_lateral,0.96,0.0177992114679399,0.0177992114679399,4.385925372756489e-23,0.03941359982515806,4.428690551393267
production_lateral,0.97,0.01803910797049202,0.01803910797049202,5.753717220281229e-23,0.03994481351224048,4.428690551393267
production_lateral,0.98,0.018267319595138092,0.018267319595138092,7.54190857426995e-23,0.04045015284513457,4.428690551393267
production_lateral,0.99,0.018483323723001387,0.018483323723001387,9.877783135063937e-23,0.04092846056519963,4.428690551393267
production_lateral,1.0,0.018686621404980727,0.018686621404980727,1.2926566496441614e-22,0.041378631826850656,4.428690551393267
production_lateral,1.01,0.018876739279389636,0.018876739279389636,1.690255493234799e-22,0.04179961844387351,4.428690551393267
production_lateral,1.02,0.019053231406517077,0.019053231406517077,2.208345402200733e-22,0.04219043295177581,4.428690551393267
production_lateral,1.03,0.019215681010169485,0.019215681010169485,2.88288368641176e-22,0.04255015246416231,4.428690551393267
production_lateral,1.04,0.01936370211668236,0.01936370211668236,3.7603884812406215e-22,0.042877922302072484,4.428690551393267
production_lateral,1.05,0.019496941082385096,0.019496941082385096,4.900989597264579e-22,0.04317295937631504,4.428690551393267
production_lateral,1.06,0.019615078001061607,0.019615078001061607,6.382345663407201e-22,0.04343455530407173,4.428690551393267
production_lateral,1.07,0.019717827983568793,0.019717827983568793,8.304669171176031e-22,0.04366207924241443,4.428690551393267
production_lateral,1.08,0.019804942302449925,0.019804942302449925,1.0797167158557994e-21,0.0438549804228744,4.428690551393267
production_lateral,1.09,0.01987620939510707,0.01987620939510707,1.4026289151218723e-21,0.04401279037281238,4.428690551393267
production_lateral,1.1,0.019931455719869918,0.019931455719869918,1.82062802716275e-21,0.04413512481105059,4.428690551393267
production_lateral,1.11,0.01997054646011283,0.01997054646011283,2.361267199940537e-21,0.044221685207030965,4.428690551393267
production_lateral,1.12,0.019993386072421685,0.019993386072421685,3.0599513286029634e-21,0.044272259994645825,4.428690551393267
production_lateral,1.1300000000000001,0.019999918675690988,0.019999918675690988,3.9621359838737925e-21,0.044286725433833204,4.428690551393267
production_lateral,1.1400000000000001,0.019990128278933365,0.019990128278933365,5.1261310981279456e-21,0.04426504611502577,4.428690551393267
production_lateral,1.1500000000000001,0.019964038846501688,0.019964038846501688,6.626672608722879e-21,0.044207275103575076,4.428690551393267
production_lateral,1.16,0.019921714200351475,0.019921714200351475,8.559468432507184e-21,0.04411355372332682,4.428690551393267
production_lateral,1.17,0.01986325775990143,0.01986325775990143,1.1046979505285244e-20,0.04398411098058222,4.428690551393267
production_lateral,1.18,0.019788812120976284,0.019788812120976284,1.4245765000104396e-20,0.04381926263173211,4.428690551393267
production_lateral,1.19,0.019698558476231167,0.019698558476231167,1.835580677502845e-20,0.04361940989987636,4.428690551393267
production_lateral,1.2,0.0195927158803546,0.0195927158803546,2.363233600233482e-20,0.04338503784772961,4.428690551393267
production_lateral,1.21,0.01947154036422066,0.01947154036422066,3.0400820285200167e-20,0.04311671341604832,4.428690551393267
production_lateral,1.22,0.019335323903004128,0.019335323903004128,3.9075939202103106e-20,0.04281508313868138,4.428690551393267
production_lateral,1.23,0.019184393244079025,0.019184393244079025,5.018558861788509e-20,0.0424808705471328,4.428690551393267
production_lateral,1.24,0.01901910860128548,0.01901910860128548,6.440121979734023e-20,0.04211487327921771,4.428690551393267
production_lateral,1.25,0.018839862222866814,0.018839862222866814,8.257615141746196e-20,0.0417179599079806,4.428690551393267
production_lateral,1.26,0.018647076841043164,0.018647076841043164,1.0579390718720524e-19,0.04129106650851603,4.428690551393267
production_lateral,1.27,0.018441204011795477,0.018441204011795477,1.3542914898900413e-19,0.040835192981677114,4.428690551393267
production_lateral,1.28,0.018222722353980366,0.018222722353980366,1.732244200380149e-19,0.04035139915486786,4.428690551393267
production_lateral,1.29,0.017992135697378498,0.017992135697378498,2.2138671513197465e-19,0.03984080068118283,4.428690551393267
production_lateral,1.3,0.01774997114969416,0.01774997114969416,2.8270889342850473e-19,0.0393045647590768,4.428690551393267
production_lateral,1.31,0.01749677709286917,0.01749677709286917,3.607221899358088e-19,0.03874390569551192,4.428690551393267
production_lateral,1.32,0.017233121119348296,0.017233121119348296,4.59887622437509e-19,0.03816008033613678,4.428690551393267
production_lateral,1.33,0.01695958791913521,0.01695958791913521,5.858360015302306e-19,0.037554383386498746,4.428690551393267
production_lateral,1.34,0.016676777128606636,0.016676777128606636,7.45668619671986e-19,0.036928142648575774,4.428690551393267
production_lateral,1.35,0.016385301152108418,0.016385301152108418,9.483336272743325e-19,0.03628271419703788,4.428690551393267
production_lateral,1.36,0.016085782967340815,0.016085782967340815,1.2050967307763976e-18,0.0356194775196125,4.428690551393267
production_lateral,1.37,0.015778853925453144,0.015778853925453144,1.530129329706584e-18,0.03493983064573444,4.428690551393267
production_lateral,1.3800000000000001,0.015465151556611361,0.01546515155661136,1.9412427433657557e-18,0.0342451852873148,4.428690551393267
production_lateral,1.3900000000000001,0.015145317391578966,0.015145317391578964,2.460804003200082e-18,0.03353696201496894,4.428690551393267
production_lateral,1.4000000000000001,0.01481999480956416,0.014819994809564157,3.1168770977628656e-18,0.03281658549240703,4.428690551393267
production_lateral,1.41,0.014489826922238118,0.014489826922238115,3.944643911808597e-18,0.032085479790919864,4.428690551393267
production_lateral,1.42,0.014155454503424007,0.014155454503424002,4.988171836639573e-18,0.031345063804995583,4.428690551393267
production_lateral,1.43,0.013817513973498442,0.013817513973498435,6.302610677892652e-18,0.03059674678908849,4.428690551393267
production_lateral,1.44,0.013476635447040131,0.013476635447040123,7.956920697709125e-18,0.0298419240344391,4.428690551393267
production_lateral,1.45,0.013133440851710388,0.013133440851710377,1.0037257188789322e-17,0.029081972703626065,4.428690551393267
production_lateral,1.46,0.012788542125760808,0.012788542125760796,1.2651165845488958e-17,0.028318247839225826,4.428690551393267
production_lateral,1.47,0.012442539500940692,0.012442539500940677,1.59327785334615e-17,0.02755207856157677,4.428690551393267
production_lateral,1.48,0.01209601987692569,0.012096019876925669,2.0049242272408533e-17,0.026784764469202974,4.428690551393267
production_lateral,1.49,0.011749555292715283,0.011749555292715257,2.5208667041348723e-17,0.02601757225396046,4.428690551393267
production_lateral,1.5,0.01140370149975543,0.011403701499755399,3.16699424549844e-17,0.02525173254143805,4.428690551393267
production_lateral,1.51,0.011058996640839395,0.011058996640839355,3.975485193576143e-17,0.024488436965587654,4.428690551393267
production_lateral,1.52,0.01071596003813024,0.01071596003813019,4.986300872802757e-17,0.023728835484987613,4.428690551393267
production_lateral,1.53,0.010375091092937452,0.01037509109293739,6.249025459692437e-17,0.022974033946568266,4.428690551393267
production_lateral,1.54,0.010036868299173376,0.010036868299173298,7.825130369675304e-17,0.022225091901063868,4.428690551393267
production_lateral,1.55,0.00970174837171721,0.009701748371717113,9.790758614229797e-17,0.02148302067290951,4.428690551393267
production_lateral,1.56,0.009370165490230122,0.009370165490229999,1.2240145459651104e-16,0.0207487816857867,4.428690551393267
production_lateral,1.57,0.009042530658299264,0.009042530658299111,1.5289817029436765e-16,0.020023285043546942,4.428690551393267
production_lateral,1.58,0.008719231177145004,0.008719231177144814,1.9083739146763604e-16,0.019307388364817834,4.428690551393267
production_lateral,1.59,0.008400630232508614,0.008400630232508376,2.379962580386545e-16,0.01860189586822976,4.428690551393267
production_lateral,1.6,0.00808706659275073,0.008087066592750434,2.9656661478602254e-16,0.01790755770390165,4.428690551393267
production_lateral,1.61,0.007778854415636817,0.007778854415636447,3.6924945658506856e-16,0.01722506952559728,4.428690551393267
production_lateral,1.62,0.0074762831607679435,0.007476283160767484,4.593703324676693e-16,0.01655507229681679,4.428690551393267
production_lateral,1.6300000000000001,0.0071796176041356375,0.007179617604135067,5.710202324169357e-16,0.01589815232302613,4.428690551393267
production_lateral,1.6400000000000001,0.00688909795084035,0.006889097950839641,7.092274285809771e-16,0.015254841501254687,4.428690551393267
production_lateral,1.6500000000000001,0.006604940041616024,0.006604940041615144,8.801668825946094e-16,0.014625617777411967,4.428690551393267
production_lateral,1.6600000000000001,0.00632733564844948,0.006327335648448389,1.0914152005717961e-15,0.014010905800891,4.428690551393267
production_lateral,1.67,0.006056452854273702,0.006056452854272349,1.35226076179357e-15,0.013411077765340361,4.428690551393267
production_lateral,1.68,0.005792436511448995,0.005792436511447321,1.6740806192438956e-15,0.012826454423899769,4.428690551393267
production_lateral,1.69,0.005535408773525871,0.005535408773523801,2.070798132872853e-15,0.012257306266706708,4.428690551393267
production_lateral,1.7,0.0052854696946072885,0.005285469694604729,2.5594381243288904e-15,0.011703854848091376,4.428690551393267
production_lateral,1.71,0.005042697890495999,0.005042697890492838,3.160799723081218e-15,0.011166274250585194,4.428690551393267
production_lateral,1.72,0.004807151255723417,0.004807151255719517,3.9002711125626395e-15,0.010644692672670287,4.428690551393267
production_lateral,1.73,0.004578867730508645,0.004578867730503837,4.808815204219742e-15,0.010139194127091584,4.428690551393267
production_lateral,1.74,0.004357866111688895,0.004357866111682971,5.9241610122236966e-15,0.009649820236536762,4.428690551393267
production_lateral,1.75,0.004144146901693113,0.004144146901685821,7.292242342931737e-15,0.009176572113556986,4.428690551393267
production_lateral,1.76,0.003937693189697822,0.003937693189688853,8.968933552020728e-15,0.008719412311750179,4.428690551393267
production_lateral,1.77,0.0037384715592053007,0.0037384715591942787,1.1022141794791168e-14,0.008278266835452484,4.428690551393267
production_lateral,1.78,0.0035464330164172372,0.003546433016403703,1.353432667879985e-14,0.00785302719547807,4.428690551393267
production_lateral,1.79,0.003361513933939248,0.0033615139339226423,1.6605531847915993e-14,0.007443552498806779,4.428690551393267
production_lateral,1.8,0.003183637004540562,0.003183637004520205,2.0357029163991087e-14,0.007049671560537375,4.428690551393267
production_lateral,1.81,0.003012712199906115,0.003012712199881179,2.4935695252198416e-14,0.006671185026895717,4.428690551393267
production_lateral,1.82,0.0028486377295523983,0.002848637729521879,3.051926275942635e-14,0.006307867498605537,4.428690551393267
production_lateral,1.83,0.00269130099533107,0.0026913009952937474,3.732261534971392e-14,0.0059594696444890015,4.428690551393267
production_lateral,1.84,0.0025405795372126275,0.002540579537167022,4.560532693516975e-14,0.0056257202957583205,4.428690551393267
production_lateral,1.85,0.002396341966323665,0.002396341966267984,5.568068274029971e-14,0.0053063285120823886,4.428690551393267
production_lateral,1.86,0.002258448881502768,0.0022584488814348415,6.792646348198853e-14,0.005000985611158,4.428690551393267
production_lateral,1.87,0.002126753765939161,0.002126753765856363,8.279782533158717e-14,0.004709367154177404,4.428690551393267
production_lateral,1.8800000000000001,0.002001103860762286,0.0020011038606614433,1.0084266870359451e-13,0.004431134880257261,4.428690551393267
production_lateral,1.8900000000000001,0.0018813410127573081,0.0018813410126345882,1.227199597869776e-13,0.004165938583573465,4.428690551393267
production_lateral,1.9000000000000001,0.001767302493688387,0.0017673024935391654,1.4922155183636868e-13,0.003913417927625759,4.428690551393267
production_lateral,1.9100000000000001,0.001658821789016612,0.001658821788835314,1.812981505785271e-13,0.0036732041917315723,4.428690551393267
production_lateral,1.92,0.00155572935410054,0.0015557293538804497,2.200901819827669e-13,0.0034449219455151055,4.428690551393267
production_lateral,1.93,0.001457853336262281,0.0014578533359953167,2.669644537663066e-13,0.0032281906478109574,4.428690551393267
production_lateral,1.94,0.0013650202613896126,0.001365020261066055,3.2355765743708036e-13,0.003022626167038272,4.428690551393267
production_lateral,1.95,0.0012770556840227582,0.0012770556836309303,3.918279389615562e-13,0.002827842220717327,4.428690551393267
production_lateral,1.96,0.0011937848001420382,0.0011937847996679222,4.741159773563214e-13,0.0026434517323929716,4.428690551393267
production_lateral,1.97,0.0011150330221283524,0.0011150330215551351,5.732172563141331e-13,0.0024690681047956566,4.428690551393267
production_lateral,1.98,0.0010406265156111475,0.00104062651491868,6.924674997456852e-13,0.002304306408608193,4.428690551393267
production_lateral,1.99,0.0009703926981474954,0.0009703926973116518,8.358435739817347e-13,0.0021487844867134156,4.428690551393267
production_lateral,2.0,0.0009041606998902312,0.0009041606988821486,1.008082544349593e-12,0.002002123974272495,4.428690551393267
production_lateral,2.0100000000000002,0.0008417617866023654,0.0008417617853875434,1.2148220199212094e-12,0.0018639512354249055,4.428690551393267
production_lateral,2.02,0.0007830297455586656,0.0007830297440959001,1.4627654365594296e-12,0.001733898217807768,4.428690551393267
production_lateral,2.0300000000000002,0.0007278012350431511,0.0007278012332832746,1.7598765253652035e-12,0.0016116032264639766,4.428690551393267
production_lateral,2.04,0.000675916098303329,0.000675916096187721,2.1156079030791484e-12,0.0014967116190452777,4.428690551393267
production_lateral,2.05,0.0006272176429579306,0.0006272176404167611,2.5411695163528214e-12,0.0013888764245174713,4.428690551393267
production_lateral,2.06,0.0005815528869753502,0.0005815528839255066,3.049843588317153e-12,0.0012877588878416049,4.428690551393267
production_lateral,2.07,0.0005387727724447247,0.000538772768787371,3.65735377080015e-12,0.0011930289433369533,4.428690551393267
production_lateral,2.08,0.0004987323484512248,0.0004987323440689274,4.382297418411735e-12,0.0011043656196300568,4.428690551393267
production_lateral,2.09,0.0004612909244421753,0.000461290919195524,5.246651293575769e-12,0.0010214573792602635,4.428690551393267
production_lateral,2.1,0.00042631219553129166,0.00042631218925492904,6.2763626093317674e-12,0.0009440023961465751,4.428690551393267
production_lateral,2.11,0.0003936643412356626,0.0003936643337336235,7.502039147374937e-12,0.0008717087742254169,4.428690551393267
production_lateral,2.12,0.00036322009917435095,0.0003632200902145967,8.959754283878585e-12,0.0008042947106447866,4.428690551393267
production_lateral,2.13,0.00033485681527974147,0.0003348568045877563,1.0691985150546352e-11,0.0007414886069495157,4.428690551393267
production_lateral,2.14,0.00030845647208344105,0.0003084564593347362,1.2748704892785386e-11,0.0006830291317160181,4.428690551393267
production_lateral,2.15,0.0002839056966387674,0.00028390568145011426,1.5188653105321494e-11,0.0006286652380954161,4.428690551393267
production_lateral,2.16,0.00026109574963212187,0.0002610957315513098,1.808081207771948e-11,0.0005781561397023601,4.428690551393267
production_lateral,2.17,0.00023992249721699514,0.0002399224757108746,2.150612052359643e-11,0.0005312712482457918,4.428690551393267
production_lateral,2.18,0.00022028636707751762,0.00022028634151805655,2.5559461059697162e-11,0.00048779007623847554,4.428690551393267
production_lateral,2.19,0.00020209229019447188,0.00020209225984250896,3.0351962913239293e-11,0.00044750210804684183,4.428690551393267
production_lateral,2.2,0.00018524962974606957,0.00018524959373240231,3.601366724453634e-11,0.00041020664245275965,4.428690551393267
production_lateral,2.21,0.00016967209852964657,0.0001696720558330374,4.269660916164085e-11,0.0003757126097966566,4.428690551393267
production_lateral,2.22,0.0001552776662392616,0.00015527761566088352,5.057837806859913e-11,0.00034383836665810753,4.428690551393267
production_lateral,2.23,0.00014198845787902138,0.00014198839801279485,5.98662265326295e-11,0.00031441147090786143,4.428690551393267
production_lateral,2.24,0.0001297306445332838,0.0001297305737314763,7.08018074927749e-11,0.00028726843983535626,4.428690551393267
production_lateral,2.25,0.00011843432765362028,0.00011843424398698979,8.36666304894696e-11,0.00026225449392010123,4.428690551393267
production_lateral,2.2600000000000002,0.00010803341795902809,0.00010803331917068828,9.878833980985248e-11,0.00023922328867493367,4.428690551393267
production_lateral,2.27,9.846550998114209e-05,9.846539343321092e-05,1.1654793116976355e-10,0.00021803663684580166,4.428690551393267
production_lateral,2.2800000000000002,8.967175322054984e-05,8.967161583251088e-05,1.3738803895713864e-10,0.0001985642231073589,4.428690551393267
production_lateral,2.29,8.159672081441907e-05,8.159655899197574e-05,1.6182244332521837e-10,0.000180683313247746,4.428690551393267
production_lateral,2.3000000000000003,7.418827654987256e-05,7.418808610290682e-05,1.9044696574681515e-10,0.00016427845969028564,4.428690551393267
production_lateral,2.31,6.739744099245397e-05,6.739721704051073e-05,2.2395194323934872e-10,0.00014924120505568306,4.428690551393267
production_lateral,2.32,6.11782574349143e-05,6.117799429841872e-05,2.631364955801381e-10,0.00013546978532635493,4.428690551393267
production_lateral,2.33,5.5487658308861544e-05,5.548734938403484e-05,3.089248267075886e-10,0.0001228688340356966,4.428690551393267
production_lateral,2.34,5.028533264079615e-05,5.0284970255964726e-05,3.6238483142284154e-10,0.00011134908876998067,4.428690551393267
production_lateral,2.35,4.5533595075023856e-05,4.553317032571209e-05,4.247493117660213e-10,0.00010082710113986256,4.428690551393267
production_lateral,2.36,4.1197256929112506e-05,4.1196759488968146e-05,4.974401443622736e-10,9.122495125264067e-05,4.428690551393267
production_lateral,2.37,3.724349969311822e-05,3.724291759733726e-05,5.820957809602136e-10,8.246996759586534e-05,4.428690551393267
production_lateral,2.38,3.364175133194396e-05,3.364107072943427e-05,6.806025096877201e-10,7.449445312805103e-05,4.428690551393267
production_lateral,2.39,3.0363565700986103e-05,3.036277057103148e-05,7.951299546222706e-10,6.723541826328291e-05,4.428690551393267
production_lateral,2.4,2.7382505338812052e-05,2.7381577167465518e-05,9.281713465340692e-10,6.063432133373631e-05,4.428690551393267
production_lateral,2.41,2.4674027857007894e-05,2.4672945267849337e-05,1.0825891585571806e-09,5.463681701757256e-05,4.428690551393267
production_lateral,2.42,2.2215376106614463e-05,2.2214114439846916e-05,1.2616667675474663e-09,4.919251312950561e-05,4.428690551393267
production_lateral,2.43,1.998547226270482e-05,1.9984003095829325e-05,1.4691668754953627e-09,4.425473608748652e-05,4.428690551393267
production_lateral,2.44,1.796481593366283e-05,1.796310653615673e-05,1.7093975060988512e-09,3.978030529146589e-05,4.428690551393267
production_lateral,2.45,1.6135386369535853e-05,1.6133399083055837e-05,1.987286480016388e-09,3.572931657892157e-05,4.428690551393267
production_lateral,2.46,1.448054881442861e-05,1.4478240349059629e-05,2.3084653689811036e-09,3.206493485672448e-05,4.428690551393267
production_lateral,2.47,1.2984965021184603e-05,1.2982285657150141e-05,2.6793640344619666e-09,2.8753195949746162e-05,4.428690551393267
production_lateral,2.48,1.1634507922506892e-05,1.1631400605535379e-05,3.1073169715143517e-09,2.576281765325819e-05,4.428690551393267
production_lateral,2.49,1.0416180431082979e-05,1.0412579748279473e-05,3.60068280350584e-09,2.3065019928372317e-05,4.428690551393267
production_lateral,2.5,9.31803832211693e-06,9.313869343707758e-06,4.168978409171826e-09,2.0633354137339808e-05,4.428690551393267
production_lateral,2.5100000000000002,8.32911713480179e-06,8.324294105491182e-06,4.823029310607745e-09,1.844354117817222e-05,4.428690551393267
production_lateral,2.52,7.4393630145885085e-06,7.4337878764785155e-06,5.575138109993279e-09,1.6473318345546328e-05,4.428690551393267
production_lateral,2.5300000000000002,6.639567405482496e-06,6.633128132547764e-06,6.439272934731836e-09,1.4702294716999519e-05,4.428690551393267
production_lateral,2.54,5.921305490916331e-06,5.913874212880412e-06,7.431278035918831e-09,1.3111814839767111e-05,4.428690551393267
production_lateral,2.5500000000000003,5.27687827286624e-06,5.268309163981971e-06,8.569108884268494e-09,1.1684830473947568e-05,4.428690551393267
production_lateral,2.56,4.699258171683266e-06,4.689385077361832e-06,9.873094321434351e-09,1.040578013174564e-05,4.428690551393267
production_lateral,2.57,4.182038023464541e-06,4.1706717949109e-06,1.136622855364179e-08,9.260476140042393e-06,4.428690551393267
production_lateral,2.58,3.719383347574061e-06,3.706308851554821e-06,1.3074496019240202e-08,8.235998944205351e-06,4.428690551393267
production_lateral,2.59,3.3059877540127864e-06,3.2909605215901213e-06,1.5027232422665236e-08,7.320598364609137e-06,4.428690551393267
production_lateral,2.6,2.9370313586147253e-06,2.9197738331099362e-06,1.7257525504789026e-08,6.5036015135213816e-06,4.428690551393267
production_lateral,2.61,2.6081420733971e-06,2.5883394139830457e-06,1.980265941405443e-08,5.775327078572491e-06,4.428690551393267
production_lateral,2.62,2.3153596397043656e-06,2.292655032849984e-06,2.2704606854381432e-08,5.127005679718021e-06,4.428690551393267
production_lateral,2.63,2.0551022729560217e-06,2.0290916994413214e-06,2.601057351470025e-08,4.55070600919358e-06,4.428690551393267
production_lateral,2.64,1.824135789734079e-06,1.7943621901029668e-06,2.9773599631112057e-08,4.039266468226805e-06,4.428690551393267
production_lateral,2.65,1.6195450905350063e-06,1.5854918666391023e-06,3.40532238959041e-08,3.5862320200038677e-06,4.428690551393267
production_lateral,2.66,1.4387078746713637e-06,1.399791659363719e-06,3.8916215307644664e-08,3.1857959853860783e-06,4.428690551393267
production_lateral,2.67,1.2792704674601099e-06,1.2348330885073395e-06,4.4437378952770476e-08,2.832746515958518e-06,4.428690551393267
production_lateral,2.68,1.1391256438959747e-06,1.0884252017752406e-06,5.0700442120734143e-08,2.5224174879859372e-06,4.428690551393267
production_lateral,2.69,1.0163923374109782e-06,9.58593309830117e-07,5.7799027580861134e-08,2.2506435706002583e-06,4.428690551393267
production_lateral,2.7,9.093971269954255e-07,8.435594057071011e-07,6.583772128832445e-08,2.0137192318944116e-06,4.428690551393267
production_lateral,2.71,8.166574008424418e-07,7.41724158604966e-07,7.493324223747583e-08,1.8083614574181528e-06,4.428690551393267
production_lateral,2.72,7.368660997195705e-07,6.516503770782485e-07,8.521572264132201e-08,1.6316759667350353e-06,4.428690551393267
production_lateral,2.73,6.688779484174957e-07,5.720478413336123e-07,9.683010708388342e-08,1.4811267250959379e-06,4.428690551393267
production_lateral,2.74,6.116970888296044e-07,5.017594090646241e-07,1.0993767976498032e-07,1.3545085588072184e-06,4.428690551393267
production_lateral,2.75,5.644660334362721e-07,4.39748304004753e-07,1.2471772943151918e-07,1.249922694430827e-06,4.428690551393267
production_lateral,2.7600000000000002,5.26455863165513e-07,3.850865011032815e-07,1.4136936206223158e-07,1.165755053463347e-06,4.428690551393267
production_lateral,2.77,4.970575987436572e-07,3.3694412690365973e-07,1.6011347183999753e-07,1.1006571455271302e-06,4.428690551393267
production_lateral,2.7800000000000002,4.757746797052879e-07,2.9457979830218667e-07,1.8119488140310125e-07,1.053529414301483e-06,4.428690551393267
production_lateral,2.79,4.622164901737747e-07,2.573318273649028e-07,2.0488466280887188e-07,1.0235069013653774e-06,4.428690551393267
production_lateral,2.8000000000000003,4.56092875328041e-07,2.246102242630822e-07,2.3148265106495878e-07,1.0099471037615412e-06,4.428690551393267
production_lateral,2.81,4.572095971164337e-07,1.958894346377521e-07,2.6132016247868163e-07,1.012419911377936e-06,4.428690551393267
production_lateral,2.82,4.654646822452577e-07,1.7070175180810491e-07,2.9476293043715277e-07,1.030699520133421e-06,4.428690551393267
production_lateral,2.83,4.808456197410162e-07,1.48631348188175e-07,3.322142715528412e-07,1.064758226412939e-06,4.428690551393267
production_lateral,2.84,5.034273694461919e-07,1.293088740629083e-07,3.741184953832836e-07,1.1147620171895586e-06,4.428690551393267
production_lateral,2.85,5.333711466450903e-07,1.1240657549366275e-07,4.209645711514276e-07,1.181067878766452e-06,4.428690551393267
production_lateral,2.86,5.709239516165853e-07,9.763388657101989e-08,4.732900650455654e-07,1.264222755044239e-06,4.428690551393267
production_lateral,2.87,6.164188162633863e-07,8.47334545077378e-08,5.316853617556484e-07,1.3649640936433405e-06,4.428690551393267
production_lateral,2.88,6.702757430627837e-07,7.347755916699699e-08,5.967981838957867e-07,1.4842219250651255e-06,4.428690551393267
production_lateral,2.89,7.330033144121581e-07,6.366489155174655e-08,6.693384228604117e-07,1.6231224263385364e-06,4.428690551393267
production_lateral,2.9,8.052009529952774e-07,5.511765854260756e-08,7.500832944526699e-07,1.7829929262515193e-06,4.428690551393267
production_lateral,2.91,8.875618160645428e-07,4.767898376759746e-08,8.398828322969454e-07,1.9653683142912446e-06,4.428690551393267
production_lateral,2.92,9.808763085116513e-07,4.1210576921286074e-08,9.396657315903653e-07,2.1719988197955284e-06,4.428690551393267
production_lateral,2.93,1.0860362012778933e-06,3.559064612856364e-08,1.0504455551493297e-06,2.4048591315352208e-06,4.428690551393267
production_lateral,2.94,1.2040393430274372e-06,3.0712030074547595e-08,1.1733273129528896e-06,2.6661588309856837e-06,4.428690551393267
production_lateral,2.95,1.3359949540666491e-06,2.6480528602988762e-08,1.3095144254636604e-06,2.958354114892025e-06,4.428690551393267
production_lateral,2.96,1.4831294922318122e-06,2.281341232708838e-08,1.460316079904724e-06,3.28416078436986e-06,4.428690551393267
production_lateral,2.97,1.6467930808815482e-06,1.963809350520254e-08,1.6271549873763456e-06,3.64656847869996e-06,4.428690551393267
production_lateral,2.98,1.8284664892111916e-06,1.6890942016063705e-08,1.8115755471951279e-06,4.0488561321544116e-06,4.428690551393267
production_lateral,2.99,2.0297686548501047e-06,1.4516231730405472e-08,2.015252423119699e-06,4.49460863162444e-06,4.428690551393267
production_lateral,3.0,2.252464738102654e-06,1.2465203924864268e-08,2.2399995341777896e-06,4.987734651490866e-06,4.428690551393267
production_lateral,3.0100000000000002,2.498474696246064e-06,1.0695235626237866e-08,2.487779460619826e-06,5.532485640080053e-06,4.428690551393267
production_lateral,3.02,2.7698823649979555e-06,9.169101916058028e-09,2.7607132630818975e-06,6.13347592916864e-06,4.428690551393267
production_lateral,3.0300000000000002,3.068945032611747e-06,7.854322273253084e-09,3.061090710338494e-06,6.795703934336472e-06,4.428690551393267
production_lateral,3.04,3.3981034900448808e-06,6.722581992563845e-09,3.391380908052317e-06,7.524574409509123e-06,4.428690551393267
production_lateral,3.0500000000000003,3.7599925382745312e-06,5.7492205942359564e-09,3.7542433176802952e-06,8.325921713782801e-06,4.428690551393267
production_lateral,3.06,4.157451931105575e-06,4.9127799420574035e-09,4.152539151163517e-06,9.206034042579475e-06,4.428690551393267
production_lateral,3.0700000000000003,4.593537728731487e-06,4.194605517483845e-09,4.589343123214004e-06,1.0171678568350813e-05,4.428690551393267
production_lateral,3.08,5.071534033870458e-06,3.57849496262864e-09,5.0679555389078295e-06,1.123012742843574e-05,4.428690551393267
production_lateral,3.09,5.594965078516633e-06,3.0503886092323376e-09,5.5919146899074e-06,1.238918448930095e-05,4.428690551393267
production_lateral,3.1,6.167607625223469e-06,2.5980972590788506e-09,6.165009527964391e-06,1.3657212807264122e-05,4.428690551393267
production_lateral,3.11,6.793503642387686e-06,2.211062978122168e-09,6.791292579409563e-06,1.5043162695949042e-05,4.428690551393267
production_lateral,3.12,7.4769732082391555e-06,1.8801491160123626e-09,7.4750930591231435e-06,1.6556600300174673e-05,4.428690551393267
production_lateral,3.13,8.222627593180416e-06,1.5974561686832156e-09,8.221030137011733e-06,1.8207736564771832e-05,4.428690551393267
production_lateral,3.14,9.035382464782088e-06,1.3561604678558015e-09,9.034026304314233e-06,2.000745647500242e-05,4.428690551393267
production_lateral,3.15,9.920471154145643e-06,1.150373011153044e-09,9.91932078113449e-06,2.196734843286713e-05,4.428690551393267
production_lateral,3.16,1.0883457916525184e-05,9.75016043195702e-10,1.0882482900481989e-05,2.4099733620700664e-05,4.428690551393267
production_lateral,3.17,1.1930251113078801e-05,8.257152645276948e-10,1.1929425397814273e-05,2.6417695190120546e-05,4.428690551393267
production_lateral,3.18,1.3067116234440523e-05,6.987057842384164e-10,1.3066417528656285e-05,2.8935107100712152e-05,4.428690551393267
production_lateral,3.19,1.4300688680495083e-05,5.907501462523094e-10,1.430009793034883e-05,3.1666662418862606e-05,4.428690551393267
production_lateral,3.2,1.5637986204352394e-05,4.99066950778388e-10,1.5637487137401617e-05,3.462790087301685e-05,4.428690551393267
production_lateral,3.21,1.708642092209314e-05,4.2126876350853107e-10,1.708599965332963e-05,3.783523544740106e-05,4.428690551393267
production_lateral,3.22,1.8653810783454666e-05,3.5530815779957013e-10,1.8653455475296865e-05,4.1305977782081754e-05,4.428690551393267
production_lateral,3.23,2.0348390392288428e-05,2.994308710819274e-10,2.0348090961417346e-05,4.505836213319464e-05,4.428690551393267
production_lateral,3.24,2.2178821059423572e-05,2.521351777630029e-10,2.2178568924245808e-05,4.9111567633455584e-05,4.428690551393267
production_lateral,3.25,2.4154199964559654e-05,2.1213668844926372e-10,2.4153987827871206e-05,5.348573857975446e-05,4.428690551393267
production_lateral,3.2600000000000002,2.628406829807422e-05,1.783378807737485e-10,2.6283889960193446e-05,5.8202002461928295e-05,4.428690551393267
production_lateral,3.27,2.8578418248216242e-05,1.498017517387614e-10,2.8578268446464503e-05,6.328248543482009e-05,4.428690551393267
production_lateral,3.2800000000000002,3.104769869416219e-05,1.25729056403101e-10,3.104757296510578e-05,6.875032492467057e-05,4.428690551393267
production_lateral,3.29,3.370281946089157e-05,1.054386639899794e-10,3.370271402222758e-05,7.46296790508818e-05,4.428690551393267
production_lateral,3.3000000000000003,3.6555153987896305e-05,8.835062099705314e-11,3.655506563727531e-05,8.094573253546113e-05,4.428690551393267
production_lateral,3.31,3.961654026043151e-05,7.397156249547767e-11,3.9616466288869016e-05,8.7724698765132e-05,4.428690551393267
production_lateral,3.3200000000000003,4.2899279849451396e-05,6.188215826861928e-11,4.289921796729313e-05,9.499381766542048e-05,4.428690551393267
production_lateral,3.33,4.6416134904612333e-05,5.1726320445835985e-11,4.641608317829189e-05,0.00010278134904212592,4.428690551393267
production_lateral,3.34,5.01803229438766e-05,4.320193444564068e-11,5.018027974194215e-05,0.00011111656104370452,4.428690551393267
production_lateral,3.35,5.4205509283368326e-05,3.6052905905812916e-11,5.420547323046242e-05,0.00012002971339835665,4.428690551393267
production_lateral,3.36,5.850579695232889e-05,3.006234333834658e-11,5.8505766889985546e-05,0.00012955203508225596,4.428690551393267
production_lateral,3.37,6.309571394035279e-05,2.504671994515114e-11,6.309568889363284e-05,0.00013971569608052642,4.428690551393267
production_lateral,3.38,6.799019762763357e-05,2.085087875967501e-11,6.79901767767548e-05,0.00015055377291043083,4.428690551393267
production_lateral,3.39,7.320457625380433e-05,1.734376339086978e-11,7.320455891004094e-05,0.00016210020758698556,4.428690551393267
production_lateral,3.4,7.875454728715061e-05,1.4414772451515143e-11,7.875453287237817e-05,0.00017438975972492907,4.428690551393267
production_lateral,3.41,8.46561525636098e-05,1.1970649530515313e-11,8.465614059296027e-05,0.0001874579514878828,4.428690551393267
production_lateral,3.42,9.092575007405136e-05,9.932832564828423e-12,9.09257401412188e-05,0.00020134100511564845,4.428690551393267
production_lateral,3.43,9.757998228896245e-05,8.235196899660793e-12,9.757997405376555e-05,0.00021607577278412514,4.428690551393267
production_lateral,3.44,0.0001046357409218083,6.822135388856479e-12,0.00010463573409967291,0.0002316996585792231,4.428690551393267
production_lateral,3.45,0.00011211012804609641,5.64692675195422e-12,0.00011211012239916967,0.0002482505323966182,4.428690551393267
production_lateral,3.46,0.00012002041349648597,4.670350221088489e-12,0.00012002040882613575,0.00026576663561310015,4.428690551393267
production_lateral,3.47,0.0001283839885012213,3.859510412768556e-12,0.00012838398464171087,0.00028428647841277025,4.428690551393267
production_lateral,3.48,0.00013721831551165038,3.1868414636971398e-12,0.0001372183123248089,0.0003038487286922731,4.428690551393267
production_lateral,3.49,0.0001465408742146565,2.6292638791119353e-12,0.0001465408715853926,0.0003244920925136792,4.428690551393267
production_lateral,3.5,0.00015636910373536528,2.1674713470486893e-12,0.00015636910156789394,0.0003462551861213229,4.428690551393267
production_lateral,3.5100000000000002,0.0001667203410605257,1.7853280516668236e-12,0.00016672033927519765,0.0003691763995899065,4.428690551393267
production_lateral,3.52,0.00017761175573731536,1.4693598427563158e-12,0.0001776117542679555,0.00039329375222510866,4.428690551393267
production_lateral,3.5300000000000002,0.0001890602809280268,1.2083250474393117e-12,0.00018906027971970176,0.00041864473989485445,4.428690551393267
production_lateral,3.54,0.0002010825409279022,9.928527969043563e-13,0.0002010825399350494,0.00044526617452877516,4.428690551393267
production_lateral,3.5500000000000003,0.00021369477528132257,8.151385320033241e-13,0.00021369477446618403,0.00047319401608525034,4.428690551393267
production_lateral,3.56,0.0002269127596603337,6.686878869857184e-13,0.0002269127589916458,0.0005024631973491456,4.428690551393267
production_lateral,3.5700000000000003,0.0002407517236990896,5.481014655933077e-13,0.00024075172315098813,0.0005331074419889002,4.428690551393267
production_lateral,3.58,0.00025522626600790163,4.4889414865370776e-13,0.0002552262655590075,0.0005651590763682892,4.428690551393267
production_lateral,3.59,0.00027035026662114024,3.6734353363108634e-13,0.0002703502662537967,0.0005986488356758471,4.428690551393267
production_lateral,3.6,0.0002861367971639053,3.0036292723850767e-13,0.00028613679686354237,0.0006336056650028595,4.428690551393267
production_lateral,3.61,0.0003025980290530649,2.4539501203302195e-13,0.0003025980288076699,0.0006700565160687669,4.428690551393267
production_lateral,3.62,0.0003197451400786409,2.00322904064007e-13,0.000319745139878318,0.0007080261403600966,4.428690551393267
production_lateral,3.63,0.0003375882197413539,1.6339582595123325e-13,0.0003375882195779581,0.0007475368795151039,4.428690551393267
production_lateral,3.64,0.00035613617375126214,1.3316705101963745e-13,0.00035613617361809506,0.0007886084538507827,4.428690551393267
production_lateral,3.65,0.00037539662812040514,1.0844214033303574e-13,0.000375396628011963,0.000831257749990865,4.428690551393267
production_lateral,3.66,0.0003953758333091424,8.82358051329941e-14,0.0003953758332209066,0.0008754986086127191,4.428690551393267
production_lateral,3.67,0.0004160785689109402,7.173599045528447e-14,0.0004160785688392042,0.0009213416133865565,4.428690551393267
production_lateral,3.68,0.0004375080493836769,5.827399856530179e-14,0.0004375080493254029,0.0009687938822319943,4.428690551393267
production_lateral,3.69,0.0004596658313565929,4.729965933008308e-14,0.0004596658313092932,0.0010178588620636368,4.428690551393267
production_lateral,3.7,0.0004825517230607553,3.836071387139088e-14,0.0004825517230223946,0.0010685361282388537,4.428690551393267
production_lateral,3.71,0.0005061636964468606,3.1085712223206886e-14,0.0005061636964157749,0.0011208211899562505,4.428690551393267
production_lateral,3.72,0.000530497802567304,2.516983900939241e-14,0.0005304978025421341,0.001174705302882355,4.428690551393267
production_lateral,3.73,0.0005555480908092487,2.0363176574771317e-14,0.0005555480907888855,0.001230175290305744,4.428690551393267
production_lateral,3.74,0.0005813065325719203,1.6460995283872102e-14,0.0005813065325554593,0.001287213374132223,4.428690551393267
production_lateral,3.75,0.0006077629499840492,1.3295728178764068e-14,0.0006077629499707535,0.0013457970170406286,4.428690551393267
production_lateral,3.7600000000000002,0.0006349049502564077,1.0730343845380082e-14,0.0006349049502456773,0.0014058987771166822,4.428690551393267
production_lateral,3.77,0.0006627178662592022,8.652878863226634e-15,0.0006627178662505493,0.0014674861762708177,4.428690551393267
production_lateral,3.7800000000000002,0.0006911847039049123,6.971931038252627e-15,0.0006911847038979403,0.0015305215837256188,4.428690551393267
production_lateral,3.79,0.0007202860969035229,5.612947957123148e-15,0.0007202860968979099,0.0015949621158282833,4.428690551393267
production_lateral,3.8000000000000003,0.0007500002694392379,4.51517328168833e-15,0.0007500002694347227,0.0016607595534039784,4.428690551393267
production_lateral,3.81,0.0007803030072953009,3.6291364952674786e-15,0.0007803030072916717,0.001727860277816225,4.428690551393267
production_lateral,3.8200000000000003,0.0008111676379267643,2.914591252955607e-15,0.0008111676379238497,0.0017962052268411276,4.428690551393267
production_lateral,3.83,0.000842565019949662,2.338823697455409e-15,0.0008425650199473232,0.0018657298713927737,4.428690551393267
production_lateral,3.84,0.0008744635424793877,1.8752656035805827e-15,0.0008744635424775125,0.0019363642140581745,4.428690551393267
production_lateral,3.85,0.0009068291347109745,1.5023584497225516e-15,0.0009068291347094721,0.0020080328103113123,4.428690551393267
production_lateral,3.86,0.0009396252860897579,1.2026238544338924e-15,0.0009396252860885553,0.002080654813177953,4.428690551393267
production_lateral,3.87,0.000972813077372655,9.619035729141964e-16,0.0009728130773716931,0.0021541440420160423,4.428690551393267
production_lateral,3.88,0.0010063512228281348,7.687386836174451e-16,0.001006351222827366,0.0022284090759610103,4.428690551393267
production_lateral,3.89,0.0010401961237673793,6.13862929220553e-16,0.0010401961237667655,0.002303353372462247,4.428690551393267
production_lateral,3.9,0.0010743019335400794,4.897895929688414e-16,0.0010743019335395895,0.0023788754112062335,4.428690551393267
production_lateral,3.91,0.0011086206340664888,3.9047494508910136e-16,0.0011086206340660983,0.0024548688635849356,4.428690551393267
production_lateral,3.92,0.0011431021239127143,3.110443134244788e-16,0.0011431021239124033,0.0025312227877249066,4.428690551393267
production_lateral,3.93,0.0011776943178495964,2.475693253471795e-16,0.0011776943178493488,0.002607821848945023,4.428690551393267
production_lateral,3.94,0.0012123432577668609,1.968869241674474e-16,0.001212343257766664,0.002684546565358714,4.428690551393267
production_lateral,3.95,0.0012469932347444809,1.5645245754298223e-16,0.0012469932347443243,0.002761273578182104,4.428690551393267
production_lateral,3.96,0.0012815869220123184,1.242205301364461e-16,0.0012815869220121942,0.002837875946152567,4.428690551393267
production_lateral,3.97,0.0013160655184581381,9.854845981339562e-17,0.0013160655184580397,0.0029142234633050186,4.428690551393267
production_lateral,3.98,0.0013503689022730393,7.811811909708912e-17,0.0013503689022729612,0.002990182999195953,4.428690551393267
production_lateral,3.99,0.0013844357942532064,6.187271715308427e-17,0.0013844357942531446,0.0030656188605099038,4.428690551393267
production_lateral,4.0,0.0014182039302077702,4.8965711912278287e-17,0.0014182039302077212,0.003140393172829974,4.428690551393267
production_lateral,4.01,0.0014516102418554381,3.871956161064724e-17,0.0014516102418553993,0.0032143662812054367,4.428690551393267
production_lateral,4.0200000000000005,0.0014845910455275626,3.0592450346206046e-17,0.001484591045527532,0.0032873971680054837,4.428690551393267
production_lateral,4.03,0.0015170822379333298,2.4151470023281897e-17,0.0015170822379333058,0.0033593438864109445,4.428690551393267
production_lateral,4.04,0.0015490194981841498,1.9051025139357246e-17,0.0015490194981841307,0.0034300640077660417,4.428690551393267
production_lateral,4.05,0.001580338495219523,1.501545871056739e-17,0.0015803384952195081,0.0034994150808908774,4.428690551393267
production_lateral,4.0600000000000005,0.0016109750997264714,1.1825086655370716e-17,0.0016109750997264595,0.0035672551013442248,4.428690551393267
production_lateral,4.07,0.001640865599599123,9.304981922765863e-18,0.0016408655995991137,0.0036334429885254414,4.428690551393267
production_lateral,4.08,0.0016699469179450495,7.315974943739932e-18,0.001669946917945042,0.0036978390684157736,4.428690551393267
production_lateral,4.09,0.0016981568326105033,5.747438845751621e-18,0.0016981568326104974,0.0037603055596830263,4.428690551393267
production_lateral,4.1,0.0017254341961685574,4.511510603183531e-18,0.0017254341961685528,0.003820707060811263,4.428690551393267
production_lateral,4.11,0.0017517191552922917,3.538466430047341e-18,0.0017517191552922882,0.0038789110358687833,4.428690551393267
production_lateral,4.12,0.001776953368420054,2.7730241445936256e-18,0.0017769533684200511,0.003934788296494166,4.428690551393267
production_lateral,4.13,0.0018010802206117106,2.1713893134237967e-18,0.0018010802206117084,0.003988213477662191,4.428690551393267
production_lateral,4.14,0.001824045034493651,1.6988976480724392e-18,0.0018240450344936493,0.004039065504788919,4.428690551393267
production_lateral,4.15,0.0018457952761965614,1.3281349581777253e-18,0.00184579527619656,0.004087228049749018,4.428690551393267
production_lateral,4.16,0.0018662807552033802,1.0374392499013376e-18,0.001866280755203379,0.00413258997340815,4.428690551393267
production_lateral,4.17,0.0018854538170456417,8.097083455623134e-19,0.0018854538170456408,0.004175045752319201,4.428690551393267
production_lateral,4.18,0.0019032695278143421,6.314515448683793e-19,0.0019032695278143415,0.00421449588729305,4.428690551393267
production_lateral,4.19,0.0019196858494866154,4.920360445602885e-19,0.001919685849486615,0.004250847291632365,4.428690551393267
production_lateral,4.2,0.0019346638051115062,3.830886463687653e-19,0.0019346638051115058,0.004284013656909936,4.428690551393267
production_lateral,4.21,0.0019481676329469082,2.980211712599397e-19,0.001948167632946908,0.004313915794281079,4.428690551393267
production_lateral,4.22,0.001960164928694849,2.316543327071666e-19,0.0019601649286948484,0.004340481949441666,4.428690551393267
production_lateral,4.23,0.00197062677504355,1.7991990429569512e-19,0.00197062677504355,0.004363648089478977,4.428690551393267
production_lateral,4.24,0.0019795278577915687,1.396250910580744e-19,0.0019795278577915687,0.004383358160010637,4.428690551393267
production_lateral,4.25,0.0019868465679013982,1.082662766072224e-19,0.0019868465679013982,0.004399564311166532,4.428690551393267
production_lateral,4.26,0.001992565088906716,8.388192855582275e-20,0.001992565088906716,0.004412227091138629,4.428690551393267
production_lateral,4.2700000000000005,0.001996669469178455,6.493653133378299e-20,0.001996669469178455,0.004421315606203017,4.428690551393267
production_lateral,4.28,0.001999149678639438,5.0229081893918754e-20,0.001999149678639438,0.004426807646305682,4.428690551393267
production_lateral,4.29,0.0019999996496048956,3.88210133311135e-20,0.0019999996496048956,0.0044286897754975225,4.428690551393267
production_lateral,4.3,0.0019992173015161217,2.997947123825608e-20,0.0019992173015161217,0.004426957386703196,4.428690551393267
production_lateral,4.3100000000000005,0.0019968045494261483,2.313271162496384e-20,0.0019968045494261483,0.004421614720511336,4.428690551393267
production_lateral,4.32,0.001992767296189005,1.7835060750627328e-20,0.001992767296189005,0.004412674847878877,4.428690551393267
production_lateral,4.33,0.001987115408397151,1.3739411024456115e-20,0.001987115408397151,0.004400159616848217,4.428690551393267
production_lateral,4.34,0.0019798626762043622,1.0575651056207998e-20,0.0019798626762043622,0.004384099563581223,4.428690551393267
production_lateral,4.3500000000000005,0.0019710267572630607,8.133764305645544e-21,0.0019710267572630607,0.004364533788217113,4.428690551393267
production_lateral,4.36,0.0019606291050950826,6.2505974181602614e-21,0.0019606291050950826,0.004341509796260614,4.428690551393267
production_lateral,4.37,0.0019486948823025554,4.7995105070447294e-21,0.0019486948823025554,0.004315083306400871,4.428690551393267
production_lateral,4.38,0.0019352528591102982,3.682288733885596e-21,0.0019352528591102982,0.004285318025849291,4.428690551393267
production_lateral,4.39,0.0019203352978122595,2.82282662798265e-21,0.0019203352978122595,0.0042522853944640645,4.428690551393267
production_lateral,4.4,0.001903977823771526,2.1622009097271177e-21,0.001903977823771526,0.004216064299099636,4.428690551393267
production_lateral,4.41,0.0018862192836957194,1.6548299022070781e-21,0.0018862192836957194,0.004176740759779504,4.428690551393267
production_lateral,4.42,0.001867101591976676,1.2654825117931632e-21,0.001867101591976676,0.004134407589439215,4.428690551393267
production_lateral,4.43,0.001846669565944822,9.669508727881744e-22,0.001846669565944822,0.004089164029122669,4.428690551393267
production_lateral,4.44,0.00182497075094401,7.38240973485912e-22,0.00182497075094401,0.004041115360637406,4.428690551393267
production_lateral,4.45,0.001802055236181641,5.631672032747034e-22,0.001802055236181641,0.003990372498783198,4.428690551393267
production_lateral,4.46,0.0017779754623511782,4.292615987931189e-22,0.0017779754623511782,0.003937051565361869,4.428690551393267
production_lateral,4.47,0.0017527860220596088,3.269280591528923e-22,0.0017527860220596088,0.00388127344725479,4.428690551393267
production_lateral,4.48,0.001726543454120626,2.4878708272137604e-22,0.001726543454120626,0.003823163340916955,4.428690551393267
production_lateral,4.49,0.0016993060327954058,1.891685490865703e-22,0.0016993060327954058,0.003762850285683295,4.428690551393267
production_lateral,4.5,0.0016711335530765507,1.4371943856495643e-22,0.0016711335530765507,0.003700466688313189,4.428690551393267
production_lateral,4.51,0.001642087113117324,1.091007070192442e-22,0.001642087113117324,0.0036361478412136696,4.428690551393267
production_lateral,4.5200000000000005,0.001612228894907445,8.275325627659094e-23,0.001612228894907445,0.0035700314367799048,4.428690551393267
production_lateral,4.53,0.0015816219442889106,6.271740674809963e-23,0.0015816219442889106,0.003502257080274273,4.428690551393267
production_lateral,4.54,0.0015503299513904055,4.749376154901745e-23,0.0015503299513904055,0.0034329658036323357,4.428690551393267
production_lateral,4.55,0.0015184170325374283,3.593606466426756e-23,0.0015184170325374283,0.0033622995825365555,4.428690551393267
production_lateral,4.5600000000000005,0.0014859475146671752,2.716876758023475e-23,0.0014859475146671752,0.0032904008590364134,4.428690551393267
production_lateral,4.57,0.0014529857232432116,2.052366111189177e-23,0.0014529857232432116,0.0032174120719182615,4.428690551393267
production_lateral,4.58,0.001419595774625016,1.5491205145711066e-23,0.001419595774625016,0.003143475196939807,4.428690551393267
production_lateral,4.59,0.0013858413738024114,1.1683179504290227e-23,0.0013858413738024114,0.003068731298944302,4.428690551393267
production_lateral,4.6000000000000005,0.001351785618354665,8.804047306213203e-24,0.001351785618354665,0.0029933200977583048,4.428690551393267
production_lateral,4.61,0.001317490809439607,6.629017406772057e-24,0.001317490809439607,0.0029173795496563273,4.428690551393267
production_lateral,4.62,0.0012830182705595356,4.987253287221964e-24,0.0012830182705595356,0.0028410454460459727,4.428690551393267
production_lateral,4.63,0.0012484281747889012,3.7490321521263574e-24,0.0012484281747889012,0.0027644510308903743,4.428690551393267
production_lateral,4.64,0.0012137793810838458,2.8159333973496885e-24,0.0012137793810838458,0.0026877266382409975,4.428690551393267
production_lateral,4.65,0.0011791292802266025,2.1133482382979447e-24,0.0011791292802266025,0.002610999351105349,4.428690551393267
production_lateral,4.66,0.0011445336508888058,1.5847663007233991e-24,0.0011445336508888058,0.002534392682721447,4.428690551393267
production_lateral,4.67,0.0011100465262274938,1.1874213760947467e-24,0.0011100465262274938,0.00245802628115531,4.428690551393267
production_lateral,4.68,0.0010757200713567786,8.889758684922985e-25,0.0010757200713567786,0.002382015657980928,4.428690551393267
production_lateral,4.69,0.0010416044719669417,6.649983307761956e-25,0.0010416044719669417,0.002306471941644484,4.428690551393267
production_lateral,4.7,0.0010077478342920426,4.9704603321003665e-25,0.0010077478342920426,0.002231501655958098,4.428690551393267
production_lateral,4.71,0.0009741960965571058,3.7120869729432817e-25,0.0009741960965571058,0.0021572065240133284,4.428690551393267
production_lateral,4.72,0.0009409929519674775,2.770034306714359e-25,0.0009409929519674775,0.0020836832976530127,4.428690551393267
production_lateral,4.73,0.0009081797832359762,2.0653688680260808e-25,0.0009081797832359762,0.0020110236124917763,4.428690551393267
production_lateral,4.74,0.000875795608578945,1.5387057582262015e-25,0.000875795608578945,0.0019393138683326447,4.428690551393267
production_lateral,4.75,0.0008438770390501549,1.1454048177105457e-25,0.0008438770390501549,0.0018686351346895737,4.428690551393267
production_lateral,4.76,0.0008124582470225634,8.519378348055232e-26,0.0008124582470225634,0.0017990630809951815,4.428690551393267
production_lateral,4.7700000000000005,0.0007815709455719914,6.33143685710019e-26,0.0007815709455719914,0.0017306679309490895,4.428690551393267
production_lateral,4.78,0.0007512443784646293,4.701561573500236e-26,0.0007512443784646293,0.0016635144403468055,4.428690551393267
production_lateral,4.79,0.0007215053204017748,3.488409416902326e-26,0.0007215053204017748,0.0015976618976216556,4.428690551393267
production_lateral,4.8,0.0006923780871308816,2.5861770064319387e-26,0.0006923780871308816,0.0015331641462341397,4.428690551393267
production_lateral,4.8100000000000005,0.0006638845549916876,1.9157309511864363e-26,0.0006638845549916876,0.0014700696279538051,4.428690551393267
production_lateral,4.82,0.0006360441894303513,1.4179347940510512e-26,0.0006360441894303513,0.0014084214459993928,4.428690551393267
production_lateral,4.83,0.0006088740819829632,1.0486328950643086e-26,0.0006088740819829632,0.001348257446933099,4.428690551393267
production_lateral,4.84,0.0005823889952028406,7.748830634488874e-27,0.0005823889952028406,0.0012896103201451192,4.428690551393267
production_lateral,4.8500000000000005,0.000556601414983359,5.721294903877311e-27,0.000556601414983359,0.0012325077137144622,4.428690551393267
production_lateral,4.86,0.0005315216097100139,4.2208310945625896e-27,0.0005315216097100139,0.001176972365392039,4.428690551393267
production_lateral,4.87,0.0005071576956616051,3.1113372350588883e-27,0.0005071576956616051,0.0011230222474214661,4.428690551393267
production_lateral,4.88,0.0004835157080710824,2.2916150907184245e-27,0.0004835157080710824,0.0010706707238923138,4.428690551393267
production_lateral,4.89,0.00046059967725124734,1.686482093817058e-27,0.00046059967725124734,0.0010199267193086935,4.428690551393267
production_lateral,4.9,0.00043841170918932363,1.2401301588297607e-27,0.00043841170918932363,0.000970794897053465,4.428690551393267
production_lateral,4.91,0.00041695207001702777,9.111676202008895e-28,0.00041695207001702777,0.0009232758464341373,4.428690551393267
production_lateral,4.92,0.00039621927376900986,6.689208926053568e-28,0.00039621927376900986,0.000877366277010358,4.428690551393267
production_lateral,4.93,0.00037621017285232764,4.906781476668226e-28,0.00037621017285232764,0.0008330592189245656,4.428690551393267
production_lateral,4.94,0.0003569200506624726,3.5963681888746606e-28,0.0003569200506624726,0.0007903442279858492,4.428690551393267
production_lateral,4.95,0.000338342715797405,2.6337651805508967e-28,0.000338342715797405,0.0007492075942923524,4.428690551393267
production_lateral,4.96,0.0003204705973395947,1.9272383541248444e-28,0.0003204705973395947,0.0007096325532186097,4.428690551393267
production_lateral,4.97,0.00030329484069713643,1.4090917821103892e-28,0.00030329484069713643,0.000671599497640867,4.428690551393267
production_lateral,4.98,0.00028680540351812733,1.0294105339184095e-28,0.00028680540351812733,0.0006350861903246318,4.428690551393267
production_lateral,4.99,0.00027099115121758874,7.514211380236378e-29,0.00027099115121758874,0.0006000679754542596,4.428690551393267
production_lateral,5.0,0.00025583995168283237,5.480544162606877e-29,0.00025583995168283237,0.0005665179883433348,4.428690551393267
production_lateral,5.01,0.00024133876875120274,3.994012588117171e-29,0.00024133876875120274,0.0005344073624266681,4.428690551393267
production_lateral,5.0200000000000005,0.00022747375408312085,2.908309693810649e-29,0.00022747375408312085,0.0005037054326989364,4.428690551393267
production_lateral,5.03,0.00021423033708321511,2.1160081997215252e-29,0.00021423033708321511,0.0004743799348311147,4.428690551393267
production_lateral,5.04,0.0002015933125526621,1.5382946004096932e-29,0.0002015933125526621,0.0004463971992630221,4.428690551393267
production_lateral,5.05,0.00018954692578654908,1.117396119584432e-29,0.00018954692578654908,0.0004197223396382653,4.428690551393267
production_lateral,5.0600000000000005,0.000178074954860737,8.109989201557192e-30,0.000178074954860737,0.0003943194350157642,4.428690551393267
production_lateral,5.07,0.0001671607898832647,5.881374942976896e-30,0.0001671607898832647,0.0003701517053597247,4.428690551393267
production_lateral,5.08,0.00015678750901546888,4.261700562375142e-30,0.00015678750901546888,0.0003471816798766468,4.428690551393267
production_lateral,5.09,0.00014693795109762197,3.0855491635657177e-30,0.00014693795109762197,0.0003253713578335621,4.428690551393267
production_lateral,5.1000000000000005,0.00013759478474269335,2.2321711118365755e-30,0.00013759478474269335,0.00030468236155547823,4.428690551393267
production_lateral,5.11,0.00012874057378981548,1.6134962853135214e-30,0.00012874057378981548,0.00028507608136195173,4.428690551393267
production_lateral,5.12,0.00012035783903589365,1.1653434254682092e-30,0.00012035783903589365,0.00026651381226218694,4.428690551393267
production_lateral,5.13,0.00011242911618955822,8.409794134113751e-31,0.00011242911618955822,0.0002489568822850961,4.428690551393267
production_lateral,5.14,0.00010493701001605746,6.064043010374424e-31,0.00010493701001605746,0.0002323667723747871,4.428690551393267
production_lateral,5.15,9.786424466477302e-05,4.369026260506472e-31,9.786424466477302e-05,0.00021670522783305958,4.428690551393267
production_lateral,5.16,9.1193710192655e-05,3.1452307365267346e-31,9.1193710192655e-05,0.00020193436133835352,4.428690551393267
production_lateral,5.17,8.490850531696397e-05,2.2623815012595577e-31,8.490850531696397e-05,0.00018801674761508163,4.428690551393267
production_lateral,5.18,7.899197644929313e-05,1.6260153640004874e-31,7.899197644929313e-05,0.00017491550986843197,4.428690551393267
production_lateral,5.19,7.34277530797979e-05,1.1676936609884038e-31,7.34277530797979e-05,0.0001625943981372694,4.428690551393267
production_lateral,5.2,6.819977959596809e-05,8.378739230352697e-32,6.819977959596809e-05,0.0001510178597518836,4.428690551393267
production_lateral,5.21,6.329234363406195e-05,6.007225013376051e-32,6.329234363406195e-05,0.00014015110211385297,4.428690551393267
production_lateral,5.22,5.8690101073557546e-05,4.303428572880148e-32,5.8690101073557546e-05,0.00012996014804239007,4.428690551393267
production_lateral,5.23,5.437809779562713e-05,3.0803550145808533e-32,5.437809779562713e-05,0.00012041188395511646,4.428690551393267
production_lateral,5.24,5.034178833579628e-05,2.2030909147573743e-32,5.034178833579628e-05,0.00011147410117149037,4.428690551393267
production_lateral,5.25,4.6567051568610876e-05,1.5743799147236072e-32,4.6567051568610876e-05,0.00010311553064407499,4.428690551393267
production_lateral,5.26,4.304020356839203e-05,1.124170373152436e-32,4.304020356839203e-05,9.530587143669027e-05,4.428690551393267
production_lateral,5.2700000000000005,3.9748007795030646e-05,8.020477122484021e-33,3.9748007795030646e-05,8.801581327927906e-05,4.428690551393267
production_lateral,5.28,3.667768275736767e-05,5.717599710746668e-33,3.667768275736767e-05,8.121705353727698e-05,4.428690551393267
production_lateral,5.29,3.3816907309056746e-05,4.0726094415682866e-33,3.3816907309056746e-05,7.488230893848076e-05,4.428690551393267
production_lateral,5.3,3.115382373302678e-05,2.898526359747338e-33,3.115382373302678e-05,6.89853224031135e-05,4.428690551393267
production_lateral,5.3100000000000005,2.8677038770787413e-05,2.0612336258823987e-33,2.8677038770787413e-05,6.35008653230623e-05,4.428690551393267
production_lateral,5.32,2.6375622751978045e-05,1.4646122323251704e-33,2.6375622751978045e-05,5.840473563439922e-05,4.428690551393267
production_lateral,5.33,2.4239106977793272e-05,1.0398329357946891e-33,2.4239106977793272e-05,5.367375202338183e-05,4.428690551393267
production_lateral,5.34,2.2257479509343802e-05,7.376493351332369e-34,2.2257479509343802e-05,4.928574460043007e-05,4.428690551393267
production_lateral,5.3500000000000005,2.04211795086801e-05,5.2285566192969215e-34,2.04211795086801e-05,4.5219542369198674e-05,4.428690551393267
production_lateral,5.36,1.8721090276229904e-05,3.7030463597763827e-34,1.8721090276229904e-05,4.145495780905987e-05,4.428690551393267
production_lateral,5.37,1.7148531123838424e-05,2.620486682597978e-34,1.7148531123838424e-05,3.7972768879208296e-05,4.428690551393267
production_lateral,5.38,1.5695248217549658e-05,1.8528925648275287e-34,1.5695248217549658e-05,3.475469874141709e-05,4.428690551393267
production_lateral,5.39,1.4353404518783363e-05,1.309073387810689e-34,1.4353404518783363e-05,3.178339348633065e-05,4.428690551393267
production_lateral,5.4,1.3115568946740947e-05,9.241090504456541e-35,1.3115568946740947e-05,2.9042398135289284e-05,4.428690551393267
production_lateral,5.41,1.1974704878768715e-05,6.518203677532239e-35,1.1974704878768715e-05,2.651613117616293e-05,4.428690551393267
production_lateral,5.42,1.092415809908975e-05,4.5938636858482263e-35,1.092415809908975e-05,2.4189857877682502e-05,4.428690551393267
production_lateral,5.43,9.957644299855159e-06,3.2349960544143684e-35,9.957644299855159e-06,2.204966261245178e-05,4.428690551393267
production_lateral,5.44,9.069236231904963e-06,2.2762233825766494e-35,9.069236231904963e-06,2.008242040429549e-05,4.428690551393267
production_lateral,5.45,8.253350596039334e-06,1.6003002726959854e-35,8.253350596039334e-06,1.827576790100769e-05,4.428690551393267
production_lateral,5.46,7.504734759016805e-06,1.1241740398003033e-35,7.504734759016805e-06,1.6618073958985176e-05,4.428690551393267
production_lateral,5.47,6.818453371975884e-06,7.890619451353921e-36,6.818453371975884e-06,1.5098410011792577e-05,4.428690551393267
production_lateral,5.48,6.189874962547332e-06,5.5339358357829415e-36,6.189874962547332e-06,1.370652038046956e-05,4.428690551393267
production_lateral,5.49,5.614658565634971e-06,3.877953648216527e-36,5.614658565634971e-06,1.2432792669463432e-05,4.428690551393267
production_lateral,5.5,5.0887404517155366e-06,2.7152922633139446e-36,5.0887404517155366e-06,1.126822837850265e-05,4.428690551393267
production_lateral,5.51,4.6083210055779715e-06,1.899660639938407e-36,4.6083210055779715e-06,1.0204413847595139e-05,4.428690551393267
production_lateral,5.5200000000000005,4.169851802706652e-06,1.3279476068057202e-36,4.169851802706652e-06,9.233491639678564e-06,4.428690551393267
production_lateral,5.53,3.7700229250371614e-06,9.275371874184164e-37,3.7700229250371614e-06,8.34813245332404e-06,4.428690551393267
production_lateral,5.54,3.4057505525888538e-06,6.473321762866557e-37,3.4057505525888538e-06,7.541507646326327e-06,4.428690551393267
production_lateral,5.55,3.0741648625223156e-06,4.514072525711824e-37,3.0741648625223156e-06,6.80726244003888e-06,4.428690551393267
production_lateral,5.5600000000000005,2.7725982624869764e-06,3.145251253830036e-37,2.7725982624869764e-06,6.13948986394273e-06,4.428690551393267
production_lateral,5.57,2.4985739807253153e-06,2.189715183439776e-37,2.4985739807253153e-06,5.532705490197633e-06,4.428690551393267
production_lateral,5.58,2.249795031285041e-06,1.5232296658530275e-37,2.249795031285041e-06,4.98182299881179e-06,4.428690551393267
production_lateral,5.59,2.0241335688641655e-06,1.0587382967288982e-37,2.0241335688641655e-06,4.482130605593331e-06,4.428690551393267
production_lateral,5.6000000000000005,1.8196206442703554e-06,7.352877489081846e-38,1.8196206442703554e-06,4.029268377200126e-06,4.428690551393267
production_lateral,5.61,1.6344363682163589e-06,5.10236486286723e-38,1.6344363682163589e-06,3.6192064503866573e-06,4.428690551393267
production_lateral,5.62,1.4669004881888345e-06,3.5377828007860484e-38,1.4669004881888345e-06,3.248224165938031e-06,4.428690551393267
production_lateral,5.63,1.3154633804145962e-06,2.450960404378025e-38,1.3154633804145962e-06,2.912890121772984e-06,4.428690551393267
production_lateral,5.64,1.1786974564952175e-06,1.6966290471954132e-38,1.1786974564952175e-06,2.610043144265823e-06,4.428690551393267
production_lateral,5.65,1.0552889820808926e-06,1.1734996781954719e-38,1.0552889820808926e-06,2.336774171965534e-06,4.428690551393267
production_lateral,5.66,9.440303029958337e-07,8.110068557601685e-39,9.440303029958337e-07,2.0904090415532857e-06,4.428690551393267
production_lateral,5.67,8.438124724990175e-07,5.600303325298025e-39,8.438124724990175e-07,1.8684921620520948e-06,4.428690551393267
production_lateral,5.68,7.536182718548871e-07,3.8640616644237784e-39,7.536182718548871e-07,1.6687710599605304e-06,4.428690551393267
production_lateral,5.69,6.725156150849365e-07,2.6639251669860187e-39,6.725156150849365e-07,1.4891817750955446e-06,4.428690551393267
production_lateral,5.7,5.996513276617498e-07,1.835039711047863e-39,5.996513276617498e-07,1.3278350844730095e-06,4.428690551393267
production_lateral,5.71,5.342452879781719e-07,1.2630320965581683e-39,5.342452879781719e-07,1.1830035294976523e-06,4.428690551393267
production_lateral,5.72,4.755849196639183e-07,8.686179126058906e-40,4.755849196639183e-07,1.0531092200503605e-06,4.428690551393267
production_lateral,5.73,4.2302002221647765e-07,5.968822292781911e-40,4.2302002221647765e-07,9.367123877201421e-07,4.428690551393267
production_lateral,5.74,3.75957926950785e-07,4.098207943826267e-40,3.75957926950785e-07,8.325006594041707e-07,4.428690551393267
production_lateral,5.75,3.33858964940137e-07,2.8115434949235857e-40,3.33858964940137e-07,7.392790217641603e-07,4.428690551393267
production_lateral,5.76,2.9623223340741634e-07,1.9272634981389e-40,2.9623223340741634e-07,6.559604465547747e-07,4.428690551393267
production_lateral,5.7700000000000005,2.626316469190119e-07,1.3200271371181938e-40,2.626316469190119e-07,5.815571466035402e-07,4.428690551393267
production_lateral,5.78,2.32652259723259e-07,9.033792208501764e-41,2.32652259723259e-07,5.151724321983447e-07,4.428690551393267
production_lateral,5.79,2.059268456495651e-07,6.177358528331974e-41,2.059268456495651e-07,4.559931378032243e-07,4.428690551393267
production_lateral,5.8,1.8212272213416332e-07,4.220666071958216e-41,1.8212272213416332e-07,4.032825893547952e-07,4.428690551393267
production_lateral,5.8100000000000005,1.6093880515352058e-07,2.881407301261803e-41,1.6093880515352058e-07,3.5637408286795926e-07,4.428690551393267
production_lateral,5.82,1.4210288211838922e-07,1.9655033358121138e-41,1.4210288211838922e-07,3.1466484568173075e-07,4.428690551393267
production_lateral,5.83,1.253690901016096e-07,1.3396408806375884e-41,1.253690901016096e-07,2.7761045238488474e-07,4.428690551393267
production_lateral,5.84,1.105155871335083e-07,9.123226828698565e-42,1.105155871335083e-07,2.4471966825992376e-07,4.428690551393267
production_lateral,5.8500000000000005,9.734240469271152e-08,6.20803315056477e-42,9.734240469271152e-08,2.1554969395625554e-07,4.428690551393267
production_lateral,5.86,8.5669469940979e-08,4.220899929334242e-42,8.5669469940979e-08,1.897017860352416e-07,4.428690551393267
production_lateral,5.87,7.533478669206138e-08,2.8674876641135213e-42,7.533478669206138e-08,1.6681722900717973e-07,4.428690551393267
production_lateral,5.88,6.619276456128864e-08,1.9464512656703144e-42,6.619276456128864e-08,1.4657363549158904e-07,4.428690551393267
production_lateral,5.89,5.8112686209418465e-08,1.3201734204913053e-42,5.8112686209418465e-08,1.2868155216586668e-07,4.428690551393267
production_lateral,5.9,5.097730306702619e-08,8.946721299051682e-43,5.097730306702619e-08,1.1288135021422493e-07,4.428690551393267
production_lateral,5.91,4.4681550400249794e-08,6.058181866783905e-43,4.4681550400249794e-08,9.894038003959414e-08,4.428690551393267
production_lateral,5.92,3.913137305161571e-08,4.098889198332291e-43,3.913137305161571e-08,8.66503710483678e-08,4.428690551393267
production_lateral,5.93,3.4242653657924685e-08,2.7709936101906038e-43,3.4242653657924685e-08,7.582505835474157e-08,4.428690551393267
production_lateral,5.94,2.9940235608032444e-08,1.871760783958481e-43,2.9940235608032444e-08,6.629801927189077e-08,4.428690551393267
production_lateral,5.95,2.6157033454667485e-08,1.2633120466100975e-43,2.6157033454667485e-08,5.792070345658173e-08,4.428690551393267
production_lateral,5.96,2.283322393417757e-08,8.519545072685458e-44,2.283322393417757e-08,5.05606415475694e-08,4.428690551393267
production_lateral,5.97,1.9915511174770334e-08,5.740736936393312e-44,1.9915511174770334e-08,4.40998180829362e-08,4.428690551393267
production_lateral,5.98,1.735646008607128e-08,3.865132276797592e-44,1.735646008607128e-08,3.843319539440912e-08,4.428690551393267
production_lateral,5.99,1.5113892319680598e-08,2.6001987819263266e-44,1.5113892319680598e-08,3.3467376055472365e-08,4.428690551393267
production_lateral,6.0,1.3150339571079532e-08,1.7478099745829328e-44,1.3150339571079532e-08,2.9119392303026454e-08,4.428690551393267
production_lateral,6.01,1.143254935718056e-08,1.1738898577090114e-44,1.143254935718056e-08,2.5315611658241355e-08,4.428690551393267
production_lateral,6.0200000000000005,9.931038750658689e-09,7.877818326456982e-45,9.931038750658689e-09,2.1990748740281263e-08,4.428690551393267
production_lateral,6.03,8.619691881798557e-09,5.282384936522168e-45,8.619691881798557e-09,1.908697399642126e-08,4.428690551393267
production_lateral,6.04,7.475397330887123e-09,3.5391551716081234e-45,7.475397330887123e-09,1.6553110763605123e-08,4.428690551393267
production_lateral,6.05,6.477721829316557e-09,2.3692704443311876e-45,6.477721829316557e-09,1.4343912730024072e-08,4.428690551393267
production_lateral,6.0600000000000005,5.608616965740279e-09,1.5848024837241706e-45,5.608616965740279e-09,1.2419414481278972e-08,4.428690551393267
production_lateral,6.07,4.8521558551881896e-09,1.0592076857328437e-45,4.8521558551881896e-09,1.0744348394879726e-08,4.428690551393267
production_lateral,6.08,4.194296974400582e-09,7.073471003048589e-46,4.194296974400582e-09,9.287621690132612e-09,4.428690551393267
production_lateral,6.09,3.6226725962618867e-09,4.719864224528271e-46,3.6226725962618867e-09,8.021847948928165e-09,4.428690551393267
production_lateral,6.1000000000000005,3.126399470639926e-09,3.146820041573601e-46,3.126399470639926e-09,6.922927897751976e-09,4.428690551393267
production_lateral,6.11,2.695909598743848e-09,2.096330645911429e-46,2.695909598743848e-09,5.969674683683646e-09,4.428690551393267
production_lateral,6.12,2.3227991339116746e-09,1.3953820531478392e-46,2.3227991339116746e-09,5.143479288569548e-09,4.428690551393267
production_lateral,6.13,1.999693614167087e-09,9.28051242547858e-47,1.999693614167087e-09,4.428012107371615e-09,4.428690551393267
production_lateral,6.140000000000001,1.7201278915855595e-09,6.167316748569233e-47,1.7201278915855595e-09,3.8089570703264944e-09,4.428690551393267
production_lateral,6.15,1.4784392711485733e-09,4.0951142755253896e-47,1.4784392711485733e-09,3.2737750154722172e-09,4.428690551393267
production_lateral,6.16,1.2696725079919707e-09,2.71694765079386e-47,1.2696725079919707e-09,2.8114933197539163e-09,4.428690551393267
production_lateral,6.17,1.0894954374292864e-09,1.8011172672898764e-47,1.0894954374292864e-09,2.4125190747645773e-09,4.428690551393267
production_lateral,6.18,9.341241274932811e-10,1.1930212596490305e-47,9.341241274932811e-10,2.068473348628987e-09,4.428690551393267
production_lateral,6.19,8.002565496221009e-10,7.895867462831999e-48,8.002565496221009e-10,1.7720443100009876e-09,4.428690551393267
production_lateral,6.2,6.850138601332291e-10,5.221520538936507e-48,6.850138601332291e-10,1.5168572049727303e-09,4.428690551393267
production_lateral,6.21,5.858884738723029e-10,3.450162936012788e-48,5.858884738723029e-10,1.2973593742042441e-09,4.428690551393267
production_lateral,6.22,5.006981924689214e-10,2.277863491519953e-48,5.006981924689214e-10,1.1087186770433996e-09,4.428690551393267
production_lateral,6.23,4.275457235250374e-10,1.5026618359754484e-48,4.275457235250374e-10,9.467338530319655e-10,4.428690551393267
production_lateral,6.24,3.647829943291656e-10,9.904676441685909e-49,3.647829943291656e-10,8.077555001472596e-10,4.428690551393267
production_lateral,6.25,3.1097972482972535e-10,6.523261719862012e-49,3.1097972482972535e-10,6.886164845141413e-10,4.428690551393267
production_lateral,6.26,2.6489578008681287e-10,4.292741998589096e-49,2.6489578008681287e-10,5.865707191872084e-10,4.428690551393267
production_lateral,6.2700000000000005,2.254568726999727e-10,2.822605903160625e-49,2.254568726999727e-10,4.992393609365218e-10,4.428690551393267
production_lateral,6.28,1.9173323120190608e-10,1.854433129829483e-49,1.9173323120190608e-10,4.2456357470599104e-10,4.428690551393267
production_lateral,6.29,1.629208915089437e-10,1.2173559515426526e-49,1.629208915089437e-10,3.607631064251132e-10,4.428690551393267
production_lateral,6.3,1.383253055993875e-10,7.984899660066238e-50,1.383253055993875e-10,3.062999869632968e-10,4.428690551393267
production_lateral,6.3100000000000005,1.1734699499546903e-10,5.233193782284145e-50,1.1734699499546903e-10,2.5984676398541335e-10,4.428690551393267
production_lateral,6.32,9.946900667595668e-11,3.4269648052065252e-50,9.946900667595668e-11,2.2025872501114156e-10,4.428690551393267
production_lateral,6.33,8.424595604306227e-11,2.242321833641971e-50,8.424595604306227e-11,1.8654963476050117e-10,4.428690551393267
production_lateral,6.34,7.129446578650883e-11,1.4659924073819763e-50,7.129446578650883e-11,1.5787056349767108e-10,4.428690551393267
production_lateral,6.3500000000000005,6.028483118529327e-11,9.576591670652381e-51,6.028483118529327e-11,1.3349143113132322e-10,4.428690551393267
production_lateral,6.36,5.093376180040976e-11,6.250801293626659e-51,5.093376180040976e-11,1.12784934816195e-10,4.428690551393267
production_lateral,6.37,4.299806685671698e-11,4.076673125278855e-51,4.299806685671698e-11,9.521256620825923e-11,4.428690551393267
production_lateral,6.38,3.6269167089281673e-11,2.656571818609555e-51,3.6269167089281673e-11,8.031245879760269e-11,4.428690551393267
production_lateral,6.390000000000001,3.056832962170498e-11,1.7297474779252483e-51,3.056832962170498e-11,6.768883628375988e-11,4.428690551393267
production_lateral,6.4,2.5742534718814003e-11,1.1253544295782232e-51,2.5742534718814003e-11,5.700286013906235e-11,4.428690551393267
production_lateral,6.41,2.166089416644615e-11,7.315456249014911e-52,2.166089416644615e-11,4.79646986648348e-11,4.428690551393267
production_lateral,6.42,1.8211550716224864e-11,4.7515902637501246e-52,1.8211550716224864e-11,4.032666129158217e-11,4.428690551393267
production_lateral,6.43,1.529899661991746e-11,3.0837703193456674e-52,1.529899661991746e-11,3.387726088821299e-11,4.428690551393267
production_lateral,6.44,1.2841756881230067e-11,1.999726207821479e-52,1.2841756881230067e-11,2.8436083681596532e-11,4.428690551393267
production_lateral,6.45,1.0770389576970467e-11,1.2957002021402543e-52,1.0770389576970467e-11,2.3849361277176814e-11,4.428690551393267
production_lateral,6.46,9.02576153872328e-12,8.38849381313021e-53,9.02576153872328e-12,1.998615242283627e-11,4.428690551393267
production_lateral,6.47,7.55756292570921e-12,5.426364020573942e-53,7.55756292570921e-12,1.6735053760324214e-11,4.428690551393267
production_lateral,6.48,6.323028836140649e-12,3.507351839881655e-53,6.323028836140649e-12,1.4001369031401628e-11,4.428690551393267
production_lateral,6.49,5.285840167277539e-12,2.2651408798169074e-53,5.285840167277539e-12,1.1704675202498521e-11,4.428690551393267
production_lateral,6.5,4.415179505646799e-12,1.461694374791139e-53,4.415179505646799e-12,9.776731879681586e-12,4.428690551393267
production_lateral,6.51,3.684920964274725e-12,9.424610421358398e-54,3.684920964274725e-12,8.15968732855722e-12,4.428690551393267
production_lateral,6.5200000000000005,3.0729356332090453e-12,6.071775598995435e-54,3.0729356332090453e-12,6.804540501916292e-12,4.428690551393267
production_lateral,6.53,2.5604967177673375e-12,3.9085303783936445e-54,2.5604967177673375e-12,5.669823810424839e-12,4.428690551393267
production_lateral,6.54,2.1317705457120474e-12,2.5139506322068194e-54,2.1317705457120474e-12,4.720476036766706e-12,4.428690551393267
production_lateral,6.55,1.7733814655065512e-12,1.6156432556426488e-54,1.7733814655065512e-12,3.9268788701524034e-12,4.428690551393267
production_lateral,6.5600000000000005,1.4740402646184907e-12,1.0374798557672493e-54,1.4740402646184907e-12,3.2640340961445703e-12,4.428690551393267
production_lateral,6.57,1.2242271376746107e-12,6.656705563247573e-55,1.2242271376746107e-12,2.710861578689386e-12,4.428690551393267
production_lateral,6.58,1.0159214541381827e-12,4.267607764149978e-55,1.0159214541381827e-12,2.249600872449739e-12,4.428690551393267
production_lateral,6.59,8.42371636245628e-13,2.733726855575599e-55,8.42371636245628e-13,1.865301653101349e-12,4.428690551393267
production_lateral,6.6000000000000005,6.978993798280168e-13,1.7497307157723015e-55,6.978993798280168e-13,1.5453901946337793e-12,4.428690551393267
production_lateral,6.61,5.777332507095675e-13,1.1190069558774194e-55,5.777332507095675e-13,1.2793008943215896e-12,4.428690551393267
production_lateral,6.62,4.778673829357673e-13,7.150556300897836e-56,4.778673829357673e-13,1.0581633818133303e-12,4.428690551393267
production_lateral,6.63,3.9494160564651257e-13,4.565542066423226e-56,3.9494160564651257e-13,8.74537078639398e-13,4.428690551393267
production_lateral,6.640000000000001,3.261398448645185e-13,2.9126636830198874e-56,3.261398448645185e-13,7.221862246921795e-13,4.428690551393267
production_lateral,6.65,2.691040952739103e-13,1.8566660951280083e-56,2.691040952739103e-13,5.958893820404e-13,4.428690551393267
production_lateral,6.66,2.2186164439908398e-13,1.182558806566738e-56,2.2186164439908398e-13,4.912782841333981e-13,4.428690551393267
production_lateral,6.67,1.8276356551216526e-13,7.5258777679917e-57,1.8276356551216526e-13,4.0470163786133527e-13,4.428690551393267
production_lateral,6.68,1.5043278315025011e-13,4.785607188959444e-57,1.5043278315025011e-13,3.3311012267865246e-13,4.428690551393267
production_lateral,6.69,1.2372026247991119e-13,3.040621833292921e-57,1.2372026247991119e-13,2.7395937873033876e-13,4.428690551393267
production_lateral,6.7,1.0166808629409821e-13,1.9303374886632743e-57,1.0166808629409821e-13,2.25128246574454e-13,4.428690551393267
production_lateral,6.71,8.347836586680324e-14,1.2244739619917648e-57,8.347836586680324e-14,1.8484992508003083e-13,4.428690551393267
production_lateral,6.72,6.848708831993916e-14,7.760886599773607e-58,6.848708831993916e-14,1.5165406046747535e-13,4.428690551393267
production_lateral,6.73,5.614213713932998e-14,4.9149442363098804e-58,5.614213713932998e-14,1.2431807614198783e-13,4.428690551393267
production_lateral,6.74,4.598483711111302e-14,3.1100783198175985e-58,4.598483711111302e-14,1.0182630681067233e-13,4.428690551393267
production_lateral,6.75,3.763447292561334e-14,1.9663894284825387e-58,3.763447292561334e-14,8.333571732616476e-14,4.428690551393267
production_lateral,6.76,3.0775314345041165e-14,1.2422620254738306e-58,3.0775314345041165e-14,6.814717192802073e-14,4.428690551393267
production_lateral,6.7700000000000005,2.5145752173392782e-14,7.841558057385126e-59,2.5145752173392782e-14,5.5681377528990654e-14,4.428690551393267
production_lateral,6.78,2.0529210048516888e-14,4.94580499483211e-59,2.0529210048516888e-14,4.545875928471722e-14,4.428690551393267
production_lateral,6.79,1.674654880613891e-14,3.1168585201311655e-59,1.674654880613891e-14,3.708264123309679e-14,4.428690551393267
production_lateral,6.8,1.3649724145727513e-14,1.9626491189957214e-59,1.3649724145727513e-14,3.0225202176653984e-14,4.428690551393267
production_lateral,6.8100000000000005,1.1116495680351353e-14,1.2348485950321902e-59,1.1116495680351353e-14,2.461575969208805e-14,4.428690551393267
production_lateral,6.82,9.04601714296413e-15,7.763011582003483e-60,9.04601714296413e-15,2.0031005324393378e-14,4.428690551393267
production_lateral,6.83,7.355164380216665e-15,4.876320364460999e-60,7.355164380216665e-15,1.6286873497304927e-14,4.428690551393267
production_lateral,6.84,5.975480505043751e-15,3.0605515586239735e-60,5.975480505043751e-15,1.3231777026360962e-14,4.428690551393267
production_lateral,6.8500000000000005,4.850636812568909e-15,1.9193432245532339e-60,4.850636812568909e-15,1.074098471003214e-14,4.428690551393267
production_lateral,6.86,3.934324314410405e-15,1.2026826938092274e-60,3.934324314410405e-15,8.711952458673076e-15,4.428690551393267
production_lateral,6.87,3.188504462724954e-15,7.529999602714802e-61,3.188504462724954e-15,7.060449793572634e-15,4.428690551393267
production_lateral,6.88,2.581959200693919e-15,4.710687760928341e-61,2.581959200693919e-15,5.717349158098036e-15,4.428690551393267
production_lateral,6.890000000000001,2.089090217961172e-15,2.9445515251043946e-61,2.089090217961172e-15,4.625967054646371e-15,4.428690551393267
production_lateral,6.9,1.6889254869630441e-15,1.839075130336269e-61,1.6889254869630441e-15,3.7398641730602526e-15,4.428690551393267
production_lateral,6.91,1.36429804697265e-15,1.1476917470846077e-61,1.36429804697265e-15,3.021026934956031e-15,4.428690551393267
production_lateral,6.92,1.1011677893955433e-15,7.156431518516375e-62,1.1011677893955433e-15,2.4383656921973265e-15,4.428690551393267
production_lateral,6.93,8.880618524177492e-16,4.4587513593255424e-62,8.880618524177492e-16,1.9664755674276437e-15,4.428690551393267
production_lateral,6.94,7.156133015764743e-16,2.775718779003818e-62,7.156133015764743e-16,1.584614933571536e-15,4.428690551393267
production_lateral,6.95,5.761811790586782e-16,1.726565848761548e-62,5.761811790586782e-16,1.2758640717939001e-15,4.428690551393267
production_lateral,6.96,4.635378534691977e-16,1.0730903836719173e-62,4.635378534691977e-16,1.0264328559360762e-15,4.428690551393267
production_lateral,6.97,3.7261198224352203e-16,6.663999158670877e-63,3.7261198224352203e-16,8.250915825489009e-16,4.428690551393267
production_lateral,6.98,2.992773858690063e-16,4.135033553916311e-63,2.992773858690063e-16,6.627034655218725e-16,4.428690551393267
production_lateral,6.99,2.4017979000104083e-16,2.563708340830934e-63,2.4017979000104083e-16,5.318409833066142e-16,4.428690551393267
production_lateral,7.0,1.9259477187105137e-16,1.5881944299719945e-63,1.9259477187105137e-16,4.2647132321653347e-16,4.428690551393267
production_lateral,7.01,1.5431139612063609e-16,9.830694376624814e-64,1.5431139612063609e-16,3.416987109858823e-16,4.428690551393267
production_lateral,7.0200000000000005,1.2353698026373107e-16,6.080092614428105e-64,1.2353698026373107e-16,2.7355352862082115e-16,4.428690551393267
production_lateral,7.03,9.881922324463501e-17,3.7573501450180646e-64,9.881922324463501e-17,2.1881988013976847e-16,4.428690551393267
production_lateral,7.04,7.898258878518771e-17,2.3200567939739937e-64,7.898258878518771e-17,1.748947223387703e-16,4.428690551393267
production_lateral,7.05,6.307638085082537e-17,1.4314000829385959e-64,6.307638085082537e-17,1.3967288594506674e-16,4.428690551393267
production_lateral,7.0600000000000005,5.033240042648705e-17,8.824069776070769e-65,5.033240042648705e-17,1.114533130988628e-16,4.428690551393267
production_lateral,7.07,4.0130446629403125e-17,5.435284771803317e-65,4.0130446629403125e-17,8.88626649054147e-17,4.428690551393267
production_lateral,7.08,3.197023416695959e-17,3.345192746691975e-65,3.197023416695959e-17,7.079313699052206e-17,4.428690551393267
production_lateral,7.09,2.5448554276202494e-17,2.05714764890335e-65,2.5448554276202494e-17,5.635188593481835e-17,4.428690551393267
production_lateral,7.1000000000000005,2.024071673770083e-17,1.264023810443978e-65,2.024071673770083e-17,4.4819935484841603e-17,4.428690551393267
production_lateral,7.11,1.608548399366423e-17,7.760514592469276e-66,1.608548399366423e-17,3.5618815488664206e-17,4.428690551393267
production_lateral,7.12,1.2772851191019709e-17,4.760704866460667e-66,1.2772851191019709e-17,2.828350269201061e-17,4.428690551393267
production_lateral,7.13,1.0134143415943219e-17,2.918081865197614e-66,1.0134143415943219e-17,2.244049259632601e-17,4.428690551393267
production_lateral,7.140000000000001,8.033997892193686e-18,1.7871835499113179e-66,8.033997892193686e-18,1.7790045277535798e-17,4.428690551393267
production_lateral,7.15,6.363878138425017e-18,1.0936700493902558e-66,6.363878138425017e-18,1.4091823490930522e-17,4.428690551393267
production_lateral,7.16,5.036832051843637e-18,6.687271465130305e-67,5.036832051843637e-18,1.1153285258477339e-17,4.428690551393267
production_lateral,7.17,3.983259119255443e-18,4.085611448708651e-67,3.983259119255443e-18,8.820311012598822e-18,4.428690551393267
production_lateral,7.18,3.1474955305293872e-18,2.4940815180372413e-67,3.1474955305293872e-18,6.969641858304017e-18,4.428690551393267
production_lateral,7.19,2.48506160240214e-18,1.52128190758105e-67,2.48506160240214e-18,5.502784419094284e-18,4.428690551393267
production_lateral,7.2,1.9604450316268288e-18,9.271590255292324e-68,1.9604450316268288e-18,4.3411021940458056e-18,4.428690551393267
production_lateral,7.21,1.5453172566379512e-18,5.6460436880361e-68,1.5453172566379512e-18,3.4218659666887292e-18,4.428690551393267
production_lateral,7.22,1.2170995811875763e-18,3.4354189914896833e-68,1.2170995811875763e-18,2.6950787076550606e-18,4.428690551393267
production_lateral,7.23,9.578114963070012e-19,2.088625922799274e-68,9.578114963070012e-19,2.1209253618553314e-18,4.428690551393267
production_lateral,7.24,7.531464819485119e-19,1.2687822360340075e-68,7.531464819485119e-19,1.667726354210227e-18,4.428690551393267
production_lateral,7.25,5.917310136834102e-19,7.701210407642365e-69,5.917310136834102e-19,1.3102967746330393e-18,4.428690551393267
production_lateral,7.26,4.645309835979286e-19,4.670639657298828e-69,4.645309835979286e-19,1.0286319889447833e-18,4.428690551393267
production_lateral,7.2700000000000005,3.643766294188407e-19,2.830343914802313e-69,3.643766294188407e-19,8.068556679278727e-19,4.428690551393267
production_lateral,7.28,2.8558264795205157e-19,1.7137502494588582e-69,2.8558264795205157e-19,6.323785873135602e-19,4.428690551393267
production_lateral,7.29,2.2364469038298867e-19,1.0368151299584353e-69,2.2364469038298867e-19,4.952265635842073e-19,4.428690551393267
production_lateral,7.3,1.7499709591766403e-19,6.267590232913512e-70,1.7499709591766403e-19,3.8750399260590994e-19,4.428690551393267
production_lateral,7.3100000000000005,1.3681967838321248e-19,3.785692528872903e-70,1.3681967838321248e-19,3.0296600845019933e-19,4.428690551393267
production_lateral,7.32,1.0688376972398687e-19,2.2847335271451674e-70,1.0688376972398687e-19,2.3667757053695716e-19,4.428690551393267
production_lateral,7.33,8.342965238600064e-20,1.377752619539311e-70,8.342965238600064e-20,1.8474205661395287e-19,4.428690551393267
production_lateral,7.34,6.506906696249513e-20,8.301420439317647e-71,6.506906696249513e-20,1.4408538102238899e-19,4.428690551393267
production_lateral,7.3500000000000005,5.070773342206143e-20,4.997802022251264e-71,5.070773342206143e-20,1.1228442994442601e-19,4.428690551393267
production_lateral,7.36,3.9483831655596096e-20,3.0064304454640896e-71,3.9483831655596096e-20,8.74308360929704e-20,4.428690551393267
production_lateral,7.37,3.0719196962569624e-20,1.8070440816611214e-71,3.0719196962569624e-20,6.802290866726041e-20,4.428690551393267
production_lateral,7.38,2.388063657291639e-20,1.0852550293554838e-71,2.388063657291639e-20,5.287997477586565e-20,4.428690551393267
production_lateral,7.390000000000001,1.8549295255708544e-20,6.512389106538517e-72,1.8549295255708544e-20,4.1074544316980187e-20,4.428690551393267
production_lateral,7.4,1.4396416502138194e-20,3.9047600295407115e-72,1.4396416502138194e-20,3.187863686847076e-20,4.428690551393267
production_lateral,7.41,1.1164180905807985e-20,2.339342607477459e-72,1.1164180905807985e-20,2.4721351245798472e-20,4.428690551393267
production_lateral,7.42,8.650571531268815e-21,1.4003570642791068e-72,8.650571531268815e-21,1.9155352202340893e-20,4.428690551393267
production_lateral,7.43,6.6974304440133474e-21,8.375856269103675e-73,6.6974304440133474e-21,1.483042346300776e-20,4.428690551393267
production_lateral,7.44,5.1810418001172606e-21,5.0057034763363393e-73,5.1810418001172606e-21,1.1472615433276437e-20,4.428690551393267
production_lateral,7.45,4.004713522418199e-21,2.989141657451112e-73,4.004713522418199e-21,8.867818468885161e-21,4.428690551393267
production_lateral,7.46,3.092938511650902e-21,1.783500963547132e-73,3.092938511650902e-21,6.848833781294352e-21,4.428690551393267
production_lateral,7.47,2.3868030936592634e-21,1.0632751731250578e-73,2.3868030936592634e-21,5.285206154462499e-21,4.428690551393267
production_lateral,7.48,1.840379435748701e-21,6.333787265403141e-74,1.840379435748701e-21,4.075235509039371e-21,4.428690551393267
production_lateral,7.49,1.4178935454136633e-21,3.769873222055677e-74,1.4178935454136633e-21,3.139705873727495e-21,4.428690551393267
production_lateral,7.5,1.0915040539370711e-21,2.241999401363401e-74,1.0915040539370711e-21,2.4169668452392765e-21,4.428690551393267
production_lateral,7.51,8.395615767244413e-22,1.3322622218002178e-74,8.395615767244413e-22,1.859079211076183e-21,4.428690551393267
production_lateral,7.5200000000000005,6.452458646156419e-22,7.910235396853229e-75,6.452458646156419e-22,1.4287971319744362e-21,4.428690551393267
production_lateral,7.53,4.954996808061358e-22,4.692827343857461e-75,4.954996808061358e-22,1.0972073773022568e-21,4.428690551393267
production_lateral,7.54,3.801955262016197e-22,2.78179561735037e-75,3.801955262016197e-22,8.418841672855522e-22,4.428690551393267
production_lateral,7.55,2.9148492521766787e-22,1.6476362366114768e-75,2.9148492521766787e-22,6.454482670925293e-22,4.428690551393267
production_lateral,7.5600000000000005,2.2329071793949526e-22,9.750860090885712e-76,2.2329071793949526e-22,4.944427463762308e-22,4.428690551393267
production_lateral,7.57,1.7091127533534935e-22,5.765938278101087e-76,1.7091127533534935e-22,3.7845657510211735e-22,4.428690551393267
production_lateral,7.58,1.3071223289639265e-22,3.4067677480436727e-76,1.3071223289639265e-22,2.8944201538988515e-22,4.428690551393267
production_lateral,7.59,9.988659897542763e-23,2.011224445323771e-76,9.988659897542763e-23,2.211834185466423e-22,4.428690551393267
production_lateral,7.6000000000000005,7.62682343963688e-23,1.1863805682034e-76,7.62682343963688e-23,1.6888420452132272e-22,4.428690551393267
production_lateral,7.61,5.818695532165656e-23,6.992508201004336e-77,5.818695532165656e-23,1.288460096236813e-22,4.428690551393267
production_lateral,7.62,4.4356068678794205e-23,4.118010199459777e-77,4.4356068678794205e-23,9.821965112736335e-23,4.428690551393267
production_lateral,7.63,3.378515652979405e-23,2.4231892037482097e-77,3.378515652979405e-23,7.481200175042071e-23,4.428690551393267
production_lateral,7.640000000000001,2.571249956966173e-23,1.4247304511919932e-77,2.571249956966173e-23,5.693635194843217e-23,4.428690551393267
production_lateral,7.65,1.9552762872466126e-23,8.369963457921068e-78,1.9552762872466126e-23,4.32965680934619e-23,4.428690551393267
production_lateral,7.66,1.485653201578657e-23,4.913148501713331e-78,1.485653201578657e-23,3.289749148239277e-23,4.428690551393267
production_lateral,7.67,1.1279042339226062e-23,2.881653072059883e-78,1.1279042339226062e-23,2.4975694118247534e-23,4.428690551393267
production_lateral,7.68,8.55603366153007e-24,1.6887640333015504e-78,8.55603366153007e-24,1.8946012717110478e-23,4.428690551393267
production_lateral,7.69,6.485122977421696e-24,9.88875738234112e-79,6.485122977421696e-24,1.4360301427365416e-23,4.428690551393267
production_lateral,7.7,4.911446542400852e-24,5.78575376218507e-79,4.911446542400852e-24,1.087563844800189e-23,4.428690551393267
production_lateral,7.71,3.716602380357686e-24,3.382389714604999e-79,3.716602380357686e-24,8.229840922587904e-24,4.428690551393267
production_lateral,7.72,2.8101419222606428e-24,1.9757537616398187e-79,2.8101419222606428e-24,6.2226244895949105e-24,4.428690551393267
production_lateral,7.73,2.123028777142037e-24,1.153154408985803e-79,2.123028777142037e-24,4.70111874283247e-24,4.428690551393267
production_lateral,7.74,1.602614183132758e-24,6.724927150270555e-80,1.602614183132758e-24,3.548741145184442e-24,4.428690551393267
production_lateral,7.75,1.2087808101140815e-24,3.918620248176352e-80,1.2087808101140815e-24,2.6766580762288656e-24,4.428690551393267
production_lateral,7.76,9.109857959676731e-25,2.281519821766899e-80,9.109857959676731e-25,2.0172370935277543e-24,4.428690551393267
production_lateral,7.7700000000000005,6.859952809917592e-25,1.3272746146479442e-80,6.859952809917592e-25,1.5190304096142864e-24,4.428690551393267
production_lateral,7.78,5.161502294159977e-25,7.715122106881055e-81,5.161502294159977e-25,1.1429348220570479e-24,4.428690551393267
production_lateral,7.79,3.8804008865501456e-25,4.480952020172046e-81,3.8804008865501456e-25,8.592547370941342e-25,4.428690551393267
production_lateral,7.8,2.9148924775892804e-25,2.6004185615509915e-81,2.9148924775892804e-25,6.454578386913478e-25,4.428690551393267
production_lateral,7.8100000000000005,2.187831936923701e-25,1.5078623411069758e-81,2.187831936923701e-25,4.844615313545212e-25,4.428690551393267
production_lateral,7.82,1.6407818744098704e-25,8.736261118924578e-82,1.6407818744098704e-25,3.6332575920481632e-25,4.428690551393267
production_lateral,7.83,1.2295132569005885e-25,5.0574895199605124e-82,1.2295132569005885e-25,2.722566871824199e-25,4.428690551393267
production_lateral,7.84,9.205789830227493e-26,2.9254309427495694e-82,9.205789830227493e-26,2.0384797219620361e-25,4.428690551393267
production_lateral,7.8500000000000005,6.887067974415598e-26,1.6907919978879838e-82,6.887067974415598e-26,1.525034643254876e-25,4.428690551393267
production_lateral,7.86,5.148173290777893e-26,9.76418480664437e-83,5.148173290777893e-26,1.1399833204901616e-25,4.428690551393267
production_lateral,7.87,3.845186586639328e-26,5.634135293469104e-83,3.845186586639328e-26,8.51457075229686e-26,4.428690551393267
production_lateral,7.88,2.8696382607121314e-26,3.2483590449964017e-83,2.8696382607121314e-26,6.354369925566212e-26,4.428690551393267
production_lateral,7.890000000000001,2.1398452324483347e-26,1.8713122257143083e-83,2.1398452324483347e-26,4.738356181193934e-26,4.428690551393267
production_lateral,7.9,1.5943477261479147e-26,1.0771444733019464e-83,1.5943477261479147e-26,3.5304363552133043e-26,4.428690551393267
production_lateral,7.91,1.186941197061999e-26,6.195083065480412e-84,1.186941197061999e-26,2.628297632243944e-26,4.428690551393267
production_lateral,7.92,8.829189433787445e-27,3.5601294053623896e-84,8.829189433787445e-27,1.9550873910937862e-26,4.428690551393267
production_lateral,7.930000000000001,6.562328093480531e-27,2.0442307105382631e-84,6.562328093480531e-27,1.4531260211369908e-26,4.428690551393267
production_lateral,7.94,4.8734949301786866e-27,1.172841990985451e-84,4.8734949301786866e-27,1.0791600474772669e-26,4.428690551393267
production_lateral,7.95,3.6163343062139795e-27,6.723487139554174e-85,3.6163343062139795e-27,8.007812786304588e-27,4.428690551393267
production_lateral,7.96,2.6812795627044435e-27,3.8511915886491266e-85,2.6812795627044435e-27,5.9372787324965196e-27,4.428690551393267
production_lateral,7.97,1.9863743493110444e-27,2.2041499885737876e-85,1.9863743493110444e-27,4.3985186561618855e-27,4.428690551393267
production_lateral,7.98,1.4703664097550643e-27,1.260470360446076e-85,1.4703664097550643e-27,3.255898912984147e-27,4.428690551393267
production_lateral,7.99,1.0875156640817842e-27,7.202273435311573e-86,1.0875156640817842e-27,2.408135173005586e-27,4.428690551393267
production_lateral,8.0,8.0369440178751515e-28,4.111989971872736e-86,8.0369440178751515e-28,1.779656901702016e-27,4.428690551393267
production_lateral,8.01,5.934605288716529e-28,2.3457404786225043e-86,5.934605288716529e-28,1.31412651841937e-27,4.428690551393267
production_lateral,8.02,4.378629606168024e-28,1.3370675580769613e-86,4.378629606168024e-28,9.695797782443574e-28,4.428690551393267
production_lateral,8.03,3.227974186306999e-28,7.615040449588673e-87,3.227974186306999e-28,7.147849389519587e-28,4.428690551393267
production_lateral,8.040000000000001,2.377756462966017e-28,4.333477555844805e-87,2.377756462966017e-28,5.2651737905259365e-28,4.428690551393267
production_lateral,8.05,1.750048813293846e-28,2.464032106991521e-87,1.750048813293846e-28,3.875212321955727e-28,4.428690551393267
production_lateral,8.06,1.2869996474798294e-28,1.3999149365305891e-87,1.2869996474798294e-28,2.8498615892201925e-28,4.428690551393267
production_lateral,8.07,9.456973397344203e-29,7.946985232840092e-88,9.456973397344203e-29,2.094100436479788e-28,4.428690551393267
production_lateral,8.08,6.943387138817779e-29,4.507633923092204e-88,6.943387138817779e-29,1.5375056508173913e-28,4.428690551393267
production_lateral,8.09,5.093731723932031e-29,2.554702571132489e-88,5.093731723932031e-29,1.127928077855496e-28,4.428690551393267
production_lateral,8.1,3.733758539986766e-29,1.446696815413093e-88,3.733758539986766e-29,8.267830583611655e-29,4.428690551393267
production_lateral,8.11,2.7346507166057945e-29,8.185782097950107e-89,2.7346507166057945e-29,6.055460894996454e-29,4.428690551393267
production_lateral,8.120000000000001,2.001257501335141e-29,4.6279462667614734e-89,2.001257501335141e-29,4.4314750935339184e-29,4.428690551393267
production_lateral,8.13,1.4633545274727697e-29,2.6143390499818726e-89,1.4633545274727697e-29,3.240372184578607e-29,4.428690551393267
production_lateral,8.14,1.069157316358124e-29,1.4756419258800382e-89,1.069157316358124e-29,2.3674834524541026e-29,4.428690551393267
production_lateral,8.15,7.805112060963844e-30,8.322341557661523e-90,7.805112060963844e-30,1.7283213018478102e-29,4.428690551393267
production_lateral,8.16,5.693274807880426e-30,4.689813359651861e-90,5.693274807880426e-30,1.2606876174072679e-29,4.428690551393267
production_lateral,8.17,4.1494508575485075e-30,2.640651306078997e-90,4.1494508575485075e-30,9.188316903147881e-30,4.428690551393267
production_lateral,8.18,3.0217920743190433e-30,1.485634679194195e-90,3.0217920743190433e-30,6.691291003905903e-30,4.428690551393267
production_lateral,8.19,2.1987912695319048e-30,8.351384400390509e-91,2.1987912695319048e-30,4.868883059930976e-30,4.428690551393267
production_lateral,8.2,1.598633479264647e-30,4.690837553164753e-91,1.598633479264647e-30,3.539926492380143e-30,4.428690551393267
production_lateral,8.21,1.1613397142072686e-30,2.632617637012814e-91,1.1613397142072686e-30,2.5716071096337436e-30,4.428690551393267
production_lateral,8.22,8.429758358219853e-31,1.4762865178071936e-91,8.429758358219853e-31,1.8666395595788337e-30,4.428690551393267
production_lateral,8.23,6.113873480986243e-31,8.271780368379032e-92,6.113873480986243e-31,1.3538226858828816e-30,4.428690551393267
production_lateral,8.24,4.430607138395217e-31,4.630978976630128e-92,4.430607138395217e-31,9.810893985373229e-31,4.428690551393267
production_lateral,8.25,3.2081562526058418e-31,2.5905507109918954e-92,3.2081562526058418e-31,7.103965641654361e-31,4.428690551393267
production_lateral,8.26,2.3210968154163255e-31,1.447960987630317e-92,2.3210968154163255e-31,5.139709767651641e-31,4.428690551393267
production_lateral,8.27,1.677940176819241e-31,8.086621150932629e-93,1.677940176819241e-31,3.71553890344126e-31,4.428690551393267
production_lateral,8.28,1.212007100472885e-31,4.512558112985778e-93,1.212007100472885e-31,2.6838021970429075e-31,4.428690551393267
production_lateral,8.290000000000001,8.747406905090766e-32,2.5160773729468188e-93,8.747406905090766e-32,1.9369779154883845e-31,4.428690551393267
production_lateral,8.3,6.308105790822443e-32,1.4017502762928452e-93,6.308105790822443e-32,1.3968324256502252e-31,4.428690551393267
production_lateral,8.31,4.545315992162036e-32,7.803021121613561e-94,4.545315992162036e-32,1.0064898993792359e-31,4.428690551393267
production_lateral,8.32,3.27246241781567e-32,4.3401065188551567e-94,3.27246241781567e-32,7.246361694784912e-32,4.428690551393267
production_lateral,8.33,2.3541315526743237e-32,2.41203423922883e-94,2.3541315526743237e-32,5.212860082032769e-32,4.428690551393267
production_lateral,8.34,1.6921243019688646e-32,1.339405328029624e-94,1.6921243019688646e-32,3.7469474539562184e-32,4.428690551393267
production_lateral,8.35,1.2152881722380507e-32,7.431663721769429e-95,1.2152881722380507e-32,2.691067622805324e-32,4.428690551393267
production_lateral,8.36,8.721109781911969e-33,4.120079075923431e-95,8.721109781911969e-33,1.9311548244408463e-32,4.428690551393267
production_lateral,8.370000000000001,6.253306412041909e-33,2.2822884210514965e-95,6.253306412041909e-33,1.3846979510988466e-32,4.428690551393267
production_lateral,8.38,4.4801560331963996e-33,1.2632257685835864e-95,4.4801560331963996e-33,9.920612346492217e-33,4.428690551393267
production_lateral,8.39,3.207170463911339e-33,6.986133807158449e-96,3.207170463911339e-33,7.101782765115853e-33,4.428690551393267
production_lateral,8.4,2.2940158885223072e-33,3.860453242456307e-96,2.2940158885223072e-33,5.079743245122386e-33,4.428690551393267
production_lateral,8.41,1.639518317873251e-33,2.131499169242619e-96,1.639518317873251e-33,3.6304596416007246e-33,4.428690551393267
production_lateral,8.42,1.1707969945510185e-33,1.1759192845116429e-96,1.1707969945510185e-33,2.5925487936838647e-33,4.428690551393267
production_lateral,8.43,8.353960134493248e-34,6.482094101670504e-97,8.353960134493248e-34,1.8498552157173136e-33,4.428690551393267
production_lateral,8.44,5.955917479600422e-34,3.570249970063115e-97,5.955917479600422e-34,1.3188457733392194e-33,4.428690551393267
production_lateral,8.45,4.242779084013947e-34,1.9648409044854108e-97,4.242779084013947e-34,9.394977820510773e-34,4.428690551393267
production_lateral,8.46,3.019935312636919e-34,1.0804424307093753e-97,3.019935312636919e-34,6.687179492446997e-34,4.428690551393267
production_lateral,8.47,2.147782678389272e-34,5.936375249097561e-98,2.147782678389272e-34,4.755932427114346e-34,4.428690551393267
production_lateral,8.48,1.5262599370092947e-34,3.259016310283945e-98,1.5262599370092947e-34,3.379666481001573e-34,4.428690551393267
production_lateral,8.49,1.083707670717753e-34,1.7877105213792225e-98,1.083707670717753e-34,2.399702960890059e-34,4.428690551393267
production_lateral,8.5,7.688493723960116e-35,9.798358656603691e-99,7.688493723960116e-35,1.70249797548743e-34,4.428690551393267
production_lateral,8.51,5.450242862750172e-35,5.366052806430042e-99,5.450242862750172e-35,1.2068719534530136e-34,4.428690551393267
production_lateral,8.52,3.860432111111102e-35,2.936310823929477e-99,3.860432111111102e-35,8.548329607386449e-35,4.428690551393267
production_lateral,8.53,2.73213061538685e-35,1.6054418647042056e-99,2.73213061538685e-35,6.049880520768007e-35,4.428690551393267
production_lateral,8.540000000000001,1.9320237919403388e-35,8.77066686175285e-100,1.9320237919403388e-35,4.2781677562165844e-35,4.428690551393267
production_lateral,8.55,1.36511411275653e-35,4.78758084761612e-100,1.36511411275653e-35,3.0228339863692234e-35,4.428690551393267
production_lateral,8.56,9.637644810828868e-36,2.6112298420334537e-100,9.637644810828868e-36,2.1341073255701077e-35,4.428690551393267
production_lateral,8.57,6.798582165243687e-36,1.4230480144824928e-100,6.798582165243687e-36,1.5054408299042746e-35,4.428690551393267
production_lateral,8.58,4.791938752756242e-36,7.74888973268808e-101,4.791938752756242e-36,1.0611006938593402e-35,4.428690551393267
production_lateral,8.59,3.374812432798427e-36,4.216041547095854e-101,3.374812432798427e-36,7.472999966929459e-36,4.428690551393267
production_lateral,8.6,2.3748353018873675e-36,2.2920060358575492e-101,2.3748353018873675e-36,5.25870533129188e-36,4.428690551393267
production_lateral,8.61,1.6697937289028303e-36,1.2450078962226367e-101,1.6697937289028303e-36,3.697499854983847e-36,4.428690551393267
production_lateral,8.620000000000001,1.1731070078591604e-36,6.757311329776083e-102,1.1731070078591604e-36,2.597663960739545e-36,4.428690551393267
production_lateral,8.63,8.234891976241543e-37,3.664554840243322e-102,8.234891976241543e-37,1.823489414346257e-36,4.428690551393267
production_lateral,8.64,5.775953095527973e-37,1.9857016463277725e-102,5.775953095527973e-37,1.2789954449727712e-36,4.428690551393267
production_lateral,8.65,4.0479476092377236e-37,1.0751083634722415e-102,4.0479476092377236e-37,8.963553664783035e-37,4.428690551393267
production_lateral,8.66,2.8345986897924604e-37,5.816154822750593e-103,2.8345986897924604e-37,6.276780217237802e-37,4.428690551393267
production_lateral,8.67,1.9833244006632395e-37,3.1438741363101436e-103,1.9833244006632395e-37,4.391765016782501e-37,4.428690551393267
production_lateral,8.68,1.386568730354137e-37,1.698008332329362e-103,1.386568730354137e-37,3.0703419174883624e-37,4.428690551393267
production_lateral,8.69,9.68577826476747e-38,9.163469888267367e-104,9.68577826476747e-38,2.1447657342032983e-37,4.428690551393267
production_lateral,8.700000000000001,6.760411272052579e-38,4.9411219307051633e-104,6.760411272052579e-38,1.4969884762035895e-37,4.428690551393267
production_lateral,8.71,4.714733895447995e-38,2.6621753558761314e-104,4.714733895447995e-38,1.044004872755205e-37,4.428690551393267
production_lateral,8.72,3.2853884660544186e-38,1.433155189122604e-104,3.2853884660544186e-38,7.274984428635811e-38,4.428690551393267
production_lateral,8.73,2.287503379970215e-38,7.708950483305132e-105,2.287503379970215e-38,5.065322302577126e-38,4.428690551393267
production_lateral,8.74,1.5914105566735737e-38,4.143265517554551e-105,1.5914105566735737e-38,3.523932447863877e-38,4.428690551393267
production_lateral,8.75,1.1062370474501722e-38,2.225029375041154e-105,1.1062370474501722e-38,2.449590779821881e-38,4.428690551393267
production_lateral,8.76,7.68350957317132e-39,1.1939171927825878e-105,7.68350957317132e-39,1.7013943124121766e-38,4.428690551393267
production_lateral,8.77,5.3323242291011365e-39,6.401151962060344e-106,5.3323242291011365e-39,1.1807606965192794e-38,4.428690551393267
production_lateral,8.78,3.697591538911766e-39,3.4291583675256133e-106,3.697591538911766e-39,8.187744355645113e-39,4.428690551393267
production_lateral,8.790000000000001,2.561927255372882e-39,1.8355339490116253e-106,2.561927255372882e-39,5.6729915146133834e-39,4.428690551393267
production_lateral,8.8,1.773618162904724e-39,9.81709003917972e-107,1.773618162904724e-39,3.9274029999178174e-39,4.428690551393267
production_lateral,8.81,1.2268710960542569e-39,5.246245394324256e-107,1.2268710960542569e-39,2.716716215436494e-39,4.428690551393267
production_lateral,8.82,8.479753275712529e-40,2.801301808029437e-107,8.479753275712529e-40,1.877710160514709e-39,4.428690551393267
production_lateral,8.83,5.856160508527927e-40,1.4945714300000792e-107,5.856160508527927e-40,1.2967561355780008e-39,4.428690551393267
production_lateral,8.84,4.040993954227098e-40,7.967442253991725e-108,4.040993954227098e-40,8.948155871661432e-40,4.428690551393267
production_lateral,8.85,2.786178288975148e-40,4.243914705162534e-108,2.786178288975148e-40,6.169560731440648e-40,4.428690551393267
production_lateral,8.86,1.9194423848795504e-40,2.2587067150009157e-108,1.9194423848795504e-40,4.250308176929912e-40,4.428690551393267
production_lateral,8.870000000000001,1.3212552664902554e-40,1.2011535054668423e-108,1.3212552664902554e-40,2.9257153573419935e-40,4.428690551393267
production_lateral,8.88,9.087488119534039e-41,6.382379985387908e-109,9.087488119534039e-41,2.0122836385439483e-40,4.428690551393267
production_lateral,8.89,6.245201490351903e-41,3.388537333870027e-109,6.245201490351903e-41,1.3829032415934312e-40,4.428690551393267
production_lateral,8.9,4.288392493598731e-41,1.7975764372533362e-109,4.288392493598731e-41,9.495981658533255e-41,4.428690551393267
production_lateral,8.91,2.942307599733798e-41,9.528135669044248e-110,2.942307599733798e-41,6.515284933116836e-41,4.428690551393267
production_lateral,8.92,2.017098441263394e-41,5.0463105314007636e-110,2.017098441263394e-41,4.466552404026639e-41,4.428690551393267
production_lateral,8.93,1.3816930972765264e-41,2.6704563606706853e-110,1.3816930972765264e-41,3.059545582416925e-41,4.428690551393267
production_lateral,8.94,9.456742332072398e-42,1.4120252817676776e-110,9.456742332072398e-42,2.0940492706504878e-41,4.428690551393267
production_lateral,8.950000000000001,6.467210514342412e-42,7.4601048923076e-111,6.467210514342412e-42,1.4320637049369713e-41,4.428690551393267
production_lateral,8.96,4.4191415603615656e-42,3.938155577342146e-111,4.4191415603615656e-42,9.785505236821282e-42,4.428690551393267
production_lateral,8.97,3.017201420134574e-42,2.0772380920118434e-111,3.017201420134574e-42,6.681125710500167e-42,4.428690551393267
production_lateral,8.98,2.0583355128273544e-42,1.0947757297632187e-111,2.0583355128273544e-42,4.557865518627859e-42,4.428690551393267
production_lateral,8.99,1.4030511516325977e-42,5.765135481103657e-112,1.4030511516325977e-42,3.106839689178363e-42,4.428690551393267
production_lateral,9.0,9.556003848312112e-43,3.0334675141956604e-112,9.556003848312112e-43,2.1160291976048775e-42,4.428690551393267
production_lateral,9.01,6.5031624256922175e-43,1.5948309418526379e-112,6.5031624256922175e-43,1.440024699441942e-42,4.428690551393267
production_lateral,9.02,4.421996153257692e-43,8.377904999998631e-113,4.421996153257692e-43,9.791826291114856e-43,4.428690551393267
production_lateral,9.03,3.0043988946035016e-43,4.3974578337736705e-113,3.0043988946035016e-43,6.652776498573451e-43,4.428690551393267
production_lateral,9.040000000000001,2.0395873066973417e-43,2.3062873136475335e-113,2.0395873066973417e-43,4.516350516956079e-43,4.428690551393267
production_lateral,9.05,1.3834787133904968e-43,1.2085666620654935e-113,1.3834787133904968e-43,3.0634995530231033e-43,4.428690551393267
production_lateral,9.06,9.376659296771383e-44,6.328099282277191e-114,9.376659296771383e-44,2.076316121562263e-43,4.428690551393267
production_lateral,9.07,6.349934780772753e-44,3.310712222636772e-114,6.349934780772753e-44,1.406094808278588e-43,4.428690551393267
production_lateral,9.08,4.296708265262449e-44,1.7306731420052875e-114,4.296708265262449e-44,9.51439564823058e-44,4.428690551393267
production_lateral,9.09,2.905012086930323e-44,9.039702745506932e-115,2.905012086930323e-44,6.432699790535778e-44,4.428690551393267
production_lateral,9.1,1.9624811503149159e-44,4.717791236389138e-115,1.9624811503149159e-44,4.3456108638435284e-44,4.428690551393267
production_lateral,9.11,1.3246724930479696e-44,2.4601906454635527e-115,1.3246724930479696e-44,2.9332822768260527e-44,4.428690551393267
production_lateral,9.120000000000001,8.934227690311332e-45,1.281870875113481e-115,8.934227690311332e-45,1.9783464878038941e-44,4.428690551393267
production_lateral,9.13,6.020755462142455e-45,6.673678354372704e-116,6.020755462142455e-45,1.3332031413719847e-44,4.428690551393267
production_lateral,9.14,4.054062448337102e-45,3.471616442841555e-116,4.054062448337102e-45,8.977094029854388e-45,4.428690551393267
production_lateral,9.15,2.7275665390638544e-45,1.8044451103979504e-116,2.7275665390638544e-45,6.039774079924263e-45,4.428690551393267
production_lateral,9.16,1.8336048443666436e-45,9.371326923140853e-117,1.8336048443666436e-45,4.0602342246177375e-45,4.428690551393267
production_lateral,9.17,1.2316338465751184e-45,4.86299670791181e-117,1.2316338465751184e-45,2.7272625895516853e-45,4.428690551393267
production_lateral,9.18,8.266143811523078e-46,2.5214614708281406e-117,8.266143811523078e-46,1.830409649727509e-45,4.428690551393267
production_lateral,9.19,5.5433177302516514e-46,1.3063097578660909e-117,5.5433177302516514e-46,1.2274819427668128e-45,4.428690551393267
production_lateral,9.200000000000001,3.714343472538532e-46,6.7621605769886035e-118,3.714343472538532e-46,8.224838920730326e-46,4.428690551393267
production_lateral,9.21,2.486794077839491e-46,3.497600979618037e-118,2.486794077839491e-46,5.506620717894243e-46,4.428690551393267
production_lateral,9.22,1.6635775904319864e-46,1.807592448061942e-118,1.6635775904319864e-46,3.6837351781278575e-46,4.428690551393267
production_lateral,9.23,1.1119666763142199e-46,9.334181652448559e-119,1.1119666763142199e-46,2.4622781564284804e-46,4.428690551393267
production_lateral,9.24,7.426530298538384e-47,4.816121698123941e-119,7.426530298538384e-47,1.6444902281386378e-46,4.428690551393267
production_lateral,9.25,4.955935162090783e-47,2.482928025565862e-119,4.955935162090783e-47,1.0974151612834555e-46,4.428690551393267
production_lateral,9.26,3.304537986166592e-47,1.279016898367474e-119,3.304537986166592e-47,7.31738807802806e-47,4.428690551393267
production_lateral,9.27,2.201614896150571e-47,6.583152385825992e-120,2.201614896150571e-47,4.87513554419435e-47,4.428690551393267
production_lateral,9.28,1.4656066787055673e-47,3.38561061644755e-120,1.4656066787055673e-47,3.2453592250211064e-47,4.428690551393267
production_lateral,9.290000000000001,9.74852679340895e-48,1.739744937556038e-120,9.74852679340895e-48,2.1586604249987158e-47,4.428690551393267
production_lateral,9.3,6.478970728371685e-48,8.9326358311794e-121,6.478970728371685e-48,1.4346678223746617e-47,4.428690551393267
production_lateral,9.31,4.3024766286772073e-48,4.582675968060192e-121,4.3024766286772073e-48,9.527168796506552e-48,4.428690551393267
production_lateral,9.32,2.8548053097388647e-48,2.349114283055196e-121,2.8548053097388647e-48,6.321524650653919e-48,4.428690551393267
production_lateral,9.33,1.8926919966302165e-48,1.2031911105690928e-121,1.8926919966302165e-48,4.191073581086948e-48,4.428690551393267
production_lateral,9.34,1.2538017435099335e-48,6.157587013632411e-122,1.2538017435099335e-48,2.7763499674014234e-48,4.428690551393267
production_lateral,9.35,8.298952274367874e-49,3.148705005429871e-122,8.298952274367874e-49,1.8376745761978332e-48,4.428690551393267
production_lateral,9.36,5.488619681089364e-49,1.608788174717829e-122,5.488619681089364e-49,1.2153699060915795e-48,4.428690551393267
production_lateral,9.370000000000001,3.6270077535796165e-49,8.213177903175349e-123,3.6270077535796165e-49,8.031447484054083e-49,4.428690551393267
production_lateral,9.38,2.394855439725285e-49,4.1895663107274114e-123,2.394855439725285e-49,5.303036828932068e-49,4.428690551393267
production_lateral,9.39,1.5799945775805682e-49,2.1353662835461262e-123,1.5799945775805682e-49,3.498653528491829e-49,4.428690551393267
production_lateral,9.4,1.0415433816170451e-49,1.087479722007008e-123,1.0415433816170451e-49,2.3063366665167997e-49,4.428690551393267
production_lateral,9.41,6.860323644187982e-50,5.533697666503996e-124,6.860323644187982e-50,1.519112525125757e-49,4.428690551393267
production_lateral,9.42,4.51499547549415e-50,2.813553397781367e-124,4.51499547549415e-50,9.997758900952147e-50,4.428690551393267
production_lateral,9.43,2.9690363055574704e-50,1.429355871495604e-124,2.9690363055574704e-50,6.574471516582971e-50,4.428690551393267
production_lateral,9.44,1.9508288558375795e-50,7.255561905884064e-125,1.9508288558375795e-50,4.319808660616613e-50,4.428690551393267
production_lateral,9.450000000000001,1.2807616277224698e-50,3.6799948236401506e-125,1.2807616277224698e-50,2.8360484596407813e-50,4.428690551393267
production_lateral,9.46,8.401617738230583e-51,1.8649570631808875e-125,8.401617738230583e-51,1.8604082546859924e-50,4.428690551393267
production_lateral,9.47,5.50684689619959e-51,9.443564287455131e-126,5.50684689619959e-51,1.2194060408584232e-50,4.428690551393267
production_lateral,9.48,3.606521789684064e-51,4.7780261099341614e-126,3.606521789684064e-51,7.986084486683873e-51,4.428690551393267
production_lateral,9.49,2.360041242912852e-51,2.4154973761587292e-126,2.360041242912852e-51,5.225946176693285e-51,4.428690551393267
production_lateral,9.5,1.5431072032701434e-51,1.220141209433882e-126,1.5431072032701434e-51,3.4169721454546866e-51,4.428690551393267
production_lateral,9.51,1.0081335742885536e-51,6.158275226695855e-127,1.0081335742885536e-51,2.2323558174970195e-51,4.428690551393267
production_lateral,9.52,6.58090364791645e-52,3.105657562531831e-127,6.58090364791645e-52,1.457239290257853e-51,4.428690551393267
production_lateral,9.53,4.292382938583468e-52,1.5649249498421379e-127,4.292382938583468e-52,9.504817881533135e-52,4.428690551393267
production_lateral,9.540000000000001,2.7974147569421476e-52,7.879142144765397e-128,2.7974147569421476e-52,6.19444215119889e-52,4.428690551393267
production_lateral,9.55,1.821632378505988e-52,3.963782630784902e-128,1.821632378505988e-52,4.033723051400755e-52,4.428690551393267
production_lateral,9.56,1.1852503340361986e-52,1.9924443442686616e-128,1.1852503340361986e-52,2.624553477690913e-52,4.428690551393267
production_lateral,9.57,7.70557247638067e-53,1.0007095432965449e-128,7.70557247638067e-53,1.7062798009611543e-52,4.428690551393267
production_lateral,9.58,5.005473964787709e-53,5.021984383755444e-129,5.005473964787709e-53,1.108384762655016e-52,4.428690551393267
production_lateral,9.59,3.2488598558499174e-53,2.5181879895433046e-129,3.2488598558499174e-53,7.19409747320171e-53,4.428690551393267
production_lateral,9.6,2.1069887792425595e-53,1.2616718474723736e-129,2.1069887792425595e-53,4.665600649261578e-53,4.428690551393267
production_lateral,9.61,1.3653341141348307e-53,6.316116771417339e-130,1.3653341141348307e-53,3.0233211453819103e-53,4.428690551393267
production_lateral,9.620000000000001,8.840180535525858e-54,3.159361798720342e-130,8.840180535525858e-54,1.9575212005147016e-53,4.428690551393267
production_lateral,9.63,5.719114624897381e-54,1.5790433336044473e-130,5.719114624897381e-54,1.266409445080904e-53,4.428690551393267
production_lateral,9.64,3.696936077984966e-54,7.885590281158285e-131,3.696936077984966e-54,8.186292938838449e-54,4.428690551393267
production_lateral,9.65,2.387814339062532e-54,3.93477444354885e-131,2.387814339062532e-54,5.287445400943797e-54,4.428690551393267
production_lateral,9.66,1.5410071158289913e-54,1.9617829220979316e-131,1.5410071158289913e-54,3.4123218267508213e-54,4.428690551393267
production_lateral,9.67,9.93697520882154e-55,9.772991724532437e-132,9.93697520882154e-55,2.2003894108368543e-54,4.428690551393267
production_lateral,9.68,6.4024949177513296e-55,4.864627453167225e-132,6.4024949177513296e-55,1.4177334373794362e-54,4.428690551393267
production_lateral,9.69,4.121826929881499e-55,2.4194525858951092e-132,4.121826929881499e-55,9.127147989422255e-55,4.428690551393267
production_lateral,9.700000000000001,2.6514029565876818e-55,1.202347815843267e-132,2.6514029565876818e-55,5.871121610888019e-55,4.428690551393267
production_lateral,9.71,1.7041475478692574e-55,5.970196091984222e-133,1.7041475478692574e-55,3.7735710717142924e-55,4.428690551393267
production_lateral,9.72,1.0944202637304859e-55,2.9620511017515336e-133,1.0944202637304859e-55,2.4234243406182648e-55,4.428690551393267
production_lateral,9.73,7.022739048453367e-56,1.4683918709971403e-133,7.022739048453367e-56,1.5550769034392984e-55,4.428690551393267
production_lateral,9.74,4.502714497086103e-56,7.2733899194551e-134,4.502714497086103e-56,9.970564574433356e-56,4.428690551393267
production_lateral,9.75,2.884614378305945e-56,3.599790636019297e-134,2.884614378305945e-56,6.3875322208083505e-56,4.428690551393267
production_lateral,9.76,1.846488431703798e-56,1.7801766056479982e-134,1.846488431703798e-56,4.088762935371791e-56,4.428690551393267
production_lateral,9.77,1.1810027047334336e-56,8.796186114231982e-135,1.1810027047334336e-56,2.6151477598114244e-56,4.428690551393267
production_lateral,9.78,7.547457344646408e-57,4.342813748992475e-135,7.547457344646408e-57,1.671267651463963e-56,4.428690551393267
production_lateral,9.790000000000001,4.8194326566632624e-57,2.1423650377759836e-135,4.8194326566632624e-57,1.067188793482037e-56,4.428690551393267
production_lateral,9.8,3.0749399498690906e-57,1.05599342553138e-135,3.0749399498690906e-57,6.808978751043463e-57,4.428690551393267
production_lateral,9.81,1.960301334586192e-57,5.200851221911586e-136,1.960301334586192e-57,4.3407839991827395e-57,4.428690551393267
production_lateral,9.82,1.248689633189211e-57,2.5593702661792483e-136,1.248689633189211e-57,2.765029990063891e-57,4.428690551393267
production_lateral,9.83,7.947520386499394e-58,1.2584538215473379e-136,7.947520386499394e-58,1.7598554221347616e-57,4.428690551393267
production_lateral,9.84,5.054221478102563e-58,6.182824533733196e-137,5.054221478102563e-58,1.1191791452360865e-57,4.428690551393267
production_lateral,9.85,3.211606743999086e-58,3.0351630961532057e-137,3.211606743999086e-58,7.111606220969823e-58,4.428690551393267
production_lateral,9.86,2.0390878052262467e-58,1.488752893297591e-137,2.0390878052262467e-58,4.5152444482333564e-58,4.428690551393267
production_lateral,9.870000000000001,1.2935849892544079e-58,7.296400725129723e-138,1.2935849892544079e-58,2.8644438096675783e-58,4.428690551393267
production_lateral,9.88,8.199728661242428e-59,3.573059193426797e-138,8.199728661242428e-59,1.815703042301645e-58,4.428690551393267
production_lateral,9.89,5.193372442407767e-59,1.7483050745943063e-138,5.193372442407767e-59,1.1499919732778725e-58,4.428690551393267
production_lateral,9.9,3.2865854694057197e-59,8.547511605531489e-139,3.2865854694057197e-59,7.277635007351758e-59,4.428690551393267
production_lateral,9.91,2.0781929462707672e-59,4.175491981620106e-139,2.0781929462707672e-59,4.601836732560741e-59,4.428690551393267
production_lateral,9.92,1.313022825536409e-59,2.0380793223538855e-139,1.313022825536409e-59,2.9074858906083924e-59,4.428690551393267
production_lateral,9.93,8.28903854758965e-60,9.939853544547267e-140,8.28903854758965e-60,1.8354793347922423e-59,4.428690551393267
production_lateral,9.94,5.228553022939473e-60,4.843779468831975e-140,5.228553022939473e-60,1.1577821685075372e-59,4.428690551393267
production_lateral,9.950000000000001,3.295371244677059e-60,2.358490941240513e-140,3.295371244677059e-60,7.297089747317181e-60,4.428690551393267
production_lateral,9.96,2.0752606572340738e-60,1.1474388148660378e-140,2.0752606572340738e-60,4.5953436321853614e-60,4.428690551393267
production_lateral,9.97,1.30582936838403e-60,5.577895004775179e-141,1.30582936838403e-60,2.8915570927470956e-60,4.428690551393267
production_lateral,9.98,8.210047780199381e-61,2.709296944577268e-141,8.210047780199381e-61,1.817988051532813e-60,4.428690551393267
production_lateral,9.99,5.157632707692582e-61,1.3148867627088247e-141,5.157632707692582e-61,1.1420779620057504e-60,4.428690551393267
production_lateral,10.0,3.237431678229593e-61,6.3762534740793146e-142,3.237431678229593e-61,7.168791542078323e-61,4.428690551393267
