wbs_id,issue_number,title,level,parent_wbs,current_state,recommended_disposition,gate_relevance,implementation_route,evidence,remaining_acceptance,recommended_issue_action
SWE,1,[SWE] Software Implementation Workstream,Workstream,,open,partial,excluded_from_current_scope,Deferred,No complete acceptance evidence identified in this G6 audit; issue remains open or outside the current gate.,acceptance evidence remains to be produced in the owning workstream,No automatic issue mutation; preserve current state.
SWE-ENV,2,"[SWE-ENV] Toolchain, Packages and Builds",Domain,SWE,open,partial,excluded_from_current_scope,Deferred,No complete acceptance evidence identified in this G6 audit; issue remains open or outside the current gate.,acceptance evidence remains to be produced in the owning workstream,No automatic issue mutation; preserve current state.
SWE-ARC,3,[SWE-ARC] Architecture and Contracts,Domain,SWE,open,partial,excluded_from_current_scope,Deferred,No complete acceptance evidence identified in this G6 audit; issue remains open or outside the current gate.,acceptance evidence remains to be produced in the owning workstream,No automatic issue mutation; preserve current state.
SWE-FVM,4,[SWE-FVM] Shared Finite-Volume Core,Domain,SWE,open,partial,excluded_from_current_scope,Deferred,No complete acceptance evidence identified in this G6 audit; issue remains open or outside the current gate.,acceptance evidence remains to be produced in the owning workstream,No automatic issue mutation; preserve current state.
SWE-DAT,5,"[SWE-DAT] Configuration, Data and I/O",Domain,SWE,open,partial,excluded_from_current_scope,Native + external library,No complete acceptance evidence identified in this G6 audit; issue remains open or outside the current gate.,acceptance evidence remains to be produced in the owning workstream,No automatic issue mutation; preserve current state.
SWE-GEO,6,"[SWE-GEO] Geospatial, Terrain and Geometry Pipeline",Domain,SWE,open,partial,g6_required,Native + external library,"PR #271 / merge commit 1ba6475 constructs the Kamaishi corridor, CRS target, terrain conditioning and nearshore interface in cases/kamaishi_delivery/case_spec.json and tools/cases/kamaishi_delivery.py.",acceptance evidence remains to be produced in the owning workstream,No automatic issue mutation; preserve current state.
SWE-R2D,7,[SWE-R2D] Regional 2D Solver,Domain,SWE,closed,complete_native,g6_required,Native,"PR #255 / squash commit 6eda108 closes Regional2D domain #7 and children #47-#55.; PR #268 / merge commit c0f10dc adds the file-driven Regional2D case runner and CSV outputs.; src/r2d/src/* implements NLSWE state, flux, well balancing, wet/dry, source terms, boundaries and solve loop.; src/r2d_case_runner/src/RegionalFileCaseRunner.cpp validates file-driven real-case execution and final physical state.; tests/r2d/* and tests/r2d_io/* cover state, flux, wet/dry, boundary, solve-loop and CSV output behavior.",,No automatic issue mutation; preserve current state.
SWE-L3D,8,[SWE-L3D] Local 3D Solver,Domain,SWE,open,partial,g6_required,OpenFOAM adopted,"PR #270 / merge commit dc416f8 adds OpenFOAM 11 replay conversion, case generation, wrapper and synthetic smoke acceptance.; PR #271 / merge commit 1ba6475 adds the Kamaishi end-to-end delivery pipeline and complete 300 s Local3D replay acceptance.; tools/openfoam/openfoam_replay.py generates OpenFOAM dictionaries for incompressibleVoF, kOmegaSST, fields, boundaries, probes and forces.; tools/openfoam/run_openfoam11.sh runs docker.io/openfoam/openfoam11-paraview510:11 with networking disabled.; tools/cases/kamaishi_delivery.py orchestrates no_defence and simple_rigid_barrier OpenFOAM stages and validates outputs.; tests/openfoam/test_openfoam_replay.py and tests/cases/test_kamaishi_delivery.py cover replay conversion, case generation and delivery controls.; PR #271 / merge commit 1ba6475 accepts a real-data pipeline from earthquake source through Regional2D, coupling export, OpenFOAM replay and both Local3D variants.; cases/kamaishi_delivery/case_spec.json records USGS Tohoku, ETOPO 2022, EPSG:32654, EGM2008, Kamaishi interface and model controls.; Accepted run command in PR #271 uses tools/cases/run_kamaishi_hybrid_delivery.py with the etopo-1000m offline profile.; PR #271 records blockMesh/checkMesh/setFields/foamRun/foamToVTK exit status 0 for no_defence and simple_rigid_barrier.; PR #271 records finite final U and p_rgh fields, bounded alpha.water, probe coverage, force coverage and VTK final-time output.","production boundary, wall-function and timestep evidence at baseline G6 level; full Local3D wall/load validation remains post-G6",Add evidence comment and keep open.
SWE-CPL,9,[SWE-CPL] Replay Coupling and Impact Analysis,Domain,SWE,open,partial,g6_required,Native,"PR #269 / merge commit 5de4a2f exports Regional2D coupling metadata.json, samples.csv and history.csv.; PR #270 / merge commit dc416f8 converts G3 coupling exports to OpenFOAM boundaryData and replay diagnostics.; src/coupling/include/tsunami/coupling/SectionExport.hpp records the section export contract.; tools/openfoam/openfoam_replay.py validates sample ordering, support widths, interpolation, dry handling and discharge residuals.; tests/openfoam/test_openfoam_replay.py covers parser rejection, deterministic boundaryData, support widths and discharge residuals.; PR #271 / merge commit 1ba6475 accepts a real-data pipeline from earthquake source through Regional2D, coupling export, OpenFOAM replay and both Local3D variants.; cases/kamaishi_delivery/case_spec.json records USGS Tohoku, ETOPO 2022, EPSG:32654, EGM2008, Kamaishi interface and model controls.; Accepted run command in PR #271 uses tools/cases/run_kamaishi_hybrid_delivery.py with the etopo-1000m offline profile.; PR #271 records blockMesh/checkMesh/setFields/foamRun/foamToVTK exit status 0 for no_defence and simple_rigid_barrier.; PR #271 records finite final U and p_rgh fields, bounded alpha.water, probe coverage, force coverage and VTK final-time output.",full impact metrics; barrier-class comparison beyond simplified rigid wall,Add evidence comment and keep open.
SWE-GUI,10,[SWE-GUI] Application and Visualisation,Domain,SWE,open,deferred,excluded_from_current_scope,Deferred,No complete acceptance evidence identified in this G6 audit; issue remains open or outside the current gate.,deferred until after theoretical-model gate and calibration readiness,Keep open if open; mark deferred/excluded in reconciliation ledger and Project fields where supported.
SWE-VER,11,[SWE-VER] Verification and Validation Support,Domain,SWE,open,partial,excluded_from_current_scope,Deferred,No complete acceptance evidence identified in this G6 audit; issue remains open or outside the current gate.,acceptance evidence remains to be produced in the owning workstream,No automatic issue mutation; preserve current state.
SWE-HPC,12,[SWE-HPC] Performance and Parallelism,Domain,SWE,open,deferred,post_g6,Deferred,No complete acceptance evidence identified in this G6 audit; issue remains open or outside the current gate.,"MPI scaling, CPU affinity and GPU feasibility after G6",Keep open; mark post-G6 in reconciliation ledger and Project fields where supported.
SWE-STR,13,[SWE-STR] Structural Response and FSI,Domain,SWE,open,deferred,post_g6,Deferred,No complete acceptance evidence identified in this G6 audit; issue remains open or outside the current gate.,acceptance evidence remains to be produced in the owning workstream,No automatic issue mutation; preserve current state.
SWE-REL,14,"[SWE-REL] CI, Documentation and Deployment",Domain,SWE,open,partial,excluded_from_current_scope,Deferred,No complete acceptance evidence identified in this G6 audit; issue remains open or outside the current gate.,acceptance evidence remains to be produced in the owning workstream,No automatic issue mutation; preserve current state.
SWE-ENV-STACK,15,[SWE-ENV-STACK] Software stack and dependency decision register.,Deliverable,SWE-ENV,closed,complete_native,excluded_from_current_scope,Native,Issue is already closed with state_reason=completed; existing closure evidence is retained in GitHub comments or linked PRs where available.,,No automatic issue mutation; preserve current state.
SWE-ENV-BLD,16,[SWE-ENV-BLD] Target-based CMake build system.,Deliverable,SWE-ENV,closed,complete_native,excluded_from_current_scope,Native,Issue is already closed with state_reason=completed; existing closure evidence is retained in GitHub comments or linked PRs where available.,,No automatic issue mutation; preserve current state.
SWE-ENV-DEP,17,[SWE-ENV-DEP] Reproducible dependency manifest and version baseline.,Deliverable,SWE-ENV,closed,complete_native,excluded_from_current_scope,Native,Issue is already closed with state_reason=completed; existing closure evidence is retained in GitHub comments or linked PRs where available.,,No automatic issue mutation; preserve current state.
SWE-ENV-PRS,18,"[SWE-ENV-PRS] Shared configure, build and test presets.",Deliverable,SWE-ENV,closed,complete_native,excluded_from_current_scope,Native,Issue is already closed with state_reason=completed; existing closure evidence is retained in GitHub comments or linked PRs where available.,,No automatic issue mutation; preserve current state.
SWE-ENV-LIC,19,[SWE-ENV-LIC] Dependency licence and redistribution register.,Deliverable,SWE-ENV,closed,complete_native,excluded_from_current_scope,Native,Issue is already closed with state_reason=completed; existing closure evidence is retained in GitHub comments or linked PRs where available.,,No automatic issue mutation; preserve current state.
SWE-ENV-SMK,20,[SWE-ENV-SMK] Clean-clone dependency and build smoke test.,Deliverable,SWE-ENV,open,partial,excluded_from_current_scope,Deferred,No complete acceptance evidence identified in this G6 audit; issue remains open or outside the current gate.,acceptance evidence remains to be produced in the owning workstream,No automatic issue mutation; preserve current state.
SWE-ARC-TGT,21,[SWE-ARC-TGT] CMake target and dependency graph.,Deliverable,SWE-ARC,closed,complete_native,excluded_from_current_scope,Native,Issue is already closed with state_reason=completed; existing closure evidence is retained in GitHub comments or linked PRs where available.,,No automatic issue mutation; preserve current state.
SWE-ARC-LAY,22,"[SWE-ARC-LAY] Core, application, adapter and UI layer boundaries.",Deliverable,SWE-ARC,closed,complete_native,excluded_from_current_scope,Native,Issue is already closed with state_reason=completed; existing closure evidence is retained in GitHub comments or linked PRs where available.,,No automatic issue mutation; preserve current state.
SWE-ARC-CASE,23,[SWE-ARC-CASE] Simulation-case lifecycle and directory convention.,Deliverable,SWE-ARC,closed,complete_native,excluded_from_current_scope,Native,Issue is already closed with state_reason=completed; existing closure evidence is retained in GitHub comments or linked PRs where available.,,No automatic issue mutation; preserve current state.
SWE-ARC-API,24,"[SWE-ARC-API] Mesh, field, solver, I/O, coupling and observer interfaces.",Deliverable,SWE-ARC,closed,complete_native,excluded_from_current_scope,Native,Issue is already closed with state_reason=completed; existing closure evidence is retained in GitHub comments or linked PRs where available.,,No automatic issue mutation; preserve current state.
SWE-ARC-SVC,25,[SWE-ARC-SVC] Shared application-service and run-orchestration contract for CLI and GUI.,Deliverable,SWE-ARC,closed,complete_native,excluded_from_current_scope,Native,Issue is already closed with state_reason=completed; existing closure evidence is retained in GitHub comments or linked PRs where available.,,No automatic issue mutation; preserve current state.
SWE-ARC-ERR,26,"[SWE-ARC-ERR] Error, status, logging, cancellation and failure-propagation model.",Deliverable,SWE-ARC,closed,complete_native,excluded_from_current_scope,Native,Issue is already closed with state_reason=completed; existing closure evidence is retained in GitHub comments or linked PRs where available.,,No automatic issue mutation; preserve current state.
SWE-FVM-MSH,27,"[SWE-FVM-MSH] Dimension-independent control-volume topology and discrete geometry model, including cells, faces, owner/neighbour connectivity, patches, centroids, volumes, face areas and normals.",Deliverable,SWE-FVM,open,partial,excluded_from_current_scope,Deferred,No complete acceptance evidence identified in this G6 audit; issue remains open or outside the current gate.,acceptance evidence remains to be produced in the owning workstream,No automatic issue mutation; preserve current state.
SWE-FVM-FLD,28,"[SWE-FVM-FLD] Typed scalar, vector and tensor field containers with cell-, face- and patch-location semantics.",Deliverable,SWE-FVM,open,partial,excluded_from_current_scope,Deferred,No complete acceptance evidence identified in this G6 audit; issue remains open or outside the current gate.,acceptance evidence remains to be produced in the owning workstream,No automatic issue mutation; preserve current state.
SWE-FVM-BC,29,[SWE-FVM-BC] Generic boundary-patch and boundary-condition framework.,Deliverable,SWE-FVM,open,partial,excluded_from_current_scope,Deferred,No complete acceptance evidence identified in this G6 audit; issue remains open or outside the current gate.,acceptance evidence remains to be produced in the owning workstream,No automatic issue mutation; preserve current state.
SWE-FVM-NUM,30,"[SWE-FVM-NUM] Shared interpolation, reconstruction, limiter, gradient, divergence and Laplacian infrastructure.",Deliverable,SWE-FVM,open,partial,excluded_from_current_scope,Deferred,No complete acceptance evidence identified in this G6 audit; issue remains open or outside the current gate.,acceptance evidence remains to be produced in the owning workstream,No automatic issue mutation; preserve current state.
SWE-FVM-LIN,31,"[SWE-FVM-LIN] Sparse linear-system, solver and preconditioner abstraction.",Deliverable,SWE-FVM,open,partial,excluded_from_current_scope,Deferred,No complete acceptance evidence identified in this G6 audit; issue remains open or outside the current gate.,acceptance evidence remains to be produced in the owning workstream,No automatic issue mutation; preserve current state.
SWE-FVM-CTL,32,"[SWE-FVM-CTL] Common residual, corrector, timestep-control and accept/reject infrastructure.",Deliverable,SWE-FVM,open,partial,excluded_from_current_scope,Deferred,No complete acceptance evidence identified in this G6 audit; issue remains open or outside the current gate.,acceptance evidence remains to be produced in the owning workstream,No automatic issue mutation; preserve current state.
SWE-DAT-CFG,33,[SWE-DAT-CFG] Versioned simulation-case configuration schema and validation.,Deliverable,SWE-DAT,closed,complete_native,g6_required,Native + external library,Issue is already closed with state_reason=completed; existing closure evidence is retained in GitHub comments or linked PRs where available.,,No automatic issue mutation; preserve current state.
SWE-DAT-MAN,34,"[SWE-DAT-MAN] Versioned dataset and provenance manifest covering provider, source, licence, resolution, CRS, vertical datum, preprocessing and generated artefacts.",Deliverable,SWE-DAT,closed,complete_native,g6_required,Native + external library,Issue is already closed with state_reason=completed; existing closure evidence is retained in GitHub comments or linked PRs where available.,,No automatic issue mutation; preserve current state.
SWE-DAT-ING,35,"[SWE-DAT-ING] Canonical ingestion records for earthquake-source, observation, gauge, run-up, inundation and other scientific datasets not owned by the geospatial raster/vector adapters.",Deliverable,SWE-DAT,open,partial,g6_required,Native + external library,PR #269 / merge commit 5de4a2f binds USGS Tohoku finite-fault input into Regional2D.; tools/earthquake/tohoku_usgs_finite_fault.py parses USGS basic_inversion.param and writes vertical seabed displacement artifacts.; data/source/earthquake/README.md records the locked USGS source URL and manual acquisition path.; tests/cases/test_tohoku_producer_crs.py covers projected-grid source handling.,acceptance evidence remains to be produced in the owning workstream,No automatic issue mutation; preserve current state.
SWE-DAT-SCH,36,"[SWE-DAT-SCH] Versioned HDF5 result, diagnostic and checkpoint schema.",Deliverable,SWE-DAT,open,not_started,post_g6,Deferred,No complete acceptance evidence identified in this G6 audit; issue remains open or outside the current gate.,"versioned HDF5 schema, adapters and compatibility checks",No automatic issue mutation; preserve current state.
SWE-DAT-XDMF,37,[SWE-DAT-XDMF] XDMF descriptors for ParaView-compatible inspection.,Deliverable,SWE-DAT,open,not_started,post_g6,Deferred,No complete acceptance evidence identified in this G6 audit; issue remains open or outside the current gate.,HDF5-backed XDMF descriptors and validation,No automatic issue mutation; preserve current state.
SWE-DAT-CHK,38,"[SWE-DAT-CHK] Restart/checkpoint read, write and compatibility implementation.",Deliverable,SWE-DAT,open,partial,post_g6,Native + external library,No complete acceptance evidence identified in this G6 audit; issue remains open or outside the current gate.,acceptance evidence remains to be produced in the owning workstream,No automatic issue mutation; preserve current state.
SWE-GEO-IMP,39,"[SWE-GEO-IMP] GeoTIFF, NetCDF and vector-source import adapters.",Deliverable,SWE-GEO,closed,complete_native,g6_required,Native + external library,"PR #271 / merge commit 1ba6475 constructs the Kamaishi corridor, CRS target, terrain conditioning and nearshore interface in cases/kamaishi_delivery/case_spec.json and tools/cases/kamaishi_delivery.py.",,No automatic issue mutation; preserve current state.
SWE-GEO-CRS,40,"[SWE-GEO-CRS] Horizontal CRS, vertical datum and coordinate-transformation handling with provenance.",Deliverable,SWE-GEO,closed,complete_native,g6_required,Native + external library,"PR #271 / merge commit 1ba6475 constructs the Kamaishi corridor, CRS target, terrain conditioning and nearshore interface in cases/kamaishi_delivery/case_spec.json and tools/cases/kamaishi_delivery.py.",,No automatic issue mutation; preserve current state.
SWE-GEO-COR,41,"[SWE-GEO-COR] Evidence-driven Kamaishi and Sendai trajectory/corridor construction, clipping and intermediate-artefact export.",Deliverable,SWE-GEO,closed,complete_native,g6_required,Native + external library,"PR #271 / merge commit 1ba6475 constructs the Kamaishi corridor, CRS target, terrain conditioning and nearshore interface in cases/kamaishi_delivery/case_spec.json and tools/cases/kamaishi_delivery.py.",,No automatic issue mutation; preserve current state.
SWE-GEO-TER,42,"[SWE-GEO-TER] Bathymetry/topography conditioning, merging, resampling and interpolation to the computational representation.",Deliverable,SWE-GEO,closed,complete_native,g6_required,Native + external library,"PR #271 / merge commit 1ba6475 constructs the Kamaishi corridor, CRS target, terrain conditioning and nearshore interface in cases/kamaishi_delivery/case_spec.json and tools/cases/kamaishi_delivery.py.",,No automatic issue mutation; preserve current state.
SWE-GEO-MSH,43,[SWE-GEO-MSH] Reproducible mesh-generation/import workflow and transfer into `SWE-FVM-MSH`.,Deliverable,SWE-GEO,open,partial,g6_required,Native + external library,"PR #271 / merge commit 1ba6475 constructs the Kamaishi corridor, CRS target, terrain conditioning and nearshore interface in cases/kamaishi_delivery/case_spec.json and tools/cases/kamaishi_delivery.py.",acceptance evidence remains to be produced in the owning workstream,No automatic issue mutation; preserve current state.
SWE-GEO-TAG,44,"[SWE-GEO-TAG] Boundary, terrain, barrier, material and region tagging.",Deliverable,SWE-GEO,open,partial,g6_required,Native + external library,"PR #271 / merge commit 1ba6475 constructs the Kamaishi corridor, CRS target, terrain conditioning and nearshore interface in cases/kamaishi_delivery/case_spec.json and tools/cases/kamaishi_delivery.py.",acceptance evidence remains to be produced in the owning workstream,No automatic issue mutation; preserve current state.
SWE-GEO-BAR,45,"[SWE-GEO-BAR] Method-neutral fixed terrain and rigid barrier-class descriptors, placement and computational representation.",Deliverable,SWE-GEO,open,partial,g6_required,Native + external library,"PR #271 / merge commit 1ba6475 constructs the Kamaishi corridor, CRS target, terrain conditioning and nearshore interface in cases/kamaishi_delivery/case_spec.json and tools/cases/kamaishi_delivery.py.",acceptance evidence remains to be produced in the owning workstream,No automatic issue mutation; preserve current state.
SWE-GEO-CHK,46,"[SWE-GEO-CHK] Corridor, terrain, geometry and mesh-validity/quality checks.",Deliverable,SWE-GEO,open,partial,g6_required,Native + external library,"PR #271 / merge commit 1ba6475 constructs the Kamaishi corridor, CRS target, terrain conditioning and nearshore interface in cases/kamaishi_delivery/case_spec.json and tools/cases/kamaishi_delivery.py.",acceptance evidence remains to be produced in the owning workstream,No automatic issue mutation; preserve current state.
SWE-R2D-STA,47,"[SWE-R2D-STA] Conservative state, primitive-variable recovery and state admissibility.",Deliverable,SWE-R2D,closed,complete_native,g6_required,Native,"PR #255 / squash commit 6eda108 closes Regional2D domain #7 and children #47-#55.; PR #268 / merge commit c0f10dc adds the file-driven Regional2D case runner and CSV outputs.; src/r2d/src/* implements NLSWE state, flux, well balancing, wet/dry, source terms, boundaries and solve loop.; src/r2d_case_runner/src/RegionalFileCaseRunner.cpp validates file-driven real-case execution and final physical state.; tests/r2d/* and tests/r2d_io/* cover state, flux, wet/dry, boundary, solve-loop and CSV output behavior.",,No automatic issue mutation; preserve current state.
SWE-R2D-FLX,48,[SWE-R2D-FLX] Rusanov baseline numerical flux with controlled HLL/HLLC extension points.,Deliverable,SWE-R2D,closed,complete_native,g6_required,Native,"PR #255 / squash commit 6eda108 closes Regional2D domain #7 and children #47-#55.; PR #268 / merge commit c0f10dc adds the file-driven Regional2D case runner and CSV outputs.; src/r2d/src/* implements NLSWE state, flux, well balancing, wet/dry, source terms, boundaries and solve loop.; src/r2d_case_runner/src/RegionalFileCaseRunner.cpp validates file-driven real-case execution and final physical state.; tests/r2d/* and tests/r2d_io/* cover state, flux, wet/dry, boundary, solve-loop and CSV output behavior.",,No automatic issue mutation; preserve current state.
SWE-R2D-WB,49,[SWE-R2D-WB] Hydrostatic reconstruction and lake-at-rest well balancing.,Deliverable,SWE-R2D,closed,complete_native,g6_required,Native,"PR #255 / squash commit 6eda108 closes Regional2D domain #7 and children #47-#55.; PR #268 / merge commit c0f10dc adds the file-driven Regional2D case runner and CSV outputs.; src/r2d/src/* implements NLSWE state, flux, well balancing, wet/dry, source terms, boundaries and solve loop.; src/r2d_case_runner/src/RegionalFileCaseRunner.cpp validates file-driven real-case execution and final physical state.; tests/r2d/* and tests/r2d_io/* cover state, flux, wet/dry, boundary, solve-loop and CSV output behavior.",,No automatic issue mutation; preserve current state.
SWE-R2D-WD,50,[SWE-R2D-WD] Positivity preservation and wetting--drying treatment.,Deliverable,SWE-R2D,closed,complete_native,g6_required,Native,"PR #255 / squash commit 6eda108 closes Regional2D domain #7 and children #47-#55.; PR #268 / merge commit c0f10dc adds the file-driven Regional2D case runner and CSV outputs.; src/r2d/src/* implements NLSWE state, flux, well balancing, wet/dry, source terms, boundaries and solve loop.; src/r2d_case_runner/src/RegionalFileCaseRunner.cpp validates file-driven real-case execution and final physical state.; tests/r2d/* and tests/r2d_io/* cover state, flux, wet/dry, boundary, solve-loop and CSV output behavior.",,No automatic issue mutation; preserve current state.
SWE-R2D-SRC,51,"[SWE-R2D-SRC] Bathymetry, Manning friction, Coriolis and accepted optional source terms.",Deliverable,SWE-R2D,closed,complete_native,g6_required,Native,"PR #255 / squash commit 6eda108 closes Regional2D domain #7 and children #47-#55.; PR #268 / merge commit c0f10dc adds the file-driven Regional2D case runner and CSV outputs.; src/r2d/src/* implements NLSWE state, flux, well balancing, wet/dry, source terms, boundaries and solve loop.; src/r2d_case_runner/src/RegionalFileCaseRunner.cpp validates file-driven real-case execution and final physical state.; tests/r2d/* and tests/r2d_io/* cover state, flux, wet/dry, boundary, solve-loop and CSV output behavior.",,No automatic issue mutation; preserve current state.
SWE-R2D-BC,52,[SWE-R2D-BC] Open/radiation boundaries and sponge/relaxation layers.,Deliverable,SWE-R2D,closed,complete_native,g6_required,Native,"PR #255 / squash commit 6eda108 closes Regional2D domain #7 and children #47-#55.; PR #268 / merge commit c0f10dc adds the file-driven Regional2D case runner and CSV outputs.; src/r2d/src/* implements NLSWE state, flux, well balancing, wet/dry, source terms, boundaries and solve loop.; src/r2d_case_runner/src/RegionalFileCaseRunner.cpp validates file-driven real-case execution and final physical state.; tests/r2d/* and tests/r2d_io/* cover state, flux, wet/dry, boundary, solve-loop and CSV output behavior.",,No automatic issue mutation; preserve current state.
SWE-R2D-TIM,53,[SWE-R2D-TIM] Regional CFL control and accepted explicit time integration.,Deliverable,SWE-R2D,closed,complete_native,g6_required,Native,"PR #255 / squash commit 6eda108 closes Regional2D domain #7 and children #47-#55.; PR #268 / merge commit c0f10dc adds the file-driven Regional2D case runner and CSV outputs.; src/r2d/src/* implements NLSWE state, flux, well balancing, wet/dry, source terms, boundaries and solve loop.; src/r2d_case_runner/src/RegionalFileCaseRunner.cpp validates file-driven real-case execution and final physical state.; tests/r2d/* and tests/r2d_io/* cover state, flux, wet/dry, boundary, solve-loop and CSV output behavior.",,No automatic issue mutation; preserve current state.
SWE-R2D-EQK,54,"[SWE-R2D-EQK] Earthquake, finite-fault and seabed-deformation initialisation interface.",Deliverable,SWE-R2D,closed,complete_native,g6_required,Native,"PR #255 / squash commit 6eda108 closes Regional2D domain #7 and children #47-#55.; PR #268 / merge commit c0f10dc adds the file-driven Regional2D case runner and CSV outputs.; src/r2d/src/* implements NLSWE state, flux, well balancing, wet/dry, source terms, boundaries and solve loop.; src/r2d_case_runner/src/RegionalFileCaseRunner.cpp validates file-driven real-case execution and final physical state.; tests/r2d/* and tests/r2d_io/* cover state, flux, wet/dry, boundary, solve-loop and CSV output behavior.",,No automatic issue mutation; preserve current state.
SWE-R2D-SOL,55,"[SWE-R2D-SOL] Integrated regional solve loop, diagnostics and regional-output production.",Deliverable,SWE-R2D,closed,complete_native,g6_required,Native,"PR #255 / squash commit 6eda108 closes Regional2D domain #7 and children #47-#55.; PR #268 / merge commit c0f10dc adds the file-driven Regional2D case runner and CSV outputs.; src/r2d/src/* implements NLSWE state, flux, well balancing, wet/dry, source terms, boundaries and solve loop.; src/r2d_case_runner/src/RegionalFileCaseRunner.cpp validates file-driven real-case execution and final physical state.; tests/r2d/* and tests/r2d_io/* cover state, flux, wet/dry, boundary, solve-loop and CSV output behavior.",,No automatic issue mutation; preserve current state.
SWE-L3D-VOF,56,"[SWE-L3D-VOF] Bounded compressive VOF transport, phase-state update and mixture-property update.",Deliverable,SWE-L3D,open,complete_adopted_backend,g6_required,OpenFOAM adopted,"PR #270 / merge commit dc416f8 adds OpenFOAM 11 replay conversion, case generation, wrapper and synthetic smoke acceptance.; PR #271 / merge commit 1ba6475 adds the Kamaishi end-to-end delivery pipeline and complete 300 s Local3D replay acceptance.; tools/openfoam/openfoam_replay.py generates OpenFOAM dictionaries for incompressibleVoF, kOmegaSST, fields, boundaries, probes and forces.; tools/openfoam/run_openfoam11.sh runs docker.io/openfoam/openfoam11-paraview510:11 with networking disabled.; tools/cases/kamaishi_delivery.py orchestrates no_defence and simple_rigid_barrier OpenFOAM stages and validates outputs.; tests/openfoam/test_openfoam_replay.py and tests/cases/test_kamaishi_delivery.py cover replay conversion, case generation and delivery controls.; PR #271 / merge commit 1ba6475 accepts a real-data pipeline from earthquake source through Regional2D, coupling export, OpenFOAM replay and both Local3D variants.; cases/kamaishi_delivery/case_spec.json records USGS Tohoku, ETOPO 2022, EPSG:32654, EGM2008, Kamaishi interface and model controls.; Accepted run command in PR #271 uses tools/cases/run_kamaishi_hybrid_delivery.py with the etopo-1000m offline profile.; PR #271 records blockMesh/checkMesh/setFields/foamRun/foamToVTK exit status 0 for no_defence and simple_rigid_barrier.; PR #271 records finite final U and p_rgh fields, bounded alpha.water, probe coverage, force coverage and VTK final-time output.",,Add adopted-backend closure comment and close as completed.
SWE-L3D-MOM,57,[SWE-L3D-MOM] Collocated cell-centred URANS momentum-predictor discretisation.,Deliverable,SWE-L3D,open,complete_adopted_backend,g6_required,OpenFOAM adopted,"PR #270 / merge commit dc416f8 adds OpenFOAM 11 replay conversion, case generation, wrapper and synthetic smoke acceptance.; PR #271 / merge commit 1ba6475 adds the Kamaishi end-to-end delivery pipeline and complete 300 s Local3D replay acceptance.; tools/openfoam/openfoam_replay.py generates OpenFOAM dictionaries for incompressibleVoF, kOmegaSST, fields, boundaries, probes and forces.; tools/openfoam/run_openfoam11.sh runs docker.io/openfoam/openfoam11-paraview510:11 with networking disabled.; tools/cases/kamaishi_delivery.py orchestrates no_defence and simple_rigid_barrier OpenFOAM stages and validates outputs.; tests/openfoam/test_openfoam_replay.py and tests/cases/test_kamaishi_delivery.py cover replay conversion, case generation and delivery controls.; PR #271 / merge commit 1ba6475 accepts a real-data pipeline from earthquake source through Regional2D, coupling export, OpenFOAM replay and both Local3D variants.; cases/kamaishi_delivery/case_spec.json records USGS Tohoku, ETOPO 2022, EPSG:32654, EGM2008, Kamaishi interface and model controls.; Accepted run command in PR #271 uses tools/cases/run_kamaishi_hybrid_delivery.py with the etopo-1000m offline profile.; PR #271 records blockMesh/checkMesh/setFields/foamRun/foamToVTK exit status 0 for no_defence and simple_rigid_barrier.; PR #271 records finite final U and p_rgh fields, bounded alpha.water, probe coverage, force coverage and VTK final-time output.",,Add adopted-backend closure comment and close as completed.
SWE-L3D-PRS,58,"[SWE-L3D-PRS] Rhie--Chow pressure-consistent face fluxes and PISO-like pressure, velocity and flux correction.",Deliverable,SWE-L3D,open,complete_adopted_backend,g6_required,OpenFOAM adopted,"PR #270 / merge commit dc416f8 adds OpenFOAM 11 replay conversion, case generation, wrapper and synthetic smoke acceptance.; PR #271 / merge commit 1ba6475 adds the Kamaishi end-to-end delivery pipeline and complete 300 s Local3D replay acceptance.; tools/openfoam/openfoam_replay.py generates OpenFOAM dictionaries for incompressibleVoF, kOmegaSST, fields, boundaries, probes and forces.; tools/openfoam/run_openfoam11.sh runs docker.io/openfoam/openfoam11-paraview510:11 with networking disabled.; tools/cases/kamaishi_delivery.py orchestrates no_defence and simple_rigid_barrier OpenFOAM stages and validates outputs.; tests/openfoam/test_openfoam_replay.py and tests/cases/test_kamaishi_delivery.py cover replay conversion, case generation and delivery controls.; PR #271 / merge commit 1ba6475 accepts a real-data pipeline from earthquake source through Regional2D, coupling export, OpenFOAM replay and both Local3D variants.; cases/kamaishi_delivery/case_spec.json records USGS Tohoku, ETOPO 2022, EPSG:32654, EGM2008, Kamaishi interface and model controls.; Accepted run command in PR #271 uses tools/cases/run_kamaishi_hybrid_delivery.py with the etopo-1000m offline profile.; PR #271 records blockMesh/checkMesh/setFields/foamRun/foamToVTK exit status 0 for no_defence and simple_rigid_barrier.; PR #271 records finite final U and p_rgh fields, bounded alpha.water, probe coverage, force coverage and VTK final-time output.",,Add adopted-backend closure comment and close as completed.
SWE-L3D-SST,59,[SWE-L3D-SST] `k`--`omega` SST turbulence transport and turbulent-viscosity update.,Deliverable,SWE-L3D,open,complete_adopted_backend,g6_required,OpenFOAM adopted,"PR #270 / merge commit dc416f8 adds OpenFOAM 11 replay conversion, case generation, wrapper and synthetic smoke acceptance.; PR #271 / merge commit 1ba6475 adds the Kamaishi end-to-end delivery pipeline and complete 300 s Local3D replay acceptance.; tools/openfoam/openfoam_replay.py generates OpenFOAM dictionaries for incompressibleVoF, kOmegaSST, fields, boundaries, probes and forces.; tools/openfoam/run_openfoam11.sh runs docker.io/openfoam/openfoam11-paraview510:11 with networking disabled.; tools/cases/kamaishi_delivery.py orchestrates no_defence and simple_rigid_barrier OpenFOAM stages and validates outputs.; tests/openfoam/test_openfoam_replay.py and tests/cases/test_kamaishi_delivery.py cover replay conversion, case generation and delivery controls.; PR #271 / merge commit 1ba6475 accepts a real-data pipeline from earthquake source through Regional2D, coupling export, OpenFOAM replay and both Local3D variants.; cases/kamaishi_delivery/case_spec.json records USGS Tohoku, ETOPO 2022, EPSG:32654, EGM2008, Kamaishi interface and model controls.; Accepted run command in PR #271 uses tools/cases/run_kamaishi_hybrid_delivery.py with the etopo-1000m offline profile.; PR #271 records blockMesh/checkMesh/setFields/foamRun/foamToVTK exit status 0 for no_defence and simple_rigid_barrier.; PR #271 records finite final U and p_rgh fields, bounded alpha.water, probe coverage, force coverage and VTK final-time output.",,Add adopted-backend closure comment and close as completed.
SWE-L3D-WLF,60,[SWE-L3D-WLF] Scalable wall-function treatment for terrain and barrier walls.,Deliverable,SWE-L3D,open,partial,g6_required,OpenFOAM adopted,"PR #270 / merge commit dc416f8 adds OpenFOAM 11 replay conversion, case generation, wrapper and synthetic smoke acceptance.; PR #271 / merge commit 1ba6475 adds the Kamaishi end-to-end delivery pipeline and complete 300 s Local3D replay acceptance.; tools/openfoam/openfoam_replay.py generates OpenFOAM dictionaries for incompressibleVoF, kOmegaSST, fields, boundaries, probes and forces.; tools/openfoam/run_openfoam11.sh runs docker.io/openfoam/openfoam11-paraview510:11 with networking disabled.; tools/cases/kamaishi_delivery.py orchestrates no_defence and simple_rigid_barrier OpenFOAM stages and validates outputs.; tests/openfoam/test_openfoam_replay.py and tests/cases/test_kamaishi_delivery.py cover replay conversion, case generation and delivery controls.; PR #271 / merge commit 1ba6475 accepts a real-data pipeline from earthquake source through Regional2D, coupling export, OpenFOAM replay and both Local3D variants.; cases/kamaishi_delivery/case_spec.json records USGS Tohoku, ETOPO 2022, EPSG:32654, EGM2008, Kamaishi interface and model controls.; Accepted run command in PR #271 uses tools/cases/run_kamaishi_hybrid_delivery.py with the etopo-1000m offline profile.; PR #271 records blockMesh/checkMesh/setFields/foamRun/foamToVTK exit status 0 for no_defence and simple_rigid_barrier.; PR #271 records finite final U and p_rgh fields, bounded alpha.water, probe coverage, force coverage and VTK final-time output.",y+ evidence; wall-function applicability; roughness policy; mesh-resolution consistency; load sensitivity,Add evidence comment and keep open.
SWE-L3D-BC,61,"[SWE-L3D-BC] Regional-forced inlet, open/radiation outlet, lateral open-ocean, atmospheric-top, terrain and barrier boundary conditions.",Deliverable,SWE-L3D,open,partial,g6_required,OpenFOAM adopted,"PR #270 / merge commit dc416f8 adds OpenFOAM 11 replay conversion, case generation, wrapper and synthetic smoke acceptance.; PR #271 / merge commit 1ba6475 adds the Kamaishi end-to-end delivery pipeline and complete 300 s Local3D replay acceptance.; tools/openfoam/openfoam_replay.py generates OpenFOAM dictionaries for incompressibleVoF, kOmegaSST, fields, boundaries, probes and forces.; tools/openfoam/run_openfoam11.sh runs docker.io/openfoam/openfoam11-paraview510:11 with networking disabled.; tools/cases/kamaishi_delivery.py orchestrates no_defence and simple_rigid_barrier OpenFOAM stages and validates outputs.; tests/openfoam/test_openfoam_replay.py and tests/cases/test_kamaishi_delivery.py cover replay conversion, case generation and delivery controls.; PR #271 / merge commit 1ba6475 accepts a real-data pipeline from earthquake source through Regional2D, coupling export, OpenFOAM replay and both Local3D variants.; cases/kamaishi_delivery/case_spec.json records USGS Tohoku, ETOPO 2022, EPSG:32654, EGM2008, Kamaishi interface and model controls.; Accepted run command in PR #271 uses tools/cases/run_kamaishi_hybrid_delivery.py with the etopo-1000m offline profile.; PR #271 records blockMesh/checkMesh/setFields/foamRun/foamToVTK exit status 0 for no_defence and simple_rigid_barrier.; PR #271 records finite final U and p_rgh fields, bounded alpha.water, probe coverage, force coverage and VTK final-time output.",production lateral open-ocean treatment; reflection assessment; boundary-condition benchmark evidence; clear distinction between symmetry test mode and open-ocean mode,Add evidence comment and keep open.
SWE-L3D-TIM,62,"[SWE-L3D-TIM] CFL, interface-CFL, gravity-wave and diffusion timestep constraints with timestep rejection.",Deliverable,SWE-L3D,open,partial,g6_required,OpenFOAM adopted,"PR #270 / merge commit dc416f8 adds OpenFOAM 11 replay conversion, case generation, wrapper and synthetic smoke acceptance.; PR #271 / merge commit 1ba6475 adds the Kamaishi end-to-end delivery pipeline and complete 300 s Local3D replay acceptance.; tools/openfoam/openfoam_replay.py generates OpenFOAM dictionaries for incompressibleVoF, kOmegaSST, fields, boundaries, probes and forces.; tools/openfoam/run_openfoam11.sh runs docker.io/openfoam/openfoam11-paraview510:11 with networking disabled.; tools/cases/kamaishi_delivery.py orchestrates no_defence and simple_rigid_barrier OpenFOAM stages and validates outputs.; tests/openfoam/test_openfoam_replay.py and tests/cases/test_kamaishi_delivery.py cover replay conversion, case generation and delivery controls.; PR #271 / merge commit 1ba6475 accepts a real-data pipeline from earthquake source through Regional2D, coupling export, OpenFOAM replay and both Local3D variants.; cases/kamaishi_delivery/case_spec.json records USGS Tohoku, ETOPO 2022, EPSG:32654, EGM2008, Kamaishi interface and model controls.; Accepted run command in PR #271 uses tools/cases/run_kamaishi_hybrid_delivery.py with the etopo-1000m offline profile.; PR #271 records blockMesh/checkMesh/setFields/foamRun/foamToVTK exit status 0 for no_defence and simple_rigid_barrier.; PR #271 records finite final U and p_rgh fields, bounded alpha.water, probe coverage, force coverage and VTK final-time output.",diffusive timestep constraint evidence; step-rejection/recovery disposition; formal timestep-convergence evidence,Add evidence comment and keep open.
SWE-L3D-SOL,63,[SWE-L3D-SOL] Exact transient segregated URANS--VOF solve sequence and field-acceptance loop.,Deliverable,SWE-L3D,open,complete_adopted_backend,g6_required,OpenFOAM adopted,"PR #270 / merge commit dc416f8 adds OpenFOAM 11 replay conversion, case generation, wrapper and synthetic smoke acceptance.; PR #271 / merge commit 1ba6475 adds the Kamaishi end-to-end delivery pipeline and complete 300 s Local3D replay acceptance.; tools/openfoam/openfoam_replay.py generates OpenFOAM dictionaries for incompressibleVoF, kOmegaSST, fields, boundaries, probes and forces.; tools/openfoam/run_openfoam11.sh runs docker.io/openfoam/openfoam11-paraview510:11 with networking disabled.; tools/cases/kamaishi_delivery.py orchestrates no_defence and simple_rigid_barrier OpenFOAM stages and validates outputs.; tests/openfoam/test_openfoam_replay.py and tests/cases/test_kamaishi_delivery.py cover replay conversion, case generation and delivery controls.; PR #271 / merge commit 1ba6475 accepts a real-data pipeline from earthquake source through Regional2D, coupling export, OpenFOAM replay and both Local3D variants.; cases/kamaishi_delivery/case_spec.json records USGS Tohoku, ETOPO 2022, EPSG:32654, EGM2008, Kamaishi interface and model controls.; Accepted run command in PR #271 uses tools/cases/run_kamaishi_hybrid_delivery.py with the etopo-1000m offline profile.; PR #271 records blockMesh/checkMesh/setFields/foamRun/foamToVTK exit status 0 for no_defence and simple_rigid_barrier.; PR #271 records finite final U and p_rgh fields, bounded alpha.water, probe coverage, force coverage and VTK final-time output.",,Add adopted-backend closure comment and close as completed.
SWE-L3D-FRC,64,"[SWE-L3D-FRC] Barrier pressure, shear, traction, force and moment integration.",Deliverable,SWE-L3D,open,partial,g6_required,OpenFOAM adopted,"PR #270 / merge commit dc416f8 adds OpenFOAM 11 replay conversion, case generation, wrapper and synthetic smoke acceptance.; PR #271 / merge commit 1ba6475 adds the Kamaishi end-to-end delivery pipeline and complete 300 s Local3D replay acceptance.; tools/openfoam/openfoam_replay.py generates OpenFOAM dictionaries for incompressibleVoF, kOmegaSST, fields, boundaries, probes and forces.; tools/openfoam/run_openfoam11.sh runs docker.io/openfoam/openfoam11-paraview510:11 with networking disabled.; tools/cases/kamaishi_delivery.py orchestrates no_defence and simple_rigid_barrier OpenFOAM stages and validates outputs.; tests/openfoam/test_openfoam_replay.py and tests/cases/test_kamaishi_delivery.py cover replay conversion, case generation and delivery controls.; PR #271 / merge commit 1ba6475 accepts a real-data pipeline from earthquake source through Regional2D, coupling export, OpenFOAM replay and both Local3D variants.; cases/kamaishi_delivery/case_spec.json records USGS Tohoku, ETOPO 2022, EPSG:32654, EGM2008, Kamaishi interface and model controls.; Accepted run command in PR #271 uses tools/cases/run_kamaishi_hybrid_delivery.py with the etopo-1000m offline profile.; PR #271 records blockMesh/checkMesh/setFields/foamRun/foamToVTK exit status 0 for no_defence and simple_rigid_barrier.; PR #271 records finite final U and p_rgh fields, bounded alpha.water, probe coverage, force coverage and VTK final-time output.",surface pressure distribution; wall shear distribution; traction-vector output; impulse integration; load convergence; approved validation comparison,Add evidence comment and keep open.
SWE-CPL-IFC,65,"[SWE-CPL-IFC] Regional/local state, coordinate, convention and interface specification.",Deliverable,SWE-CPL,open,complete_native,g6_required,Native,"PR #269 / merge commit 5de4a2f exports Regional2D coupling metadata.json, samples.csv and history.csv.; PR #270 / merge commit dc416f8 converts G3 coupling exports to OpenFOAM boundaryData and replay diagnostics.; src/coupling/include/tsunami/coupling/SectionExport.hpp records the section export contract.; tools/openfoam/openfoam_replay.py validates sample ordering, support widths, interpolation, dry handling and discharge residuals.; tests/openfoam/test_openfoam_replay.py covers parser rejection, deterministic boundaryData, support widths and discharge residuals.; PR #271 / merge commit 1ba6475 accepts a real-data pipeline from earthquake source through Regional2D, coupling export, OpenFOAM replay and both Local3D variants.; cases/kamaishi_delivery/case_spec.json records USGS Tohoku, ETOPO 2022, EPSG:32654, EGM2008, Kamaishi interface and model controls.; Accepted run command in PR #271 uses tools/cases/run_kamaishi_hybrid_delivery.py with the etopo-1000m offline profile.; PR #271 records blockMesh/checkMesh/setFields/foamRun/foamToVTK exit status 0 for no_defence and simple_rigid_barrier.; PR #271 records finite final U and p_rgh fields, bounded alpha.water, probe coverage, force coverage and VTK final-time output.",,Add native coupling evidence closure comment and close as completed.
SWE-CPL-RPL,66,[SWE-CPL-RPL] Versioned regional-output and local replay-boundary format.,Deliverable,SWE-CPL,open,complete_native,g6_required,Native,"PR #269 / merge commit 5de4a2f exports Regional2D coupling metadata.json, samples.csv and history.csv.; PR #270 / merge commit dc416f8 converts G3 coupling exports to OpenFOAM boundaryData and replay diagnostics.; src/coupling/include/tsunami/coupling/SectionExport.hpp records the section export contract.; tools/openfoam/openfoam_replay.py validates sample ordering, support widths, interpolation, dry handling and discharge residuals.; tests/openfoam/test_openfoam_replay.py covers parser rejection, deterministic boundaryData, support widths and discharge residuals.; PR #271 / merge commit 1ba6475 accepts a real-data pipeline from earthquake source through Regional2D, coupling export, OpenFOAM replay and both Local3D variants.; cases/kamaishi_delivery/case_spec.json records USGS Tohoku, ETOPO 2022, EPSG:32654, EGM2008, Kamaishi interface and model controls.; Accepted run command in PR #271 uses tools/cases/run_kamaishi_hybrid_delivery.py with the etopo-1000m offline profile.; PR #271 records blockMesh/checkMesh/setFields/foamRun/foamToVTK exit status 0 for no_defence and simple_rigid_barrier.; PR #271 records finite final U and p_rgh fields, bounded alpha.water, probe coverage, force coverage and VTK final-time output.",,Add native coupling evidence closure comment and close as completed.
SWE-CPL-MAP,67,[SWE-CPL-MAP] Spatial mapping and temporal interpolation from regional output to the local interface.,Deliverable,SWE-CPL,open,complete_native,g6_required,Native,"PR #269 / merge commit 5de4a2f exports Regional2D coupling metadata.json, samples.csv and history.csv.; PR #270 / merge commit dc416f8 converts G3 coupling exports to OpenFOAM boundaryData and replay diagnostics.; src/coupling/include/tsunami/coupling/SectionExport.hpp records the section export contract.; tools/openfoam/openfoam_replay.py validates sample ordering, support widths, interpolation, dry handling and discharge residuals.; tests/openfoam/test_openfoam_replay.py covers parser rejection, deterministic boundaryData, support widths and discharge residuals.; PR #271 / merge commit 1ba6475 accepts a real-data pipeline from earthquake source through Regional2D, coupling export, OpenFOAM replay and both Local3D variants.; cases/kamaishi_delivery/case_spec.json records USGS Tohoku, ETOPO 2022, EPSG:32654, EGM2008, Kamaishi interface and model controls.; Accepted run command in PR #271 uses tools/cases/run_kamaishi_hybrid_delivery.py with the etopo-1000m offline profile.; PR #271 records blockMesh/checkMesh/setFields/foamRun/foamToVTK exit status 0 for no_defence and simple_rigid_barrier.; PR #271 records finite final U and p_rgh fields, bounded alpha.water, probe coverage, force coverage and VTK final-time output.",,Add native coupling evidence closure comment and close as completed.
SWE-CPL-BC,68,[SWE-CPL-BC] Reconstruction of three-dimensional local inlet conditions from depth-averaged regional variables.,Deliverable,SWE-CPL,open,complete_native,g6_required,Native,"PR #269 / merge commit 5de4a2f exports Regional2D coupling metadata.json, samples.csv and history.csv.; PR #270 / merge commit dc416f8 converts G3 coupling exports to OpenFOAM boundaryData and replay diagnostics.; src/coupling/include/tsunami/coupling/SectionExport.hpp records the section export contract.; tools/openfoam/openfoam_replay.py validates sample ordering, support widths, interpolation, dry handling and discharge residuals.; tests/openfoam/test_openfoam_replay.py covers parser rejection, deterministic boundaryData, support widths and discharge residuals.; PR #271 / merge commit 1ba6475 accepts a real-data pipeline from earthquake source through Regional2D, coupling export, OpenFOAM replay and both Local3D variants.; cases/kamaishi_delivery/case_spec.json records USGS Tohoku, ETOPO 2022, EPSG:32654, EGM2008, Kamaishi interface and model controls.; Accepted run command in PR #271 uses tools/cases/run_kamaishi_hybrid_delivery.py with the etopo-1000m offline profile.; PR #271 records blockMesh/checkMesh/setFields/foamRun/foamToVTK exit status 0 for no_defence and simple_rigid_barrier.; PR #271 records finite final U and p_rgh fields, bounded alpha.water, probe coverage, force coverage and VTK final-time output.",,Add native coupling evidence closure comment and close as completed.
SWE-CPL-MET,69,"[SWE-CPL-MET] Run-up, overtopping, transmission, pressure, force, moment, impulse and energy metric implementation.",Deliverable,SWE-CPL,open,partial,post_g6,Native,"PR #269 / merge commit 5de4a2f exports Regional2D coupling metadata.json, samples.csv and history.csv.; PR #270 / merge commit dc416f8 converts G3 coupling exports to OpenFOAM boundaryData and replay diagnostics.; src/coupling/include/tsunami/coupling/SectionExport.hpp records the section export contract.; tools/openfoam/openfoam_replay.py validates sample ordering, support widths, interpolation, dry handling and discharge residuals.; tests/openfoam/test_openfoam_replay.py covers parser rejection, deterministic boundaryData, support widths and discharge residuals.; PR #271 / merge commit 1ba6475 accepts a real-data pipeline from earthquake source through Regional2D, coupling export, OpenFOAM replay and both Local3D variants.; cases/kamaishi_delivery/case_spec.json records USGS Tohoku, ETOPO 2022, EPSG:32654, EGM2008, Kamaishi interface and model controls.; Accepted run command in PR #271 uses tools/cases/run_kamaishi_hybrid_delivery.py with the etopo-1000m offline profile.; PR #271 records blockMesh/checkMesh/setFields/foamRun/foamToVTK exit status 0 for no_defence and simple_rigid_barrier.; PR #271 records finite final U and p_rgh fields, bounded alpha.water, probe coverage, force coverage and VTK final-time output.",run-up; overtopping; transmission coefficient; impulse; energy metrics; approved validation context,Add evidence comment and keep open.
SWE-CPL-CMP,70,[SWE-CPL-CMP] Reproducible wall-type versus obstacle/dissipating barrier comparison runner.,Deliverable,SWE-CPL,open,partial,post_g6,Native,"PR #269 / merge commit 5de4a2f exports Regional2D coupling metadata.json, samples.csv and history.csv.; PR #270 / merge commit dc416f8 converts G3 coupling exports to OpenFOAM boundaryData and replay diagnostics.; src/coupling/include/tsunami/coupling/SectionExport.hpp records the section export contract.; tools/openfoam/openfoam_replay.py validates sample ordering, support widths, interpolation, dry handling and discharge residuals.; tests/openfoam/test_openfoam_replay.py covers parser rejection, deterministic boundaryData, support widths and discharge residuals.; PR #271 / merge commit 1ba6475 accepts a real-data pipeline from earthquake source through Regional2D, coupling export, OpenFOAM replay and both Local3D variants.; cases/kamaishi_delivery/case_spec.json records USGS Tohoku, ETOPO 2022, EPSG:32654, EGM2008, Kamaishi interface and model controls.; Accepted run command in PR #271 uses tools/cases/run_kamaishi_hybrid_delivery.py with the etopo-1000m offline profile.; PR #271 records blockMesh/checkMesh/setFields/foamRun/foamToVTK exit status 0 for no_defence and simple_rigid_barrier.; PR #271 records finite final U and p_rgh fields, bounded alpha.water, probe coverage, force coverage and VTK final-time output.",wall-type versus obstacle/dissipating barrier comparison; second barrier-class geometry; identical-forcing comparison; comparison metrics,Add evidence comment and keep open.
SWE-GUI-SHL,71,[SWE-GUI-SHL] Qt Quick/QML application shell and navigation structure.,Deliverable,SWE-GUI,closed,complete_native,excluded_from_current_scope,Native,Issue is already closed with state_reason=completed; existing closure evidence is retained in GitHub comments or linked PRs where available.,deferred until after theoretical-model gate and calibration readiness,Keep open if open; mark deferred/excluded in reconciliation ledger and Project fields where supported.
SWE-GUI-CAS,72,"[SWE-GUI-CAS] Data, corridor, domain, mesh, physics, solver and output case editor.",Deliverable,SWE-GUI,open,deferred,excluded_from_current_scope,Deferred,No complete acceptance evidence identified in this G6 audit; issue remains open or outside the current gate.,deferred until after theoretical-model gate and calibration readiness,Keep open if open; mark deferred/excluded in reconciliation ledger and Project fields where supported.
SWE-GUI-RUN,73,"[SWE-GUI-RUN] Headless-process launch, monitoring, cancellation and run-state control.",Deliverable,SWE-GUI,open,deferred,excluded_from_current_scope,Deferred,No complete acceptance evidence identified in this G6 audit; issue remains open or outside the current gate.,deferred until after theoretical-model gate and calibration readiness,Keep open if open; mark deferred/excluded in reconciliation ledger and Project fields where supported.
SWE-GUI-LOG,74,"[SWE-GUI-LOG] Structured log, warning, residual and diagnostic presentation.",Deliverable,SWE-GUI,open,deferred,excluded_from_current_scope,Deferred,No complete acceptance evidence identified in this G6 audit; issue remains open or outside the current gate.,deferred until after theoretical-model gate and calibration readiness,Keep open if open; mark deferred/excluded in reconciliation ledger and Project fields where supported.
SWE-GUI-VIS,75,[SWE-GUI-VIS] Lightweight terrain/mesh/field preview and ParaView hand-off.,Deliverable,SWE-GUI,open,deferred,excluded_from_current_scope,Deferred,No complete acceptance evidence identified in this G6 audit; issue remains open or outside the current gate.,deferred until after theoretical-model gate and calibration readiness,Keep open if open; mark deferred/excluded in reconciliation ledger and Project fields where supported.
SWE-GUI-POST,76,"[SWE-GUI-POST] Result catalogue, case comparison and metric-history views.",Deliverable,SWE-GUI,open,deferred,excluded_from_current_scope,Deferred,No complete acceptance evidence identified in this G6 audit; issue remains open or outside the current gate.,deferred until after theoretical-model gate and calibration readiness,Keep open if open; mark deferred/excluded in reconciliation ledger and Project fields where supported.
SWE-VER-UNIT,77,"[SWE-VER-UNIT] Unit tests for data structures, geometry, operators, schemas and solver components.",Deliverable,SWE-VER,open,partial,g6_required,Deferred,No complete acceptance evidence identified in this G6 audit; issue remains open or outside the current gate.,acceptance evidence remains to be produced in the owning workstream,No automatic issue mutation; preserve current state.
SWE-VER-ACC,78,"[SWE-VER-ACC] Runtime acceptance checks for mass conservation, bounded volume fraction, positive turbulence variables, residual tolerances, CFL limits and timestep acceptance.",Deliverable,SWE-VER,open,partial,g6_required,Deferred,No complete acceptance evidence identified in this G6 audit; issue remains open or outside the current gate.,acceptance evidence remains to be produced in the owning workstream,No automatic issue mutation; preserve current state.
SWE-VER-BMK,79,[SWE-VER-BMK] Regional and local solver-capability benchmark suite.,Deliverable,SWE-VER,open,partial,excluded_from_current_scope,Deferred,No complete acceptance evidence identified in this G6 audit; issue remains open or outside the current gate.,acceptance evidence remains to be produced in the owning workstream,No automatic issue mutation; preserve current state.
SWE-VER-REG,80,"[SWE-VER-REG] Regression, restart reproducibility, schema round-trip and reference-result tests.",Deliverable,SWE-VER,open,partial,g6_required,Deferred,No complete acceptance evidence identified in this G6 audit; issue remains open or outside the current gate.,acceptance evidence remains to be produced in the owning workstream,No automatic issue mutation; preserve current state.
SWE-VER-CONV,81,[SWE-VER-CONV] Mesh- and timestep-convergence study harness.,Deliverable,SWE-VER,open,not_started,post_g6,Deferred,No complete acceptance evidence identified in this G6 audit; issue remains open or outside the current gate.,mesh- and timestep-convergence harness and accepted studies,No automatic issue mutation; preserve current state.
SWE-VER-VAL,82,"[SWE-VER-VAL] Observation, Tohoku hydrodynamic and impact/loading comparison harness; execution and acceptance remain governed by `RES-VER`.",Deliverable,SWE-VER,open,not_started,post_g6,Deferred,No complete acceptance evidence identified in this G6 audit; issue remains open or outside the current gate.,observation validation and approved comparison harness,No automatic issue mutation; preserve current state.
SWE-HPC-PROF,83,"[SWE-HPC-PROF] Serial performance, memory and scalability baseline.",Deliverable,SWE-HPC,open,deferred,post_g6,Deferred,No complete acceptance evidence identified in this G6 audit; issue remains open or outside the current gate.,"MPI scaling, CPU affinity and GPU feasibility after G6",Keep open; mark post-G6 in reconciliation ledger and Project fields where supported.
SWE-HPC-SIMD,84,[SWE-HPC-SIMD] Vectorisation and data-layout optimisation.,Deliverable,SWE-HPC,open,deferred,post_g6,Deferred,No complete acceptance evidence identified in this G6 audit; issue remains open or outside the current gate.,"MPI scaling, CPU affinity and GPU feasibility after G6",Keep open; mark post-G6 in reconciliation ledger and Project fields where supported.
SWE-HPC-OMP,85,[SWE-HPC-OMP] Shared-memory parallel execution.,Deliverable,SWE-HPC,open,deferred,post_g6,Deferred,No complete acceptance evidence identified in this G6 audit; issue remains open or outside the current gate.,"MPI scaling, CPU affinity and GPU feasibility after G6",Keep open; mark post-G6 in reconciliation ledger and Project fields where supported.
SWE-HPC-MPI,86,[SWE-HPC-MPI] Distributed-memory decomposition and execution.,Deliverable,SWE-HPC,open,deferred,post_g6,Deferred,No complete acceptance evidence identified in this G6 audit; issue remains open or outside the current gate.,"MPI scaling, CPU affinity and GPU feasibility after G6",Keep open; mark post-G6 in reconciliation ledger and Project fields where supported.
SWE-HPC-GPU,87,[SWE-HPC-GPU] GPU execution backend after profiling and interface stabilisation.,Deliverable,SWE-HPC,open,deferred,post_g6,Deferred,No complete acceptance evidence identified in this G6 audit; issue remains open or outside the current gate.,"MPI scaling, CPU affinity and GPU feasibility after G6",Keep open; mark post-G6 in reconciliation ledger and Project fields where supported.
SWE-HPC-AIO,88,[SWE-HPC-AIO] Bounded asynchronous and parallel I/O optimisation.,Deliverable,SWE-HPC,open,deferred,post_g6,Deferred,No complete acceptance evidence identified in this G6 audit; issue remains open or outside the current gate.,"MPI scaling, CPU affinity and GPU feasibility after G6",Keep open; mark post-G6 in reconciliation ledger and Project fields where supported.
SWE-STR-LOD,89,[SWE-STR-LOD] Fluid-to-structure hydrodynamic load-transfer interface.,Deliverable,SWE-STR,open,deferred,post_g6,Deferred,No complete acceptance evidence identified in this G6 audit; issue remains open or outside the current gate.,acceptance evidence remains to be produced in the owning workstream,No automatic issue mutation; preserve current state.
SWE-STR-MAT,90,[SWE-STR-MAT] Material and structural-model adapter.,Deliverable,SWE-STR,open,deferred,post_g6,Deferred,No complete acceptance evidence identified in this G6 audit; issue remains open or outside the current gate.,acceptance evidence remains to be produced in the owning workstream,No automatic issue mutation; preserve current state.
SWE-STR-FEM,91,[SWE-STR-FEM] Deformable structural discretisation and solver.,Deliverable,SWE-STR,open,deferred,post_g6,Deferred,No complete acceptance evidence identified in this G6 audit; issue remains open or outside the current gate.,acceptance evidence remains to be produced in the owning workstream,No automatic issue mutation; preserve current state.
SWE-STR-DMG,92,"[SWE-STR-DMG] Damage, failure and material-response extension.",Deliverable,SWE-STR,open,deferred,post_g6,Deferred,No complete acceptance evidence identified in this G6 audit; issue remains open or outside the current gate.,acceptance evidence remains to be produced in the owning workstream,No automatic issue mutation; preserve current state.
SWE-STR-FSI,93,[SWE-STR-FSI] Two-way fluid--structure coupling and feedback.,Deliverable,SWE-STR,open,deferred,post_g6,Deferred,No complete acceptance evidence identified in this G6 audit; issue remains open or outside the current gate.,acceptance evidence remains to be produced in the owning workstream,No automatic issue mutation; preserve current state.
SWE-REL-CI,94,"[SWE-REL-CI] Automated configure, build, test and artefact workflows.",Deliverable,SWE-REL,open,partial,excluded_from_current_scope,Deferred,No complete acceptance evidence identified in this G6 audit; issue remains open or outside the current gate.,acceptance evidence remains to be produced in the owning workstream,No automatic issue mutation; preserve current state.
SWE-REL-PKG,95,[SWE-REL-PKG] Cross-platform application and runtime packaging.,Deliverable,SWE-REL,open,partial,excluded_from_current_scope,Deferred,No complete acceptance evidence identified in this G6 audit; issue remains open or outside the current gate.,acceptance evidence remains to be produced in the owning workstream,No automatic issue mutation; preserve current state.
SWE-REL-DOC,96,"[SWE-REL-DOC] Developer, user, case-schema and scientific-software documentation.",Deliverable,SWE-REL,open,partial,excluded_from_current_scope,Deferred,No complete acceptance evidence identified in this G6 audit; issue remains open or outside the current gate.,acceptance evidence remains to be produced in the owning workstream,No automatic issue mutation; preserve current state.
SWE-REL-REP,97,"[SWE-REL-REP] Versioned reproducibility bundle containing configuration, manifests, environment, test evidence and release artefacts.",Deliverable,SWE-REL,open,partial,excluded_from_current_scope,Deferred,No complete acceptance evidence identified in this G6 audit; issue remains open or outside the current gate.,acceptance evidence remains to be produced in the owning workstream,No automatic issue mutation; preserve current state.
SWE-ENV-STACK-WP1,98,[SWE-ENV-STACK-WP1] Confirm the production software stack,Work Package,SWE-ENV-STACK,closed,complete_native,excluded_from_current_scope,Native,Issue is already closed with state_reason=completed; existing closure evidence is retained in GitHub comments or linked PRs where available.,,No automatic issue mutation; preserve current state.
SWE-ENV-STACK-WP1-T1,99,[SWE-ENV-STACK-WP1-T1] Map required capabilities to mandatory and optional dependencies.,Task,SWE-ENV-STACK-WP1,closed,complete_native,excluded_from_current_scope,Native,Issue is already closed with state_reason=completed; existing closure evidence is retained in GitHub comments or linked PRs where available.,,No automatic issue mutation; preserve current state.
SWE-ENV-STACK-WP1-T2,100,"[SWE-ENV-STACK-WP1-T2] Record selected libraries, versions, alternatives and deferred components.",Task,SWE-ENV-STACK-WP1,closed,complete_native,excluded_from_current_scope,Native,Issue is already closed with state_reason=completed; existing closure evidence is retained in GitHub comments or linked PRs where available.,,No automatic issue mutation; preserve current state.
SWE-ENV-STACK-WP1-T3,101,[SWE-ENV-STACK-WP1-T3] Approve the stack decision register and downstream ownership.,Task,SWE-ENV-STACK-WP1,closed,complete_native,excluded_from_current_scope,Native,Issue is already closed with state_reason=completed; existing closure evidence is retained in GitHub comments or linked PRs where available.,,No automatic issue mutation; preserve current state.
SWE-ENV-BLD-WP1,102,[SWE-ENV-BLD-WP1] Create the target-based CMake scaffold,Work Package,SWE-ENV-BLD,closed,complete_native,excluded_from_current_scope,Native,Issue is already closed with state_reason=completed; existing closure evidence is retained in GitHub comments or linked PRs where available.,,No automatic issue mutation; preserve current state.
SWE-ENV-BLD-WP1-T1,103,[SWE-ENV-BLD-WP1-T1] Define the CMake/C++20 baseline and root project configuration.,Task,SWE-ENV-BLD-WP1,closed,complete_native,excluded_from_current_scope,Native,Issue is already closed with state_reason=completed; existing closure evidence is retained in GitHub comments or linked PRs where available.,,No automatic issue mutation; preserve current state.
SWE-ENV-BLD-WP1-T2,104,"[SWE-ENV-BLD-WP1-T2] Create library, CLI, Qt application and test target skeletons.",Task,SWE-ENV-BLD-WP1,closed,complete_native,excluded_from_current_scope,Native,Issue is already closed with state_reason=completed; existing closure evidence is retained in GitHub comments or linked PRs where available.,,No automatic issue mutation; preserve current state.
SWE-ENV-BLD-WP1-T3,105,"[SWE-ENV-BLD-WP1-T3] Apply target-scoped include paths, compile features and warnings.",Task,SWE-ENV-BLD-WP1,closed,complete_native,excluded_from_current_scope,Native,Issue is already closed with state_reason=completed; existing closure evidence is retained in GitHub comments or linked PRs where available.,,No automatic issue mutation; preserve current state.
SWE-ENV-DEP-WP1,106,[SWE-ENV-DEP-WP1] Establish reproducible dependency acquisition,Work Package,SWE-ENV-DEP,closed,complete_native,excluded_from_current_scope,Native,Issue is already closed with state_reason=completed; existing closure evidence is retained in GitHub comments or linked PRs where available.,,No automatic issue mutation; preserve current state.
SWE-ENV-DEP-WP1-T1,107,[SWE-ENV-DEP-WP1-T1] Create the dependency manifest and pinned baseline.,Task,SWE-ENV-DEP-WP1,closed,complete_native,excluded_from_current_scope,Native,Issue is already closed with state_reason=completed; existing closure evidence is retained in GitHub comments or linked PRs where available.,,No automatic issue mutation; preserve current state.
SWE-ENV-DEP-WP1-T2,108,"[SWE-ENV-DEP-WP1-T2] Separate mandatory, GUI, geospatial, test and optional feature groups.",Task,SWE-ENV-DEP-WP1,closed,complete_native,excluded_from_current_scope,Native,Issue is already closed with state_reason=completed; existing closure evidence is retained in GitHub comments or linked PRs where available.,,No automatic issue mutation; preserve current state.
SWE-ENV-DEP-WP1-T3,109,[SWE-ENV-DEP-WP1-T3] Document supported acquisition and cache behaviour.,Task,SWE-ENV-DEP-WP1,closed,complete_native,excluded_from_current_scope,Native,Issue is already closed with state_reason=completed; existing closure evidence is retained in GitHub comments or linked PRs where available.,,No automatic issue mutation; preserve current state.
SWE-ENV-PRS-WP1,110,"[SWE-ENV-PRS-WP1] Define shared configure, build and test presets",Work Package,SWE-ENV-PRS,closed,complete_native,excluded_from_current_scope,Native,Issue is already closed with state_reason=completed; existing closure evidence is retained in GitHub comments or linked PRs where available.,,No automatic issue mutation; preserve current state.
SWE-ENV-PRS-WP1-T1,111,"[SWE-ENV-PRS-WP1-T1] Create developer, release and CI configure presets.",Task,SWE-ENV-PRS-WP1,closed,complete_native,excluded_from_current_scope,Native,Issue is already closed with state_reason=completed; existing closure evidence is retained in GitHub comments or linked PRs where available.,,No automatic issue mutation; preserve current state.
SWE-ENV-PRS-WP1-T2,112,[SWE-ENV-PRS-WP1-T2] Create matching build and test presets with platform inheritance.,Task,SWE-ENV-PRS-WP1,closed,complete_native,excluded_from_current_scope,Native,Issue is already closed with state_reason=completed; existing closure evidence is retained in GitHub comments or linked PRs where available.,,No automatic issue mutation; preserve current state.
SWE-ENV-PRS-WP1-T3,113,[SWE-ENV-PRS-WP1-T3] Document preset selection and local override rules.,Task,SWE-ENV-PRS-WP1,closed,complete_native,excluded_from_current_scope,Native,Issue is already closed with state_reason=completed; existing closure evidence is retained in GitHub comments or linked PRs where available.,,No automatic issue mutation; preserve current state.
SWE-ENV-LIC-WP1,114,[SWE-ENV-LIC-WP1] Create the dependency licence register,Work Package,SWE-ENV-LIC,closed,complete_native,excluded_from_current_scope,Native,Issue is already closed with state_reason=completed; existing closure evidence is retained in GitHub comments or linked PRs where available.,,No automatic issue mutation; preserve current state.
SWE-ENV-LIC-WP1-T1,115,"[SWE-ENV-LIC-WP1-T1] Capture licence identifier, source and notice requirements for each dependency.",Task,SWE-ENV-LIC-WP1,closed,complete_native,excluded_from_current_scope,Native,Issue is already closed with state_reason=completed; existing closure evidence is retained in GitHub comments or linked PRs where available.,,No automatic issue mutation; preserve current state.
SWE-ENV-LIC-WP1-T2,116,"[SWE-ENV-LIC-WP1-T2] Record linking, redistribution and runtime-library implications.",Task,SWE-ENV-LIC-WP1,closed,complete_native,excluded_from_current_scope,Native,Issue is already closed with state_reason=completed; existing closure evidence is retained in GitHub comments or linked PRs where available.,,No automatic issue mutation; preserve current state.
SWE-ENV-LIC-WP1-T3,117,[SWE-ENV-LIC-WP1-T3] Define release-time licence verification.,Task,SWE-ENV-LIC-WP1,closed,complete_native,excluded_from_current_scope,Native,Issue is already closed with state_reason=completed; existing closure evidence is retained in GitHub comments or linked PRs where available.,,No automatic issue mutation; preserve current state.
SWE-ENV-SMK-WP1,118,[SWE-ENV-SMK-WP1] Implement the clean-clone smoke test,Work Package,SWE-ENV-SMK,open,partial,excluded_from_current_scope,Deferred,No complete acceptance evidence identified in this G6 audit; issue remains open or outside the current gate.,acceptance evidence remains to be produced in the owning workstream,No automatic issue mutation; preserve current state.
SWE-ENV-SMK-WP1-T1,119,[SWE-ENV-SMK-WP1-T1] Define a clean environment and dependency restoration procedure.,Task,SWE-ENV-SMK-WP1,open,partial,excluded_from_current_scope,Deferred,No complete acceptance evidence identified in this G6 audit; issue remains open or outside the current gate.,acceptance evidence remains to be produced in the owning workstream,No automatic issue mutation; preserve current state.
SWE-ENV-SMK-WP1-T2,120,"[SWE-ENV-SMK-WP1-T2] Build the core, CLI, Qt shell and test targets from that environment.",Task,SWE-ENV-SMK-WP1,open,partial,excluded_from_current_scope,Deferred,No complete acceptance evidence identified in this G6 audit; issue remains open or outside the current gate.,acceptance evidence remains to be produced in the owning workstream,No automatic issue mutation; preserve current state.
SWE-ENV-SMK-WP1-T3,121,[SWE-ENV-SMK-WP1-T3] Record pass/fail evidence and remediate undocumented prerequisites.,Task,SWE-ENV-SMK-WP1,open,partial,excluded_from_current_scope,Deferred,No complete acceptance evidence identified in this G6 audit; issue remains open or outside the current gate.,acceptance evidence remains to be produced in the owning workstream,No automatic issue mutation; preserve current state.
SWE-ARC-TGT-WP1,122,[SWE-ARC-TGT-WP1] Lock the target and dependency graph,Work Package,SWE-ARC-TGT,closed,complete_native,excluded_from_current_scope,Native,Issue is already closed with state_reason=completed; existing closure evidence is retained in GitHub comments or linked PRs where available.,,No automatic issue mutation; preserve current state.
SWE-ARC-TGT-WP1-T1,123,[SWE-ARC-TGT-WP1-T1] Define named CMake targets and allowed dependency directions.,Task,SWE-ARC-TGT-WP1,closed,complete_native,excluded_from_current_scope,Native,Issue is already closed with state_reason=completed; existing closure evidence is retained in GitHub comments or linked PRs where available.,,No automatic issue mutation; preserve current state.
SWE-ARC-TGT-WP1-T2,124,[SWE-ARC-TGT-WP1-T2] Identify public/private interfaces and adapter boundaries.,Task,SWE-ARC-TGT-WP1,closed,complete_native,excluded_from_current_scope,Native,Issue is already closed with state_reason=completed; existing closure evidence is retained in GitHub comments or linked PRs where available.,,No automatic issue mutation; preserve current state.
SWE-ARC-TGT-WP1-T3,125,[SWE-ARC-TGT-WP1-T3] Add a machine-checkable or reviewable dependency map.,Task,SWE-ARC-TGT-WP1,closed,complete_native,excluded_from_current_scope,Native,Issue is already closed with state_reason=completed; existing closure evidence is retained in GitHub comments or linked PRs where available.,,No automatic issue mutation; preserve current state.
SWE-ARC-LAY-WP1,126,[SWE-ARC-LAY-WP1] Lock architectural layers and ownership,Work Package,SWE-ARC-LAY,closed,complete_native,excluded_from_current_scope,Native,Issue is already closed with state_reason=completed; existing closure evidence is retained in GitHub comments or linked PRs where available.,,No automatic issue mutation; preserve current state.
SWE-ARC-LAY-WP1-T1,127,"[SWE-ARC-LAY-WP1-T1] Define core, numerical, data, geospatial, application, adapter and UI layers.",Task,SWE-ARC-LAY-WP1,closed,complete_native,excluded_from_current_scope,Native,Issue is already closed with state_reason=completed; existing closure evidence is retained in GitHub comments or linked PRs where available.,,No automatic issue mutation; preserve current state.
SWE-ARC-LAY-WP1-T2,128,[SWE-ARC-LAY-WP1-T2] Write dependency rules and prohibited coupling cases.,Task,SWE-ARC-LAY-WP1,closed,complete_native,excluded_from_current_scope,Native,Issue is already closed with state_reason=completed; existing closure evidence is retained in GitHub comments or linked PRs where available.,,No automatic issue mutation; preserve current state.
SWE-ARC-LAY-WP1-T3,129,"[SWE-ARC-LAY-WP1-T3] Record extension points for regional, local and coupling solvers.",Task,SWE-ARC-LAY-WP1,closed,complete_native,excluded_from_current_scope,Native,Issue is already closed with state_reason=completed; existing closure evidence is retained in GitHub comments or linked PRs where available.,,No automatic issue mutation; preserve current state.
SWE-ARC-CASE-WP1,130,[SWE-ARC-CASE-WP1] Define the simulation-case lifecycle,Work Package,SWE-ARC-CASE,closed,complete_native,excluded_from_current_scope,Native,Issue is already closed with state_reason=completed; existing closure evidence is retained in GitHub comments or linked PRs where available.,,No automatic issue mutation; preserve current state.
SWE-ARC-CASE-WP1-T1,131,"[SWE-ARC-CASE-WP1-T1] Define case states from creation through validation, execution and archival.",Task,SWE-ARC-CASE-WP1,open,partial,excluded_from_current_scope,Deferred,No complete acceptance evidence identified in this G6 audit; issue remains open or outside the current gate.,acceptance evidence remains to be produced in the owning workstream,No automatic issue mutation; preserve current state.
SWE-ARC-CASE-WP1-T2,132,[SWE-ARC-CASE-WP1-T2] Define the canonical case-directory and artefact layout.,Task,SWE-ARC-CASE-WP1,open,partial,excluded_from_current_scope,Deferred,No complete acceptance evidence identified in this G6 audit; issue remains open or outside the current gate.,acceptance evidence remains to be produced in the owning workstream,No automatic issue mutation; preserve current state.
SWE-ARC-CASE-WP1-T3,133,"[SWE-ARC-CASE-WP1-T3] Define schema-version, provenance and restart compatibility rules.",Task,SWE-ARC-CASE-WP1,open,partial,excluded_from_current_scope,Deferred,No complete acceptance evidence identified in this G6 audit; issue remains open or outside the current gate.,acceptance evidence remains to be produced in the owning workstream,No automatic issue mutation; preserve current state.
SWE-ARC-API-WP1,134,[SWE-ARC-API-WP1] Define stable core interface contracts,Work Package,SWE-ARC-API,closed,complete_native,excluded_from_current_scope,Native,Issue is already closed with state_reason=completed; existing closure evidence is retained in GitHub comments or linked PRs where available.,,No automatic issue mutation; preserve current state.
SWE-ARC-API-WP1-T1,135,"[SWE-ARC-API-WP1-T1] Specify mesh, field, I/O, solver, coupling and observer interface responsibilities.",Task,SWE-ARC-API-WP1,closed,complete_native,excluded_from_current_scope,Native,Issue is already closed with state_reason=completed; existing closure evidence is retained in GitHub comments or linked PRs where available.,,No automatic issue mutation; preserve current state.
SWE-ARC-API-WP1-T2,136,"[SWE-ARC-API-WP1-T2] Specify ownership, mutability, lifetime and error contracts.",Task,SWE-ARC-API-WP1,closed,complete_native,excluded_from_current_scope,Native,Issue is already closed with state_reason=completed; existing closure evidence is retained in GitHub comments or linked PRs where available.,,No automatic issue mutation; preserve current state.
SWE-ARC-API-WP1-T3,137,[SWE-ARC-API-WP1-T3] Create interface stubs or headers sufficient for dependent target compilation.,Task,SWE-ARC-API-WP1,closed,complete_native,excluded_from_current_scope,Native,Issue is already closed with state_reason=completed; existing closure evidence is retained in GitHub comments or linked PRs where available.,,No automatic issue mutation; preserve current state.
SWE-ARC-SVC-WP1,138,[SWE-ARC-SVC-WP1] Define the shared application-service contract,Work Package,SWE-ARC-SVC,closed,complete_native,excluded_from_current_scope,Native,Issue is already closed with state_reason=completed; existing closure evidence is retained in GitHub comments or linked PRs where available.,,No automatic issue mutation; preserve current state.
SWE-ARC-SVC-WP1-T1,139,"[SWE-ARC-SVC-WP1-T1] Specify case validation, run preparation, launch, cancellation and result-discovery operations.",Task,SWE-ARC-SVC-WP1,closed,complete_native,excluded_from_current_scope,Native,Issue is already closed with state_reason=completed; existing closure evidence is retained in GitHub comments or linked PRs where available.,,No automatic issue mutation; preserve current state.
SWE-ARC-SVC-WP1-T2,140,[SWE-ARC-SVC-WP1-T2] Define identical orchestration entry points for CLI and GUI adapters.,Task,SWE-ARC-SVC-WP1,closed,complete_native,excluded_from_current_scope,Native,Issue is already closed with state_reason=completed; existing closure evidence is retained in GitHub comments or linked PRs where available.,,No automatic issue mutation; preserve current state.
SWE-ARC-SVC-WP1-T3,141,[SWE-ARC-SVC-WP1-T3] Create a no-solver service stub for smoke testing.,Task,SWE-ARC-SVC-WP1,closed,complete_native,excluded_from_current_scope,Native,Issue is already closed with state_reason=completed; existing closure evidence is retained in GitHub comments or linked PRs where available.,,No automatic issue mutation; preserve current state.
SWE-ARC-ERR-WP1,142,[SWE-ARC-ERR-WP1] Define diagnostics and failure propagation,Work Package,SWE-ARC-ERR,closed,complete_native,excluded_from_current_scope,Native,Issue is already closed with state_reason=completed; existing closure evidence is retained in GitHub comments or linked PRs where available.,,No automatic issue mutation; preserve current state.
SWE-ARC-ERR-WP1-T1,143,"[SWE-ARC-ERR-WP1-T1] Define error categories, status objects and severity levels.",Task,SWE-ARC-ERR-WP1,closed,complete_native,excluded_from_current_scope,Native,Issue is already closed with state_reason=completed; existing closure evidence is retained in GitHub comments or linked PRs where available.,,No automatic issue mutation; preserve current state.
SWE-ARC-ERR-WP1-T2,144,"[SWE-ARC-ERR-WP1-T2] Define structured logging, cancellation and contextual diagnostic rules.",Task,SWE-ARC-ERR-WP1,closed,complete_native,excluded_from_current_scope,Native,Issue is already closed with state_reason=completed; existing closure evidence is retained in GitHub comments or linked PRs where available.,,No automatic issue mutation; preserve current state.
SWE-ARC-ERR-WP1-T3,145,[SWE-ARC-ERR-WP1-T3] Implement a minimal diagnostic path from core to CLI and GUI.,Task,SWE-ARC-ERR-WP1,closed,complete_native,excluded_from_current_scope,Native,Issue is already closed with state_reason=completed; existing closure evidence is retained in GitHub comments or linked PRs where available.,,No automatic issue mutation; preserve current state.
SWE-GUI-SHL-WP1,146,[SWE-GUI-SHL-WP1] Create the Qt Quick application shell,Work Package,SWE-GUI-SHL,closed,complete_native,excluded_from_current_scope,Native,Issue is already closed with state_reason=completed; existing closure evidence is retained in GitHub comments or linked PRs where available.,deferred until after theoretical-model gate and calibration readiness,Keep open if open; mark deferred/excluded in reconciliation ledger and Project fields where supported.
SWE-GUI-SHL-WP1-T1,147,[SWE-GUI-SHL-WP1-T1] Create the Qt Quick/QML application target and resource structure.,Task,SWE-GUI-SHL-WP1,closed,complete_native,excluded_from_current_scope,Native,Issue is already closed with state_reason=completed; existing closure evidence is retained in GitHub comments or linked PRs where available.,deferred until after theoretical-model gate and calibration readiness,Keep open if open; mark deferred/excluded in reconciliation ledger and Project fields where supported.
SWE-GUI-SHL-WP1-T2,148,"[SWE-GUI-SHL-WP1-T2] Implement navigation placeholders for data, domain, mesh, physics, solver, run and post-processing.",Task,SWE-GUI-SHL-WP1,closed,complete_native,excluded_from_current_scope,Native,Issue is already closed with state_reason=completed; existing closure evidence is retained in GitHub comments or linked PRs where available.,deferred until after theoretical-model gate and calibration readiness,Keep open if open; mark deferred/excluded in reconciliation ledger and Project fields where supported.
SWE-GUI-SHL-WP1-T3,149,[SWE-GUI-SHL-WP1-T3] Connect the shell to the application-service and diagnostic stubs.,Task,SWE-GUI-SHL-WP1,closed,complete_native,excluded_from_current_scope,Native,Issue is already closed with state_reason=completed; existing closure evidence is retained in GitHub comments or linked PRs where available.,deferred until after theoretical-model gate and calibration readiness,Keep open if open; mark deferred/excluded in reconciliation ledger and Project fields where supported.
SWE-VER-UNIT-WP1,150,[SWE-VER-UNIT-WP1] Establish the unit and smoke-test framework,Work Package,SWE-VER-UNIT,open,partial,g6_required,Deferred,No complete acceptance evidence identified in this G6 audit; issue remains open or outside the current gate.,acceptance evidence remains to be produced in the owning workstream,No automatic issue mutation; preserve current state.
SWE-VER-UNIT-WP1-T1,151,[SWE-VER-UNIT-WP1-T1] Select and integrate the C++ test framework.,Task,SWE-VER-UNIT-WP1,open,partial,g6_required,Deferred,No complete acceptance evidence identified in this G6 audit; issue remains open or outside the current gate.,acceptance evidence remains to be produced in the owning workstream,No automatic issue mutation; preserve current state.
SWE-VER-UNIT-WP1-T2,152,"[SWE-VER-UNIT-WP1-T2] Create representative core, configuration and adapter smoke tests.",Task,SWE-VER-UNIT-WP1,open,partial,g6_required,Deferred,No complete acceptance evidence identified in this G6 audit; issue remains open or outside the current gate.,acceptance evidence remains to be produced in the owning workstream,No automatic issue mutation; preserve current state.
SWE-VER-UNIT-WP1-T3,153,[SWE-VER-UNIT-WP1-T3] Register tests through CTest and presets.,Task,SWE-VER-UNIT-WP1,open,partial,g6_required,Deferred,No complete acceptance evidence identified in this G6 audit; issue remains open or outside the current gate.,acceptance evidence remains to be produced in the owning workstream,No automatic issue mutation; preserve current state.
SWE-REL-CI-WP1,154,[SWE-REL-CI-WP1] Create the baseline CI workflow,Work Package,SWE-REL-CI,open,partial,excluded_from_current_scope,Deferred,No complete acceptance evidence identified in this G6 audit; issue remains open or outside the current gate.,acceptance evidence remains to be produced in the owning workstream,No automatic issue mutation; preserve current state.
SWE-REL-CI-WP1-T1,155,"[SWE-REL-CI-WP1-T1] Configure clean checkout, dependency restore and preset-based build.",Task,SWE-REL-CI-WP1,open,partial,excluded_from_current_scope,Deferred,No complete acceptance evidence identified in this G6 audit; issue remains open or outside the current gate.,acceptance evidence remains to be produced in the owning workstream,No automatic issue mutation; preserve current state.
SWE-REL-CI-WP1-T2,156,[SWE-REL-CI-WP1-T2] Run smoke/unit tests and retain diagnostic artefacts on failure.,Task,SWE-REL-CI-WP1,open,partial,excluded_from_current_scope,Deferred,No complete acceptance evidence identified in this G6 audit; issue remains open or outside the current gate.,acceptance evidence remains to be produced in the owning workstream,No automatic issue mutation; preserve current state.
SWE-REL-CI-WP1-T3,157,[SWE-REL-CI-WP1-T3] Document branch and pull-request quality gates.,Task,SWE-REL-CI-WP1,open,partial,excluded_from_current_scope,Deferred,No complete acceptance evidence identified in this G6 audit; issue remains open or outside the current gate.,acceptance evidence remains to be produced in the owning workstream,No automatic issue mutation; preserve current state.
SWE-DAT-CFG-WP1,158,[SWE-DAT-CFG-WP1] Implement the versioned case schema,Work Package,SWE-DAT-CFG,closed,complete_native,g6_required,Native + external library,Issue is already closed with state_reason=completed; existing closure evidence is retained in GitHub comments or linked PRs where available.,,No automatic issue mutation; preserve current state.
SWE-DAT-CFG-WP1-T1,159,[SWE-DAT-CFG-WP1-T1] Define the minimum G1 case structure and schema version.,Task,SWE-DAT-CFG-WP1,closed,complete_native,g6_required,Native + external library,Issue is already closed with state_reason=completed; existing closure evidence is retained in GitHub comments or linked PRs where available.,,No automatic issue mutation; preserve current state.
SWE-DAT-CFG-WP1-T2,160,"[SWE-DAT-CFG-WP1-T2] Implement parsing, semantic validation and contextual diagnostics.",Task,SWE-DAT-CFG-WP1,closed,complete_native,g6_required,Native + external library,Issue is already closed with state_reason=completed; existing closure evidence is retained in GitHub comments or linked PRs where available.,,No automatic issue mutation; preserve current state.
SWE-DAT-CFG-WP1-T3,161,"[SWE-DAT-CFG-WP1-T3] Create valid, invalid and migration fixture cases.",Task,SWE-DAT-CFG-WP1,closed,complete_native,g6_required,Native + external library,Issue is already closed with state_reason=completed; existing closure evidence is retained in GitHub comments or linked PRs where available.,,No automatic issue mutation; preserve current state.
SWE-DAT-MAN-WP1,162,[SWE-DAT-MAN-WP1] Implement the dataset and provenance manifest,Work Package,SWE-DAT-MAN,closed,complete_native,g6_required,Native + external library,Issue is already closed with state_reason=completed; existing closure evidence is retained in GitHub comments or linked PRs where available.,,No automatic issue mutation; preserve current state.
SWE-DAT-MAN-WP1-T1,163,"[SWE-DAT-MAN-WP1-T1] Define source, provider, licence, CRS, vertical datum, resolution and processing records.",Task,SWE-DAT-MAN-WP1,closed,complete_native,g6_required,Native + external library,Issue is already closed with state_reason=completed; existing closure evidence is retained in GitHub comments or linked PRs where available.,,No automatic issue mutation; preserve current state.
SWE-DAT-MAN-WP1-T2,164,[SWE-DAT-MAN-WP1-T2] Implement manifest validation and generated-artefact lineage.,Task,SWE-DAT-MAN-WP1,closed,complete_native,g6_required,Native + external library,Issue is already closed with state_reason=completed; existing closure evidence is retained in GitHub comments or linked PRs where available.,,No automatic issue mutation; preserve current state.
SWE-DAT-MAN-WP1-T3,165,[SWE-DAT-MAN-WP1-T3] Create a sample Tohoku/corridor manifest fixture.,Task,SWE-DAT-MAN-WP1,closed,complete_native,g6_required,Native + external library,Issue is already closed with state_reason=completed; existing closure evidence is retained in GitHub comments or linked PRs where available.,,No automatic issue mutation; preserve current state.
SWE-DAT-SCH-WP1,166,[SWE-DAT-SCH-WP1] Define and implement the G1 HDF5 schema,Work Package,SWE-DAT-SCH,open,not_started,post_g6,Deferred,No complete acceptance evidence identified in this G6 audit; issue remains open or outside the current gate.,"versioned HDF5 schema, adapters and compatibility checks",No automatic issue mutation; preserve current state.
SWE-DAT-SCH-WP1-T1,167,"[SWE-DAT-SCH-WP1-T1] Define mesh, patch, field, metadata and provenance groups.",Task,SWE-DAT-SCH-WP1,open,not_started,post_g6,Deferred,No complete acceptance evidence identified in this G6 audit; issue remains open or outside the current gate.,"versioned HDF5 schema, adapters and compatibility checks",No automatic issue mutation; preserve current state.
SWE-DAT-SCH-WP1-T2,168,[SWE-DAT-SCH-WP1-T2] Implement write/read adapters for the G1 topology and sample fields.,Task,SWE-DAT-SCH-WP1,open,not_started,post_g6,Deferred,No complete acceptance evidence identified in this G6 audit; issue remains open or outside the current gate.,"versioned HDF5 schema, adapters and compatibility checks",No automatic issue mutation; preserve current state.
SWE-DAT-SCH-WP1-T3,169,[SWE-DAT-SCH-WP1-T3] Version the schema and create compatibility checks.,Task,SWE-DAT-SCH-WP1,open,not_started,post_g6,Deferred,No complete acceptance evidence identified in this G6 audit; issue remains open or outside the current gate.,"versioned HDF5 schema, adapters and compatibility checks",No automatic issue mutation; preserve current state.
SWE-DAT-XDMF-WP1,170,[SWE-DAT-XDMF-WP1] Generate XDMF descriptors for G1 outputs,Work Package,SWE-DAT-XDMF,open,not_started,post_g6,Deferred,No complete acceptance evidence identified in this G6 audit; issue remains open or outside the current gate.,HDF5-backed XDMF descriptors and validation,No automatic issue mutation; preserve current state.
SWE-DAT-XDMF-WP1-T1,171,"[SWE-DAT-XDMF-WP1-T1] Map HDF5 topology, geometry and field datasets into XDMF.",Task,SWE-DAT-XDMF-WP1,open,not_started,post_g6,Deferred,No complete acceptance evidence identified in this G6 audit; issue remains open or outside the current gate.,HDF5-backed XDMF descriptors and validation,No automatic issue mutation; preserve current state.
SWE-DAT-XDMF-WP1-T2,172,[SWE-DAT-XDMF-WP1-T2] Generate temporal/static metadata required by ParaView.,Task,SWE-DAT-XDMF-WP1,open,not_started,post_g6,Deferred,No complete acceptance evidence identified in this G6 audit; issue remains open or outside the current gate.,HDF5-backed XDMF descriptors and validation,No automatic issue mutation; preserve current state.
SWE-DAT-XDMF-WP1-T3,173,[SWE-DAT-XDMF-WP1-T3] Validate the descriptor against the sample HDF5 case.,Task,SWE-DAT-XDMF-WP1,open,not_started,post_g6,Deferred,No complete acceptance evidence identified in this G6 audit; issue remains open or outside the current gate.,HDF5-backed XDMF descriptors and validation,No automatic issue mutation; preserve current state.
SWE-FVM-MSH-WP1,174,[SWE-FVM-MSH-WP1] Implement the shared control-volume topology,Work Package,SWE-FVM-MSH,closed,complete_native,excluded_from_current_scope,Native,Issue is already closed with state_reason=completed; existing closure evidence is retained in GitHub comments or linked PRs where available.,,No automatic issue mutation; preserve current state.
SWE-FVM-MSH-WP1-T1,175,"[SWE-FVM-MSH-WP1-T1] Define cell, face, owner/neighbour, patch and discrete-geometry records.",Task,SWE-FVM-MSH-WP1,closed,complete_native,excluded_from_current_scope,Native,Issue is already closed with state_reason=completed; existing closure evidence is retained in GitHub comments or linked PRs where available.,,No automatic issue mutation; preserve current state.
SWE-FVM-MSH-WP1-T2,176,[SWE-FVM-MSH-WP1-T2] Implement topology construction and invariant checks from imported mesh data.,Task,SWE-FVM-MSH-WP1,closed,complete_native,excluded_from_current_scope,Native,Issue is already closed with state_reason=completed; existing closure evidence is retained in GitHub comments or linked PRs where available.,,No automatic issue mutation; preserve current state.
SWE-FVM-MSH-WP1-T3,177,[SWE-FVM-MSH-WP1-T3] Create a small tagged reference mesh fixture.,Task,SWE-FVM-MSH-WP1,closed,complete_native,excluded_from_current_scope,Native,Issue is already closed with state_reason=completed; existing closure evidence is retained in GitHub comments or linked PRs where available.,,No automatic issue mutation; preserve current state.
SWE-FVM-FLD-WP1,178,[SWE-FVM-FLD-WP1] Implement typed field containers,Work Package,SWE-FVM-FLD,closed,complete_native,excluded_from_current_scope,Native,Issue is already closed with state_reason=completed; existing closure evidence is retained in GitHub comments or linked PRs where available.,,No automatic issue mutation; preserve current state.
SWE-FVM-FLD-WP1-T1,179,"[SWE-FVM-FLD-WP1-T1] Define scalar/vector field storage with cell, face and patch locations.",Task,SWE-FVM-FLD-WP1,closed,complete_native,excluded_from_current_scope,Native,Issue is already closed with state_reason=completed; existing closure evidence is retained in GitHub comments or linked PRs where available.,,No automatic issue mutation; preserve current state.
SWE-FVM-FLD-WP1-T2,180,"[SWE-FVM-FLD-WP1-T2] Implement sizing, metadata, access and topology-compatibility checks.",Task,SWE-FVM-FLD-WP1,closed,complete_native,excluded_from_current_scope,Native,Issue is already closed with state_reason=completed; existing closure evidence is retained in GitHub comments or linked PRs where available.,,No automatic issue mutation; preserve current state.
SWE-FVM-FLD-WP1-T3,181,[SWE-FVM-FLD-WP1-T3] Populate deterministic sample fields on the reference mesh.,Task,SWE-FVM-FLD-WP1,closed,complete_native,excluded_from_current_scope,Native,Issue is already closed with state_reason=completed; existing closure evidence is retained in GitHub comments or linked PRs where available.,,No automatic issue mutation; preserve current state.
SWE-FVM-BC-WP1,182,[SWE-FVM-BC-WP1] Implement the boundary-patch framework,Work Package,SWE-FVM-BC,closed,complete_native,excluded_from_current_scope,Native,Issue is already closed with state_reason=completed; existing closure evidence is retained in GitHub comments or linked PRs where available.,,No automatic issue mutation; preserve current state.
SWE-FVM-BC-WP1-T1,183,"[SWE-FVM-BC-WP1-T1] Define patch identity, type, entity membership and metadata.",Task,SWE-FVM-BC-WP1,closed,complete_native,excluded_from_current_scope,Native,Issue is already closed with state_reason=completed; existing closure evidence is retained in GitHub comments or linked PRs where available.,,No automatic issue mutation; preserve current state.
SWE-FVM-BC-WP1-T2,184,[SWE-FVM-BC-WP1-T2] Define a generic boundary-condition interface without solver-specific equations.,Task,SWE-FVM-BC-WP1,closed,complete_native,excluded_from_current_scope,Native,Issue is already closed with state_reason=completed; existing closure evidence is retained in GitHub comments or linked PRs where available.,,No automatic issue mutation; preserve current state.
SWE-FVM-BC-WP1-T3,185,"[SWE-FVM-BC-WP1-T3] Create fixed-value, zero-gradient and named-placeholder fixtures.",Task,SWE-FVM-BC-WP1,closed,complete_native,excluded_from_current_scope,Native,Issue is already closed with state_reason=completed; existing closure evidence is retained in GitHub comments or linked PRs where available.,,No automatic issue mutation; preserve current state.
SWE-FVM-NUM-WP1,186,[SWE-FVM-NUM-WP1] Implement G1 interpolation and gradient primitives,Work Package,SWE-FVM-NUM,closed,complete_native,excluded_from_current_scope,Native,Issue is already closed with state_reason=completed; existing closure evidence is retained in GitHub comments or linked PRs where available.,,No automatic issue mutation; preserve current state.
SWE-FVM-NUM-WP1-T1,187,[SWE-FVM-NUM-WP1-T1] Implement cell-to-face interpolation required for inspection fixtures.,Task,SWE-FVM-NUM-WP1,closed,complete_native,excluded_from_current_scope,Native,Issue is already closed with state_reason=completed; existing closure evidence is retained in GitHub comments or linked PRs where available.,,No automatic issue mutation; preserve current state.
SWE-FVM-NUM-WP1-T2,188,[SWE-FVM-NUM-WP1-T2] Implement a basic gradient operator on the reference mesh.,Task,SWE-FVM-NUM-WP1,closed,complete_native,excluded_from_current_scope,Native,Issue is already closed with state_reason=completed; existing closure evidence is retained in GitHub comments or linked PRs where available.,,No automatic issue mutation; preserve current state.
SWE-FVM-NUM-WP1-T3,189,[SWE-FVM-NUM-WP1-T3] Verify exactness/consistency using constant and linear manufactured fields.,Task,SWE-FVM-NUM-WP1,closed,complete_native,excluded_from_current_scope,Native,Issue is already closed with state_reason=completed; existing closure evidence is retained in GitHub comments or linked PRs where available.,,No automatic issue mutation; preserve current state.
SWE-GEO-IMP-WP1,190,[SWE-GEO-IMP-WP1] Implement sample raster/vector import adapters,Work Package,SWE-GEO-IMP,closed,complete_native,g6_required,Native + external library,"PR #271 / merge commit 1ba6475 constructs the Kamaishi corridor, CRS target, terrain conditioning and nearshore interface in cases/kamaishi_delivery/case_spec.json and tools/cases/kamaishi_delivery.py.",,No automatic issue mutation; preserve current state.
SWE-GEO-IMP-WP1-T1,191,[SWE-GEO-IMP-WP1-T1] Read the selected G1 raster and vector fixture formats.,Task,SWE-GEO-IMP-WP1,closed,complete_native,g6_required,Native + external library,"PR #271 / merge commit 1ba6475 constructs the Kamaishi corridor, CRS target, terrain conditioning and nearshore interface in cases/kamaishi_delivery/case_spec.json and tools/cases/kamaishi_delivery.py.",,No automatic issue mutation; preserve current state.
SWE-GEO-IMP-WP1-T2,192,"[SWE-GEO-IMP-WP1-T2] Extract CRS, extent, resolution, nodata and source metadata.",Task,SWE-GEO-IMP-WP1,closed,complete_native,g6_required,Native + external library,"PR #271 / merge commit 1ba6475 constructs the Kamaishi corridor, CRS target, terrain conditioning and nearshore interface in cases/kamaishi_delivery/case_spec.json and tools/cases/kamaishi_delivery.py.",,No automatic issue mutation; preserve current state.
SWE-GEO-IMP-WP1-T3,193,[SWE-GEO-IMP-WP1-T3] Emit canonical import records linked to the dataset manifest.,Task,SWE-GEO-IMP-WP1,closed,complete_native,g6_required,Native + external library,"PR #271 / merge commit 1ba6475 constructs the Kamaishi corridor, CRS target, terrain conditioning and nearshore interface in cases/kamaishi_delivery/case_spec.json and tools/cases/kamaishi_delivery.py.",,No automatic issue mutation; preserve current state.
SWE-GEO-CRS-WP1,194,[SWE-GEO-CRS-WP1] Implement coordinate and datum transformation handling,Work Package,SWE-GEO-CRS,closed,complete_native,g6_required,Native + external library,"PR #271 / merge commit 1ba6475 constructs the Kamaishi corridor, CRS target, terrain conditioning and nearshore interface in cases/kamaishi_delivery/case_spec.json and tools/cases/kamaishi_delivery.py.",,No automatic issue mutation; preserve current state.
SWE-GEO-CRS-WP1-T1,195,[SWE-GEO-CRS-WP1-T1] Define the WGS84-to-metric corridor transformation workflow.,Task,SWE-GEO-CRS-WP1,closed,complete_native,g6_required,Native + external library,"PR #271 / merge commit 1ba6475 constructs the Kamaishi corridor, CRS target, terrain conditioning and nearshore interface in cases/kamaishi_delivery/case_spec.json and tools/cases/kamaishi_delivery.py.",,No automatic issue mutation; preserve current state.
SWE-GEO-CRS-WP1-T2,196,[SWE-GEO-CRS-WP1-T2] Apply transformations while retaining source/target CRS provenance.,Task,SWE-GEO-CRS-WP1,closed,complete_native,g6_required,Native + external library,"PR #271 / merge commit 1ba6475 constructs the Kamaishi corridor, CRS target, terrain conditioning and nearshore interface in cases/kamaishi_delivery/case_spec.json and tools/cases/kamaishi_delivery.py.",,No automatic issue mutation; preserve current state.
SWE-GEO-CRS-WP1-T3,197,[SWE-GEO-CRS-WP1-T3] Create round-trip and known-point transformation tests.,Task,SWE-GEO-CRS-WP1,closed,complete_native,g6_required,Native + external library,"PR #271 / merge commit 1ba6475 constructs the Kamaishi corridor, CRS target, terrain conditioning and nearshore interface in cases/kamaishi_delivery/case_spec.json and tools/cases/kamaishi_delivery.py.",,No automatic issue mutation; preserve current state.
SWE-GEO-COR-WP1,198,[SWE-GEO-COR-WP1] Implement evidence-driven corridor construction,Work Package,SWE-GEO-COR,closed,complete_native,g6_required,Native + external library,"PR #271 / merge commit 1ba6475 constructs the Kamaishi corridor, CRS target, terrain conditioning and nearshore interface in cases/kamaishi_delivery/case_spec.json and tools/cases/kamaishi_delivery.py.",,No automatic issue mutation; preserve current state.
SWE-GEO-COR-WP1-T1,199,[SWE-GEO-COR-WP1-T1] Create epicentre/target centreline and local rotated basis construction.,Task,SWE-GEO-COR-WP1,closed,complete_native,g6_required,Native + external library,"PR #271 / merge commit 1ba6475 constructs the Kamaishi corridor, CRS target, terrain conditioning and nearshore interface in cases/kamaishi_delivery/case_spec.json and tools/cases/kamaishi_delivery.py.",,No automatic issue mutation; preserve current state.
SWE-GEO-COR-WP1-T2,200,"[SWE-GEO-COR-WP1-T2] Apply L_pre, L_inland, width and flat-ended buffering parameters.",Task,SWE-GEO-COR-WP1,closed,complete_native,g6_required,Native + external library,"PR #271 / merge commit 1ba6475 constructs the Kamaishi corridor, CRS target, terrain conditioning and nearshore interface in cases/kamaishi_delivery/case_spec.json and tools/cases/kamaishi_delivery.py.",,No automatic issue mutation; preserve current state.
SWE-GEO-COR-WP1-T3,201,[SWE-GEO-COR-WP1-T3] Export Kamaishi and Sendai sample corridor polygons with provenance.,Task,SWE-GEO-COR-WP1,closed,complete_native,g6_required,Native + external library,"PR #271 / merge commit 1ba6475 constructs the Kamaishi corridor, CRS target, terrain conditioning and nearshore interface in cases/kamaishi_delivery/case_spec.json and tools/cases/kamaishi_delivery.py.",,No automatic issue mutation; preserve current state.
SWE-GEO-TER-WP1,202,[SWE-GEO-TER-WP1] Implement G1 terrain conditioning,Work Package,SWE-GEO-TER,closed,complete_native,g6_required,Native + external library,"PR #271 / merge commit 1ba6475 constructs the Kamaishi corridor, CRS target, terrain conditioning and nearshore interface in cases/kamaishi_delivery/case_spec.json and tools/cases/kamaishi_delivery.py.",,No automatic issue mutation; preserve current state.
SWE-GEO-TER-WP1-T1,203,[SWE-GEO-TER-WP1-T1] Clip sample bathymetry/topography to the corridor.,Task,SWE-GEO-TER-WP1,closed,complete_native,g6_required,Native + external library,"PR #271 / merge commit 1ba6475 constructs the Kamaishi corridor, CRS target, terrain conditioning and nearshore interface in cases/kamaishi_delivery/case_spec.json and tools/cases/kamaishi_delivery.py.",,No automatic issue mutation; preserve current state.
SWE-GEO-TER-WP1-T2,204,"[SWE-GEO-TER-WP1-T2] Handle nodata, merging and resampling with explicit policies.",Task,SWE-GEO-TER-WP1,closed,complete_native,g6_required,Native + external library,"PR #271 / merge commit 1ba6475 constructs the Kamaishi corridor, CRS target, terrain conditioning and nearshore interface in cases/kamaishi_delivery/case_spec.json and tools/cases/kamaishi_delivery.py.",,No automatic issue mutation; preserve current state.
SWE-GEO-TER-WP1-T3,205,[SWE-GEO-TER-WP1-T3] Export a conditioned terrain fixture with lineage metadata.,Task,SWE-GEO-TER-WP1,closed,complete_native,g6_required,Native + external library,"PR #271 / merge commit 1ba6475 constructs the Kamaishi corridor, CRS target, terrain conditioning and nearshore interface in cases/kamaishi_delivery/case_spec.json and tools/cases/kamaishi_delivery.py.",,No automatic issue mutation; preserve current state.
SWE-GEO-MSH-WP1,206,[SWE-GEO-MSH-WP1] Implement the tagged Gmsh import workflow,Work Package,SWE-GEO-MSH,closed,complete_native,g6_required,Native + external library,"PR #271 / merge commit 1ba6475 constructs the Kamaishi corridor, CRS target, terrain conditioning and nearshore interface in cases/kamaishi_delivery/case_spec.json and tools/cases/kamaishi_delivery.py.",,No automatic issue mutation; preserve current state.
SWE-GEO-MSH-WP1-T1,207,[SWE-GEO-MSH-WP1-T1] Define the G1 Gmsh physical-group naming convention.,Task,SWE-GEO-MSH-WP1,closed,complete_native,g6_required,Native + external library,"PR #271 / merge commit 1ba6475 constructs the Kamaishi corridor, CRS target, terrain conditioning and nearshore interface in cases/kamaishi_delivery/case_spec.json and tools/cases/kamaishi_delivery.py.",,No automatic issue mutation; preserve current state.
SWE-GEO-MSH-WP1-T2,208,"[SWE-GEO-MSH-WP1-T2] Import nodes, elements and physical tags into canonical adapter records.",Task,SWE-GEO-MSH-WP1,closed,complete_native,g6_required,Native + external library,"PR #271 / merge commit 1ba6475 constructs the Kamaishi corridor, CRS target, terrain conditioning and nearshore interface in cases/kamaishi_delivery/case_spec.json and tools/cases/kamaishi_delivery.py.",,No automatic issue mutation; preserve current state.
SWE-GEO-MSH-WP1-T3,209,[SWE-GEO-MSH-WP1-T3] Transfer the fixture into the shared FVM topology.,Task,SWE-GEO-MSH-WP1,closed,complete_native,g6_required,Native + external library,"PR #271 / merge commit 1ba6475 constructs the Kamaishi corridor, CRS target, terrain conditioning and nearshore interface in cases/kamaishi_delivery/case_spec.json and tools/cases/kamaishi_delivery.py.",,No automatic issue mutation; preserve current state.
SWE-GEO-TAG-WP1,210,[SWE-GEO-TAG-WP1] Implement canonical region and boundary tagging,Work Package,SWE-GEO-TAG,open,partial,g6_required,Native + external library,"PR #271 / merge commit 1ba6475 constructs the Kamaishi corridor, CRS target, terrain conditioning and nearshore interface in cases/kamaishi_delivery/case_spec.json and tools/cases/kamaishi_delivery.py.",acceptance evidence remains to be produced in the owning workstream,No automatic issue mutation; preserve current state.
SWE-GEO-TAG-WP1-T1,211,"[SWE-GEO-TAG-WP1-T1] Define terrain, inlet, outlet, side, top, barrier and material tag semantics.",Task,SWE-GEO-TAG-WP1,open,partial,g6_required,Native + external library,"PR #271 / merge commit 1ba6475 constructs the Kamaishi corridor, CRS target, terrain conditioning and nearshore interface in cases/kamaishi_delivery/case_spec.json and tools/cases/kamaishi_delivery.py.",acceptance evidence remains to be produced in the owning workstream,No automatic issue mutation; preserve current state.
SWE-GEO-TAG-WP1-T2,212,[SWE-GEO-TAG-WP1-T2] Validate required/forbidden tag combinations for 2D and 3D meshes.,Task,SWE-GEO-TAG-WP1,open,partial,g6_required,Native + external library,"PR #271 / merge commit 1ba6475 constructs the Kamaishi corridor, CRS target, terrain conditioning and nearshore interface in cases/kamaishi_delivery/case_spec.json and tools/cases/kamaishi_delivery.py.",acceptance evidence remains to be produced in the owning workstream,No automatic issue mutation; preserve current state.
SWE-GEO-TAG-WP1-T3,213,[SWE-GEO-TAG-WP1-T3] Persist tags through HDF5/XDMF export.,Task,SWE-GEO-TAG-WP1,open,partial,g6_required,Native + external library,"PR #271 / merge commit 1ba6475 constructs the Kamaishi corridor, CRS target, terrain conditioning and nearshore interface in cases/kamaishi_delivery/case_spec.json and tools/cases/kamaishi_delivery.py.",acceptance evidence remains to be produced in the owning workstream,No automatic issue mutation; preserve current state.
SWE-GEO-BAR-WP1,214,[SWE-GEO-BAR-WP1] Implement method-neutral rigid barrier descriptors,Work Package,SWE-GEO-BAR,open,partial,g6_required,Native + external library,"PR #271 / merge commit 1ba6475 constructs the Kamaishi corridor, CRS target, terrain conditioning and nearshore interface in cases/kamaishi_delivery/case_spec.json and tools/cases/kamaishi_delivery.py.",acceptance evidence remains to be produced in the owning workstream,No automatic issue mutation; preserve current state.
SWE-GEO-BAR-WP1-T1,215,[SWE-GEO-BAR-WP1-T1] Define wall-type and obstacle/dissipating-class descriptors.,Task,SWE-GEO-BAR-WP1,open,partial,g6_required,Native + external library,"PR #271 / merge commit 1ba6475 constructs the Kamaishi corridor, CRS target, terrain conditioning and nearshore interface in cases/kamaishi_delivery/case_spec.json and tools/cases/kamaishi_delivery.py.",acceptance evidence remains to be produced in the owning workstream,No automatic issue mutation; preserve current state.
SWE-GEO-BAR-WP1-T2,216,"[SWE-GEO-BAR-WP1-T2] Define placement, orientation, dimensions and case-reference metadata.",Task,SWE-GEO-BAR-WP1,open,partial,g6_required,Native + external library,"PR #271 / merge commit 1ba6475 constructs the Kamaishi corridor, CRS target, terrain conditioning and nearshore interface in cases/kamaishi_delivery/case_spec.json and tools/cases/kamaishi_delivery.py.",acceptance evidence remains to be produced in the owning workstream,No automatic issue mutation; preserve current state.
SWE-GEO-BAR-WP1-T3,217,[SWE-GEO-BAR-WP1-T3] Attach a sample rigid barrier descriptor to the G1 case without selecting IBM/cut-cell methods.,Task,SWE-GEO-BAR-WP1,open,partial,g6_required,Native + external library,"PR #271 / merge commit 1ba6475 constructs the Kamaishi corridor, CRS target, terrain conditioning and nearshore interface in cases/kamaishi_delivery/case_spec.json and tools/cases/kamaishi_delivery.py.",acceptance evidence remains to be produced in the owning workstream,No automatic issue mutation; preserve current state.
SWE-GEO-CHK-WP1,218,"[SWE-GEO-CHK-WP1] Implement corridor, geometry and mesh checks",Work Package,SWE-GEO-CHK,closed,complete_native,g6_required,Native + external library,"PR #271 / merge commit 1ba6475 constructs the Kamaishi corridor, CRS target, terrain conditioning and nearshore interface in cases/kamaishi_delivery/case_spec.json and tools/cases/kamaishi_delivery.py.",,No automatic issue mutation; preserve current state.
SWE-GEO-CHK-WP1-T1,219,"[SWE-GEO-CHK-WP1-T1] Check corridor validity, raster coverage and CRS consistency.",Task,SWE-GEO-CHK-WP1,closed,complete_native,g6_required,Native + external library,"PR #271 / merge commit 1ba6475 constructs the Kamaishi corridor, CRS target, terrain conditioning and nearshore interface in cases/kamaishi_delivery/case_spec.json and tools/cases/kamaishi_delivery.py.",,No automatic issue mutation; preserve current state.
SWE-GEO-CHK-WP1-T2,220,"[SWE-GEO-CHK-WP1-T2] Check mesh topology, face orientation, positive measures and required patches.",Task,SWE-GEO-CHK-WP1,closed,complete_native,g6_required,Native + external library,"PR #271 / merge commit 1ba6475 constructs the Kamaishi corridor, CRS target, terrain conditioning and nearshore interface in cases/kamaishi_delivery/case_spec.json and tools/cases/kamaishi_delivery.py.",,No automatic issue mutation; preserve current state.
SWE-GEO-CHK-WP1-T3,221,[SWE-GEO-CHK-WP1-T3] Emit structured diagnostics consumable by CLI and Qt.,Task,SWE-GEO-CHK-WP1,closed,complete_native,g6_required,Native + external library,"PR #271 / merge commit 1ba6475 constructs the Kamaishi corridor, CRS target, terrain conditioning and nearshore interface in cases/kamaishi_delivery/case_spec.json and tools/cases/kamaishi_delivery.py.",,No automatic issue mutation; preserve current state.
SWE-GUI-CAS-WP1,222,[SWE-GUI-CAS-WP1] Expose G1 case and manifest inspection,Work Package,SWE-GUI-CAS,open,deferred,excluded_from_current_scope,Deferred,No complete acceptance evidence identified in this G6 audit; issue remains open or outside the current gate.,deferred until after theoretical-model gate and calibration readiness,Keep open if open; mark deferred/excluded in reconciliation ledger and Project fields where supported.
SWE-GUI-CAS-WP1-T1,223,[SWE-GUI-CAS-WP1-T1] Load and display case-schema and dataset-manifest summaries.,Task,SWE-GUI-CAS-WP1,open,deferred,excluded_from_current_scope,Deferred,No complete acceptance evidence identified in this G6 audit; issue remains open or outside the current gate.,deferred until after theoretical-model gate and calibration readiness,Keep open if open; mark deferred/excluded in reconciliation ledger and Project fields where supported.
SWE-GUI-CAS-WP1-T2,224,[SWE-GUI-CAS-WP1-T2] Present validation errors with field and source context.,Task,SWE-GUI-CAS-WP1,open,deferred,excluded_from_current_scope,Deferred,No complete acceptance evidence identified in this G6 audit; issue remains open or outside the current gate.,deferred until after theoretical-model gate and calibration readiness,Keep open if open; mark deferred/excluded in reconciliation ledger and Project fields where supported.
SWE-GUI-CAS-WP1-T3,225,[SWE-GUI-CAS-WP1-T3] Expose generated artefact locations without implementing full editing.,Task,SWE-GUI-CAS-WP1,open,deferred,excluded_from_current_scope,Deferred,No complete acceptance evidence identified in this G6 audit; issue remains open or outside the current gate.,deferred until after theoretical-model gate and calibration readiness,Keep open if open; mark deferred/excluded in reconciliation ledger and Project fields where supported.
SWE-GUI-VIS-WP1,226,[SWE-GUI-VIS-WP1] Expose the G1 mesh/field result,Work Package,SWE-GUI-VIS,open,deferred,excluded_from_current_scope,Deferred,No complete acceptance evidence identified in this G6 audit; issue remains open or outside the current gate.,deferred until after theoretical-model gate and calibration readiness,Keep open if open; mark deferred/excluded in reconciliation ledger and Project fields where supported.
SWE-GUI-VIS-WP1-T1,227,[SWE-GUI-VIS-WP1-T1] Catalogue the generated HDF5/XDMF result.,Task,SWE-GUI-VIS-WP1,open,deferred,excluded_from_current_scope,Deferred,No complete acceptance evidence identified in this G6 audit; issue remains open or outside the current gate.,deferred until after theoretical-model gate and calibration readiness,Keep open if open; mark deferred/excluded in reconciliation ledger and Project fields where supported.
SWE-GUI-VIS-WP1-T2,228,[SWE-GUI-VIS-WP1-T2] Display a lightweight metadata/mesh summary in the Qt shell.,Task,SWE-GUI-VIS-WP1,open,deferred,excluded_from_current_scope,Deferred,No complete acceptance evidence identified in this G6 audit; issue remains open or outside the current gate.,deferred until after theoretical-model gate and calibration readiness,Keep open if open; mark deferred/excluded in reconciliation ledger and Project fields where supported.
SWE-GUI-VIS-WP1-T3,229,[SWE-GUI-VIS-WP1-T3] Provide a controlled ParaView hand-off for the XDMF output.,Task,SWE-GUI-VIS-WP1,open,deferred,excluded_from_current_scope,Deferred,No complete acceptance evidence identified in this G6 audit; issue remains open or outside the current gate.,deferred until after theoretical-model gate and calibration readiness,Keep open if open; mark deferred/excluded in reconciliation ledger and Project fields where supported.
SWE-VER-REG-WP1,230,[SWE-VER-REG-WP1] Implement G1 round-trip and regression tests,Work Package,SWE-VER-REG,open,partial,g6_required,Deferred,No complete acceptance evidence identified in this G6 audit; issue remains open or outside the current gate.,acceptance evidence remains to be produced in the owning workstream,No automatic issue mutation; preserve current state.
SWE-VER-REG-WP1-T1,231,[SWE-VER-REG-WP1-T1] Create case/manifest/schema round-trip tests.,Task,SWE-VER-REG-WP1,open,partial,g6_required,Deferred,No complete acceptance evidence identified in this G6 audit; issue remains open or outside the current gate.,acceptance evidence remains to be produced in the owning workstream,No automatic issue mutation; preserve current state.
SWE-VER-REG-WP1-T2,232,[SWE-VER-REG-WP1-T2] Create mesh/tag/field HDF5 reference checks.,Task,SWE-VER-REG-WP1,open,partial,g6_required,Deferred,No complete acceptance evidence identified in this G6 audit; issue remains open or outside the current gate.,acceptance evidence remains to be produced in the owning workstream,No automatic issue mutation; preserve current state.
SWE-VER-REG-WP1-T3,233,[SWE-VER-REG-WP1-T3] Create a deterministic vertical-slice regression fixture.,Task,SWE-VER-REG-WP1,closed,complete_native,g6_required,Native,Issue is already closed with state_reason=completed; existing closure evidence is retained in GitHub comments or linked PRs where available.,,No automatic issue mutation; preserve current state.
